epoch,avg_epoch_reward,avg_green_reward,avg_wait_reward
1,-0.22578468805024088,-0.22578468805024088,-60882.95009595358
