job_id,decision_timestamp,action1,action2,window_start_time,window_duration_hours,carbon_intensity_min,carbon_intensity_max,carbon_intensity_avg,carbon_intensity_std,job_power,job_runtime,job_processors,job_carbon_consideration,queue_length_at_decision,running_jobs_count,emissions_if_immediate,worst_case_emissions,worst_case_intensity,error,carbon_intensity_hour_0,carbon_intensity_hour_1,carbon_intensity_hour_2,carbon_intensity_hour_3,carbon_intensity_hour_4,carbon_intensity_hour_5,carbon_intensity_hour_6,carbon_intensity_hour_7,carbon_intensity_hour_8,carbon_intensity_hour_9,carbon_intensity_hour_10,carbon_intensity_hour_11,carbon_intensity_hour_12,carbon_intensity_hour_13,carbon_intensity_hour_14,carbon_intensity_hour_15,carbon_intensity_hour_16,carbon_intensity_hour_17,carbon_intensity_hour_18,carbon_intensity_hour_19,carbon_intensity_hour_20,carbon_intensity_hour_21,carbon_intensity_hour_22,carbon_intensity_hour_23,last_time_hour_0,last_time_hour_1,last_time_hour_2,last_time_hour_3,last_time_hour_4,last_time_hour_5,last_time_hour_6,last_time_hour_7,last_time_hour_8,last_time_hour_9,last_time_hour_10,last_time_hour_11,last_time_hour_12,last_time_hour_13,last_time_hour_14,last_time_hour_15,last_time_hour_16,last_time_hour_17,last_time_hour_18,last_time_hour_19,last_time_hour_20,last_time_hour_21,last_time_hour_22,last_time_hour_23
4746,3780982,0,10,3780982,24,51.38,128.59,68.15625,18.832417045372413,4000.0,152,8,0.531561,1,0,10.059022222222223,0.9169578271604939,5.4293555555555555,,59.56,53.65,59.84,57.09,67.71,66.44,128.59,112.39,59.94,84.87,96.72,72.4,69.8,58.99,64.53,57.17,51.53,53.37,66.94,63.81,51.38,58.53,58.25,62.25,2618,3600,3600,3600,3600,3600,3600,3600,3600,3600,3600,3600,3600,3600,3600,3600,3600,3600,3600,3600,3600,3600,3600,3600
4783,3802582,8,10,3802582,24,51.38,128.59,68.15624999999999,18.832417045372413,500.0,9878,1,0.909735,11,1,133.62900277777777,467.5390097515432,340.7856722222222,,128.59,112.39,59.94,84.87,96.72,72.4,69.8,58.99,64.53,57.17,51.53,53.37,66.94,63.81,51.38,58.53,58.25,62.25,59.56,53.65,59.84,57.09,67.71,66.44,2618,3600,3600,3600,3600,3600,3600,3600,3600,3600,3600,3600,3600,3600,3600,3600,3600,3600,3600,3600,3600,3600,3600,3600
4779,3824182,0,0,3824182,24,51.38,128.59,68.15625000000001,18.832417045372413,8000.0,40203,16,0.227428,2,1,5301.339222222222,81377.85615450001,910.878175,,69.8,58.99,64.53,57.17,51.53,53.37,66.94,63.81,51.38,58.53,58.25,62.25,59.56,53.65,59.84,57.09,67.71,66.44,128.59,112.39,59.94,84.87,96.72,72.4,2618,3600,3600,3600,3600,3600,3600,3600,3600,3600,3600,3600,3600,3600,3600,3600,3600,3600,3600,3600,3600,3600,3600,3600
4790,3824182,0,2,3824182,24,51.38,128.59,68.15625000000001,18.832417045372413,500.0,41961,1,0.862588,1,2,346.5330763888889,5490.123186072918,942.0387250000001,,69.8,58.99,64.53,57.17,51.53,53.37,66.94,63.81,51.38,58.53,58.25,62.25,59.56,53.65,59.84,57.09,67.71,66.44,128.59,112.39,59.94,84.87,96.72,72.4,2618,3600,3600,3600,3600,3600,3600,3600,3600,3600,3600,3600,3600,3600,3600,3600,3600,3600,3600,3600,3600,3600,3600,3600
4799,3833421,0,10,3833421,24,51.38,128.59,68.15625000000001,18.832417045372413,500.0,16,1,0.917112,1,3,0.1434,0.0012700246913580247,0.5715111111111111,,64.53,57.17,51.53,53.37,66.94,63.81,51.38,58.53,58.25,62.25,59.56,53.65,59.84,57.09,67.71,66.44,128.59,112.39,59.94,84.87,96.72,72.4,69.8,58.99,579,3600,3600,3600,3600,3600,3600,3600,3600,3600,3600,3600,3600,3600,3600,3600,3600,3600,3600,3600,3600,3600,3600,3600
4842,3855021,3,10,3855021,24,51.38,128.59,68.15625,18.832417045372413,8000.0,17564,16,0.742367,17,3,2283.0183777777775,18976.986937283953,486.2015555555556,,51.38,58.53,58.25,62.25,59.56,53.65,59.84,57.09,67.71,66.44,128.59,112.39,59.94,84.87,96.72,72.4,69.8,58.99,64.53,57.17,51.53,53.37,66.94,63.81,579,3600,3600,3600,3600,3600,3600,3600,3600,3600,3600,3600,3600,3600,3600,3600,3600,3600,3600,3600,3600,3600,3600,3600
4831,3876621,1,7,3876621,24,51.38,128.59,68.15625,18.832417045372413,32000.0,16355,64,0.712019,7,1,11917.19111111111,67148.13795061728,461.88722222222225,,59.84,57.09,67.71,66.44,128.59,112.39,59.94,84.87,96.72,72.4,69.8,58.99,64.53,57.17,51.53,53.37,66.94,63.81,51.38,58.53,58.25,62.25,59.56,53.65,579,3600,3600,3600,3600,3600,3600,3600,3600,3600,3600,3600,3600,3600,3600,3600,3600,3600,3600,3600,3600,3600,3600,3600
4866,3878821,3,10,3878821,24,51.38,128.59,68.15624999999999,18.832417045372413,17000.0,31092,34,0.82701,6,2,12350.710186111113,108901.82237644444,741.7201333333334,,57.09,67.71,66.44,128.59,112.39,59.94,84.87,96.72,72.4,69.8,58.99,64.53,57.17,51.53,53.37,66.94,63.81,51.38,58.53,58.25,62.25,59.56,53.65,59.84,1979,3600,3600,3600,3600,3600,3600,3600,3600,3600,3600,3600,3600,3600,3600,3600,3600,3600,3600,3600,3600,3600,3600,3600
4804,3900421,0,10,3900421,24,51.38,128.59,68.15625000000001,18.832417045372413,64000.0,22609,128,0.317598,4,1,28855.09031111111,240922.86612246916,599.4033888888889,,84.87,96.72,72.4,69.8,58.99,64.53,57.17,51.53,53.37,66.94,63.81,51.38,58.53,58.25,62.25,59.56,53.65,59.84,57.09,67.71,66.44,128.59,112.39,59.94,1979,3600,3600,3600,3600,3600,3600,3600,3600,3600,3600,3600,3600,3600,3600,3600,3600,3600,3600,3600,3600,3600,3600,3600
4904,3922021,4,7,3922021,24,51.38,128.59,68.15625,18.832417045372413,64000.0,9558,128,0.796486,13,2,9175.99448888889,51712.025471999994,304.3316,,57.17,51.53,53.37,66.94,63.81,51.38,58.53,58.25,62.25,59.56,53.65,59.84,57.09,67.71,66.44,128.59,112.39,59.94,84.87,96.72,72.4,69.8,58.99,64.53,1979,3600,3600,3600,3600,3600,3600,3600,3600,3600,3600,3600,3600,3600,3600,3600,3600,3600,3600,3600,3600,3600,3600,3600
4955,3931513,16,10,3931513,24,51.38,128.59,68.15625000000001,18.832417045372413,59500.0,5641,119,0.853829,22,2,6119.253038888888,17929.571772191746,192.30888611111112,,66.94,63.81,51.38,58.53,58.25,62.25,59.56,53.65,59.84,57.09,67.71,66.44,128.59,112.39,59.94,84.87,96.72,72.4,69.8,58.99,64.53,57.17,51.53,53.37,3287,3600,3600,3600,3600,3600,3600,3600,3600,3600,3600,3600,3600,3600,3600,3600,3600,3600,3600,3600,3600,3600,3600,3600
4953,3953113,11,10,3953113,24,51.38,128.59,68.15625,18.832417045372413,64000.0,16639,128,0.653277,25,1,17469.469155555555,138317.79668345684,467.59877777777785,,59.56,53.65,59.84,57.09,67.71,66.44,128.59,112.39,59.94,84.87,96.72,72.4,69.8,58.99,64.53,57.17,51.53,53.37,66.94,63.81,51.38,58.53,58.25,62.25,3287,3600,3600,3600,3600,3600,3600,3600,3600,3600,3600,3600,3600,3600,3600,3600,3600,3600,3600,3600,3600,3600,3600,3600
4992,3974713,12,10,3974713,24,51.38,128.59,68.15624999999999,18.832417045372413,128000.0,9369,256,0.688654,17,1,34704.01457777778,108229.01407200002,324.89497500000004,,128.59,112.39,59.94,84.87,96.72,72.4,69.8,58.99,64.53,57.17,51.53,53.37,66.94,63.81,51.38,58.53,58.25,62.25,59.56,53.65,59.84,57.09,67.71,66.44,3287,3600,3600,3600,3600,3600,3600,3600,3600,3600,3600,3600,3600,3600,3600,3600,3600,3600,3600,3600,3600,3600,3600,3600
4905,3996313,3,10,3996313,24,51.38,128.59,68.15625000000001,18.832417045372413,128000.0,6946,256,0.718375,21,1,15843.693155555555,57556.16404187655,233.05026111111113,,69.8,58.99,64.53,57.17,51.53,53.37,66.94,63.81,51.38,58.53,58.25,62.25,59.56,53.65,59.84,57.09,67.71,66.44,128.59,112.39,59.94,84.87,96.72,72.4,3287,3600,3600,3600,3600,3600,3600,3600,3600,3600,3600,3600,3600,3600,3600,3600,3600,3600,3600,3600,3600,3600,3600,3600
5123,4017913,36,0,4017913,24,51.38,128.59,68.15625000000001,18.832417045372413,8000.0,12180,16,0.273637,39,1,1630.682377777778,10020.986733333335,370.23350000000005,,66.94,63.81,51.38,58.53,58.25,62.25,59.56,53.65,59.84,57.09,67.71,66.44,128.59,112.39,59.94,84.87,96.72,72.4,69.8,58.99,64.53,57.17,51.53,53.37,3287,3600,3600,3600,3600,3600,3600,3600,3600,3600,3600,3600,3600,3600,3600,3600,3600,3600,3600,3600,3600,3600,3600,3600
5111,4024859,31,10,4024859,24,51.38,128.59,68.15625,18.832417045372413,128000.0,13362,256,0.658984,59,1,27217.842844444443,189134.25217066667,398.09915,,51.38,58.53,58.25,62.25,59.56,53.65,59.84,57.09,67.71,66.44,128.59,112.39,59.94,84.87,96.72,72.4,69.8,58.99,64.53,57.17,51.53,53.37,66.94,63.81,3541,3600,3600,3600,3600,3600,3600,3600,3600,3600,3600,3600,3600,3600,3600,3600,3600,3600,3600,3600,3600,3600,3600,3600
5044,4046459,14,10,4046459,24,51.38,128.59,68.15625,18.832417045372413,128000.0,17425,256,0.536968,42,1,46113.031111111115,299496.94172839506,483.40611111111116,,59.84,57.09,67.71,66.44,128.59,112.39,59.94,84.87,96.72,72.4,69.8,58.99,64.53,57.17,51.53,53.37,66.94,63.81,51.38,58.53,58.25,62.25,59.56,53.65,3541,3600,3600,3600,3600,3600,3600,3600,3600,3600,3600,3600,3600,3600,3600,3600,3600,3600,3600,3600,3600,3600,3600,3600
5238,4068059,40,10,4068059,24,51.38,128.59,68.15625,18.832417045372413,8000.0,8311,16,0.570276,42,1,1402.0932,5001.90824637037,270.82886666666667,,59.94,84.87,96.72,72.4,69.8,58.99,64.53,57.17,51.53,53.37,66.94,63.81,51.38,58.53,58.25,62.25,59.56,53.65,59.84,57.09,67.71,66.44,128.59,112.39,3541,3600,3600,3600,3600,3600,3600,3600,3600,3600,3600,3600,3600,3600,3600,3600,3600,3600,3600,3600,3600,3600,3600,3600
5150,4089659,24,10,4089659,24,51.38,128.59,68.15625000000001,18.832417045372413,32000.0,16264,64,0.312441,55,1,8361.585333333334,66509.94537876545,460.05711111111117,,64.53,57.17,51.53,53.37,66.94,63.81,51.38,58.53,58.25,62.25,59.56,53.65,59.84,57.09,67.71,66.44,128.59,112.39,59.94,84.87,96.72,72.4,69.8,58.99,3541,3600,3600,3600,3600,3600,3600,3600,3600,3600,3600,3600,3600,3600,3600,3600,3600,3600,3600,3600,3600,3600,3600,3600
5046,4111259,14,10,4111259,24,51.38,128.59,68.15625,18.832417045372413,20500.0,18562,41,0.783989,49,1,6116.842559722221,53470.23544070989,505.86655555555564,,51.38,58.53,58.25,62.25,59.56,53.65,59.84,57.09,67.71,66.44,128.59,112.39,59.94,84.87,96.72,72.4,69.8,58.99,64.53,57.17,51.53,53.37,66.94,63.81,3541,3600,3600,3600,3600,3600,3600,3600,3600,3600,3600,3600,3600,3600,3600,3600,3600,3600,3600,3600,3600,3600,3600,3600
5386,4132859,55,10,4132859,24,51.38,128.59,68.15625,18.832417045372413,500.0,7312,1,0.398745,56,1,59.58275694444445,247.78445214814815,243.98906666666667,,59.84,57.09,67.71,66.44,128.59,112.39,59.94,84.87,96.72,72.4,69.8,58.99,64.53,57.17,51.53,53.37,66.94,63.81,51.38,58.53,58.25,62.25,59.56,53.65,3541,3600,3600,3600,3600,3600,3600,3600,3600,3600,3600,3600,3600,3600,3600,3600,3600,3600,3600,3600,3600,3600,3600,3600
4959,4154459,8,10,4154459,24,51.38,128.59,68.15625,18.832417045372413,4000.0,27468,8,0.920385,43,1,2172.886811111111,20590.385144,674.6522,,59.94,84.87,96.72,72.4,69.8,58.99,64.53,57.17,51.53,53.37,66.94,63.81,51.38,58.53,58.25,62.25,59.56,53.65,59.84,57.09,67.71,66.44,128.59,112.39,3541,3600,3600,3600,3600,3600,3600,3600,3600,3600,3600,3600,3600,3600,3600,3600,3600,3600,3600,3600,3600,3600,3600,3600
5105,4176059,12,10,4176059,24,51.38,128.59,68.15625000000001,18.832417045372413,108000.0,38791,216,0.687052,39,1,68456.2419,1024569.6246577501,880.4186750000001,,64.53,57.17,51.53,53.37,66.94,63.81,51.38,58.53,58.25,62.25,59.56,53.65,59.84,57.09,67.71,66.44,128.59,112.39,59.94,84.87,96.72,72.4,69.8,58.99,3541,3600,3600,3600,3600,3600,3600,3600,3600,3600,3600,3600,3600,3600,3600,3600,3600,3600,3600,3600,3600,3600,3600,3600
5178,4197659,17,10,4197659,24,51.38,128.59,68.15625,18.832417045372413,64000.0,22086,128,0.475334,36,2,22517.5712,225340.356144,573.91085,,51.38,58.53,58.25,62.25,59.56,53.65,59.84,57.09,67.71,66.44,128.59,112.39,59.94,84.87,96.72,72.4,69.8,58.99,64.53,57.17,51.53,53.37,66.94,63.81,3541,3600,3600,3600,3600,3600,3600,3600,3600,3600,3600,3600,3600,3600,3600,3600,3600,3600,3600,3600,3600,3600,3600,3600
5323,4236450,20,10,4236450,24,51.38,128.59,68.15624999999999,18.832417045372413,128000.0,17749,256,0.798098,24,1,55421.230222222235,344089.3240382222,545.242675,,128.59,112.39,59.94,84.87,96.72,72.4,69.8,58.99,64.53,57.17,51.53,53.37,66.94,63.81,51.38,58.53,58.25,62.25,59.56,53.65,59.84,57.09,67.71,66.44,750,3600,3600,3600,3600,3600,3600,3600,3600,3600,3600,3600,3600,3600,3600,3600,3600,3600,3600,3600,3600,3600,3600,3600
4998,4258536,6,10,4258536,24,51.38,128.59,68.15625000000001,18.832417045372413,67500.0,14632,135,0.525391,22,1,15989.442000000001,117212.13563333337,427.23577777777786,,69.8,58.99,64.53,57.17,51.53,53.37,66.94,63.81,51.38,58.53,58.25,62.25,59.56,53.65,59.84,57.09,67.71,66.44,128.59,112.39,59.94,84.87,96.72,72.4,264,3600,3600,3600,3600,3600,3600,3600,3600,3600,3600,3600,3600,3600,3600,3600,3600,3600,3600,3600,3600,3600,3600,3600
5171,4280136,9,10,4280136,24,51.38,128.59,68.15625000000001,18.832417045372413,32000.0,25627,64,0.392077,33,1,13281.547377777777,145884.7904574321,640.4198277777778,,66.94,63.81,51.38,58.53,58.25,62.25,59.56,53.65,59.84,57.09,67.71,66.44,128.59,112.39,59.94,84.87,96.72,72.4,69.8,58.99,64.53,57.17,51.53,53.37,264,3600,3600,3600,3600,3600,3600,3600,3600,3600,3600,3600,3600,3600,3600,3600,3600,3600,3600,3600,3600,3600,3600,3600
5446,4301736,28,10,4301736,24,51.38,128.59,68.15625,18.832417045372413,128000.0,5326,256,0.967166,33,1,10536.886044444444,34555.04276187654,182.4747611111111,,59.56,53.65,59.84,57.09,67.71,66.44,128.59,112.39,59.94,84.87,96.72,72.4,69.8,58.99,64.53,57.17,51.53,53.37,66.94,63.81,51.38,58.53,58.25,62.25,264,3600,3600,3600,3600,3600,3600,3600,3600,3600,3600,3600,3600,3600,3600,3600,3600,3600,3600,3600,3600,3600,3600,3600
5452,4327363,21,7,4327363,24,51.38,128.59,68.15625,18.832417045372413,107000.0,20307,214,0.638781,25,1,45099.402655555554,325746.3798448611,539.7001666666666,,59.94,84.87,96.72,72.4,69.8,58.99,64.53,57.17,51.53,53.37,66.94,63.81,51.38,58.53,58.25,62.25,59.56,53.65,59.84,57.09,67.71,66.44,128.59,112.39,3437,3600,3600,3600,3600,3600,3600,3600,3600,3600,3600,3600,3600,3600,3600,3600,3600,3600,3600,3600,3600,3600,3600,3600
5225,4332689,8,10,4332689,24,51.38,128.59,68.15625000000001,18.832417045372413,16000.0,26028,32,0.817034,24,1,7981.402577777779,76951.874544,665.2133,,84.87,96.72,72.4,69.8,58.99,64.53,57.17,51.53,53.37,66.94,63.81,51.38,58.53,58.25,62.25,59.56,53.65,59.84,57.09,67.71,66.44,128.59,112.39,59.94,1711,3600,3600,3600,3600,3600,3600,3600,3600,3600,3600,3600,3600,3600,3600,3600,3600,3600,3600,3600,3600,3600,3600,3600
5438,4354289,17,10,4354289,24,51.38,128.59,68.15625,18.832417045372413,64000.0,14516,128,0.638083,22,1,15011.216355555556,109651.38373530864,424.9028888888889,,57.17,51.53,53.37,66.94,63.81,51.38,58.53,58.25,62.25,59.56,53.65,59.84,57.09,67.71,66.44,128.59,112.39,59.94,84.87,96.72,72.4,69.8,58.99,64.53,1711,3600,3600,3600,3600,3600,3600,3600,3600,3600,3600,3600,3600,3600,3600,3600,3600,3600,3600,3600,3600,3600,3600,3600
5305,4375889,12,10,4375889,24,51.38,128.59,68.15625,18.832417045372413,64000.0,22884,128,0.704883,25,2,23787.936,239588.31985066665,588.9199,,58.53,58.25,62.25,59.56,53.65,59.84,57.09,67.71,66.44,128.59,112.39,59.94,84.87,96.72,72.4,69.8,58.99,64.53,57.17,51.53,53.37,66.94,63.81,51.38,1711,3600,3600,3600,3600,3600,3600,3600,3600,3600,3600,3600,3600,3600,3600,3600,3600,3600,3600,3600,3600,3600,3600,3600
5441,4397489,16,10,4397489,24,51.38,128.59,68.15624999999999,18.832417045372413,128000.0,7198,256,0.856441,22,1,16597.662933333333,61657.76372898766,240.91756111111113,,57.09,67.71,66.44,128.59,112.39,59.94,84.87,96.72,72.4,69.8,58.99,64.53,57.17,51.53,53.37,66.94,63.81,51.38,58.53,58.25,62.25,59.56,53.65,59.84,1711,3600,3600,3600,3600,3600,3600,3600,3600,3600,3600,3600,3600,3600,3600,3600,3600,3600,3600,3600,3600,3600,3600,3600
5422,4420373,13,9,4420373,24,51.38,128.59,68.15625000000001,18.832417045372413,128000.0,41367,256,0.547613,19,1,94527.06453333332,1392255.2164453333,946.580075,,84.87,96.72,72.4,69.8,58.99,64.53,57.17,51.53,53.37,66.94,63.81,51.38,58.53,58.25,62.25,59.56,53.65,59.84,57.09,67.71,66.44,128.59,112.39,59.94,427,3600,3600,3600,3600,3600,3600,3600,3600,3600,3600,3600,3600,3600,3600,3600,3600,3600,3600,3600,3600,3600,3600,3600
5450,4431173,15,10,4431173,24,51.38,128.59,68.15625000000001,18.832417045372413,128000.0,20306,256,0.466956,18,1,42087.42613333333,389644.7243930864,539.6807777777777,,69.8,58.99,64.53,57.17,51.53,53.37,66.94,63.81,51.38,58.53,58.25,62.25,59.56,53.65,59.84,57.09,67.71,66.44,128.59,112.39,59.94,84.87,96.72,72.4,427,3600,3600,3600,3600,3600,3600,3600,3600,3600,3600,3600,3600,3600,3600,3600,3600,3600,3600,3600,3600,3600,3600,3600
5529,4472540,46,10,4472540,24,51.38,128.59,68.15625,18.832417045372413,64000.0,7814,128,0.735324,108,1,7905.297066666667,35767.4401042963,257.47613333333334,,59.56,53.65,59.84,57.09,67.71,66.44,128.59,112.39,59.94,84.87,96.72,72.4,69.8,58.99,64.53,57.17,51.53,53.37,66.94,63.81,51.38,58.53,58.25,62.25,2260,3600,3600,3600,3600,3600,3600,3600,3600,3600,3600,3600,3600,3600,3600,3600,3600,3600,3600,3600,3600,3600,3600,3600
5595,4494140,54,10,4494140,24,51.38,128.59,68.15624999999999,18.832417045372413,16000.0,7032,32,0.925676,60,1,3402.075911111111,7850.185180444445,251.17913333333334,,128.59,112.39,59.94,84.87,96.72,72.4,69.8,58.99,64.53,57.17,51.53,53.37,66.94,63.81,51.38,58.53,58.25,62.25,59.56,53.65,59.84,57.09,67.71,66.44,2260,3600,3600,3600,3600,3600,3600,3600,3600,3600,3600,3600,3600,3600,3600,3600,3600,3600,3600,3600,3600,3600,3600,3600
5513,4515740,17,10,4515740,24,51.38,128.59,68.15625000000001,18.832417045372413,32000.0,41698,64,0.534626,45,1,22008.564444444444,347437.7620524445,937.37705,,69.8,58.99,64.53,57.17,51.53,53.37,66.94,63.81,51.38,58.53,58.25,62.25,59.56,53.65,59.84,57.09,67.71,66.44,128.59,112.39,59.94,84.87,96.72,72.4,2260,3600,3600,3600,3600,3600,3600,3600,3600,3600,3600,3600,3600,3600,3600,3600,3600,3600,3600,3600,3600,3600,3600,3600
5698,4537340,47,6,4537340,24,51.38,128.59,68.15625000000001,18.832417045372413,1000.0,10152,2,0.970136,49,1,168.4642111111111,903.2189279999999,320.2904,,66.94,63.81,51.38,58.53,58.25,62.25,59.56,53.65,59.84,57.09,67.71,66.44,128.59,112.39,59.94,84.87,96.72,72.4,69.8,58.99,64.53,57.17,51.53,53.37,2260,3600,3600,3600,3600,3600,3600,3600,3600,3600,3600,3600,3600,3600,3600,3600,3600,3600,3600,3600,3600,3600,3600,3600
5623,4538440,29,7,4538440,24,51.38,128.59,68.15625000000001,18.832417045372413,64000.0,10183,128,0.782583,50,2,10649.503822222221,58133.301768296296,321.12326666666667,,66.94,63.81,51.38,58.53,58.25,62.25,59.56,53.65,59.84,57.09,67.71,66.44,128.59,112.39,59.94,84.87,96.72,72.4,69.8,58.99,64.53,57.17,51.53,53.37,1160,3600,3600,3600,3600,3600,3600,3600,3600,3600,3600,3600,3600,3600,3600,3600,3600,3600,3600,3600,3600,3600,3600,3600
4867,4540640,1,0,4540640,24,51.38,128.59,68.15625000000001,18.832417045372413,32000.0,30113,64,0.042416,56,3,15556.821066666667,193700.77356138272,723.6521444444445,,63.81,51.38,58.53,58.25,62.25,59.56,53.65,59.84,57.09,67.71,66.44,128.59,112.39,59.94,84.87,96.72,72.4,69.8,58.99,64.53,57.17,51.53,53.37,66.94,2560,3600,3600,3600,3600,3600,3600,3600,3600,3600,3600,3600,3600,3600,3600,3600,3600,3600,3600,3600,3600,3600,3600,3600
5736,4548592,50,10,4548592,24,51.38,128.59,68.15625,18.832417045372413,10000.0,20619,20,0.479783,57,3,3358.06175,31257.8026125,545.7495,,58.53,58.25,62.25,59.56,53.65,59.84,57.09,67.71,66.44,128.59,112.39,59.94,84.87,96.72,72.4,69.8,58.99,64.53,57.17,51.53,53.37,66.94,63.81,51.38,1808,3600,3600,3600,3600,3600,3600,3600,3600,3600,3600,3600,3600,3600,3600,3600,3600,3600,3600,3600,3600,3600,3600,3600
5600,4570192,26,10,4570192,24,51.38,128.59,68.15624999999999,18.832417045372413,42500.0,23122,85,0.777662,47,3,23029.450208333332,161978.22963539354,593.3962833333334,,57.09,67.71,66.44,128.59,112.39,59.94,84.87,96.72,72.4,69.8,58.99,64.53,57.17,51.53,53.37,66.94,63.81,51.38,58.53,58.25,62.25,59.56,53.65,59.84,1808,3600,3600,3600,3600,3600,3600,3600,3600,3600,3600,3600,3600,3600,3600,3600,3600,3600,3600,3600,3600,3600,3600,3600
5632,4591792,29,10,4591792,24,51.38,128.59,68.15625000000001,18.832417045372413,103000.0,12531,206,0.539723,42,1,28845.217522222225,135705.0126442292,378.50832500000007,,84.87,96.72,72.4,69.8,58.99,64.53,57.17,51.53,53.37,66.94,63.81,51.38,58.53,58.25,62.25,59.56,53.65,59.84,57.09,67.71,66.44,128.59,112.39,59.94,1808,3600,3600,3600,3600,3600,3600,3600,3600,3600,3600,3600,3600,3600,3600,3600,3600,3600,3600,3600,3600,3600,3600,3600
5702,4614914,31,10,4614914,24,51.38,128.59,68.15625,18.832417045372413,128000.0,11498,256,0.489213,38,1,23511.620977777777,144785.00317511114,354.15535000000006,,57.17,51.53,53.37,66.94,63.81,51.38,58.53,58.25,62.25,59.56,53.65,59.84,57.09,67.71,66.44,128.59,112.39,59.94,84.87,96.72,72.4,69.8,58.99,64.53,286,3600,3600,3600,3600,3600,3600,3600,3600,3600,3600,3600,3600,3600,3600,3600,3600,3600,3600,3600,3600,3600,3600,3600
5747,4636514,34,10,4636514,24,51.38,128.59,68.15625,18.832417045372413,128000.0,15476,256,0.37042,36,1,32190.90417777778,244429.7629076543,444.2095555555556,,58.53,58.25,62.25,59.56,53.65,59.84,57.09,67.71,66.44,128.59,112.39,59.94,84.87,96.72,72.4,69.8,58.99,64.53,57.17,51.53,53.37,66.94,63.81,51.38,286,3600,3600,3600,3600,3600,3600,3600,3600,3600,3600,3600,3600,3600,3600,3600,3600,3600,3600,3600,3600,3600,3600,3600
5734,4658114,31,10,4658114,24,51.38,128.59,68.15624999999999,18.832417045372413,16000.0,39803,32,0.64764,34,1,14166.843333333334,158806.93076574078,897.7102083333334,,57.09,67.71,66.44,128.59,112.39,59.94,84.87,96.72,72.4,69.8,58.99,64.53,57.17,51.53,53.37,66.94,63.81,51.38,58.53,58.25,62.25,59.56,53.65,59.84,286,3600,3600,3600,3600,3600,3600,3600,3600,3600,3600,3600,3600,3600,3600,3600,3600,3600,3600,3600,3600,3600,3600,3600
5719,4679714,29,10,4679714,24,51.38,128.59,68.15625000000001,18.832417045372413,64000.0,12486,128,0.470653,33,1,17190.592355555556,83783.26863466667,377.44745000000006,,84.87,96.72,72.4,69.8,58.99,64.53,57.17,51.53,53.37,66.94,63.81,51.38,58.53,58.25,62.25,59.56,53.65,59.84,57.09,67.71,66.44,128.59,112.39,59.94,286,3600,3600,3600,3600,3600,3600,3600,3600,3600,3600,3600,3600,3600,3600,3600,3600,3600,3600,3600,3600,3600,3600,3600
5266,4701314,8,10,4701314,24,51.38,128.59,68.15625,18.832417045372413,8000.0,26900,16,0.662488,31,2,3462.4180444444446,39697.85765432099,664.0905555555556,,57.17,51.53,53.37,66.94,63.81,51.38,58.53,58.25,62.25,59.56,53.65,59.84,57.09,67.71,66.44,128.59,112.39,59.94,84.87,96.72,72.4,69.8,58.99,64.53,286,3600,3600,3600,3600,3600,3600,3600,3600,3600,3600,3600,3600,3600,3600,3600,3600,3600,3600,3600,3600,3600,3600,3600
5737,4722914,28,10,4722914,24,51.38,128.59,68.15625,18.832417045372413,64000.0,24541,128,0.304837,30,1,25934.464533333336,270533.57425437035,620.0853083333333,,58.53,58.25,62.25,59.56,53.65,59.84,57.09,67.71,66.44,128.59,112.39,59.94,84.87,96.72,72.4,69.8,58.99,64.53,57.17,51.53,53.37,66.94,63.81,51.38,286,3600,3600,3600,3600,3600,3600,3600,3600,3600,3600,3600,3600,3600,3600,3600,3600,3600,3600,3600,3600,3600,3600,3600
5558,4744514,18,10,4744514,24,51.38,128.59,68.15624999999999,18.832417045372413,16000.0,24945,32,0.47122,28,2,9706.569866666669,69589.21894166665,627.683875,,57.09,67.71,66.44,128.59,112.39,59.94,84.87,96.72,72.4,69.8,58.99,64.53,57.17,51.53,53.37,66.94,63.81,51.38,58.53,58.25,62.25,59.56,53.65,59.84,286,3600,3600,3600,3600,3600,3600,3600,3600,3600,3600,3600,3600,3600,3600,3600,3600,3600,3600,3600,3600,3600,3600,3600
5548,4766114,17,7,4766114,24,51.38,128.59,68.15625000000001,18.832417045372413,2000.0,26155,4,0.667316,27,2,975.6007500000002,9700.627344560184,667.6019583333333,,84.87,96.72,72.4,69.8,58.99,64.53,57.17,51.53,53.37,66.94,63.81,51.38,58.53,58.25,62.25,59.56,53.65,59.84,57.09,67.71,66.44,128.59,112.39,59.94,286,3600,3600,3600,3600,3600,3600,3600,3600,3600,3600,3600,3600,3600,3600,3600,3600,3600,3600,3600,3600,3600,3600,3600
5523,4768314,15,10,4768314,24,51.38,128.59,68.15625,18.832417045372413,59000.0,25979,118,0.695882,26,3,27118.814575,287878.78207241435,676.1416916666667,,96.72,72.4,69.8,58.99,64.53,57.17,51.53,53.37,66.94,63.81,51.38,58.53,58.25,62.25,59.56,53.65,59.84,57.09,67.71,66.44,128.59,112.39,59.94,84.87,1686,3600,3600,3600,3600,3600,3600,3600,3600,3600,3600,3600,3600,3600,3600,3600,3600,3600,3600,3600,3600,3600,3600,3600
5630,4789914,20,6,4789914,24,51.38,128.59,68.15625000000001,18.832417045372413,4000.0,29923,8,0.361901,24,3,1955.6347777777778,23943.240507024693,720.1455888888889,,51.53,53.37,66.94,63.81,51.38,58.53,58.25,62.25,59.56,53.65,59.84,57.09,67.71,66.44,128.59,112.39,59.94,84.87,96.72,72.4,69.8,58.99,64.53,57.17,1686,3600,3600,3600,3600,3600,3600,3600,3600,3600,3600,3600,3600,3600,3600,3600,3600,3600,3600,3600,3600,3600,3600,3600
5148,4791014,5,10,4791014,24,51.38,128.59,68.15625000000001,18.832417045372413,16000.0,61186,32,0.699365,23,4,18541.647022222223,340760.43869614817,1253.0823833333334,,51.53,53.37,66.94,63.81,51.38,58.53,58.25,62.25,59.56,53.65,59.84,57.09,67.71,66.44,128.59,112.39,59.94,84.87,96.72,72.4,69.8,58.99,64.53,57.17,586,3600,3600,3600,3600,3600,3600,3600,3600,3600,3600,3600,3600,3600,3600,3600,3600,3600,3600,3600,3600,3600,3600,3600
5363,4812614,9,0,4812614,24,51.38,128.59,68.15625,18.832417045372413,64000.0,39815,128,0.261253,22,3,52036.19075555555,635566.1076851852,897.9177083333334,,58.25,62.25,59.56,53.65,59.84,57.09,67.71,66.44,128.59,112.39,59.94,84.87,96.72,72.4,69.8,58.99,64.53,57.17,51.53,53.37,66.94,63.81,51.38,58.53,586,3600,3600,3600,3600,3600,3600,3600,3600,3600,3600,3600,3600,3600,3600,3600,3600,3600,3600,3600,3600,3600,3600,3600
5574,4815893,15,0,4815893,24,51.38,128.59,68.15625,18.832417045372413,18500.0,37228,37,0.220573,21,3,14326.173220833332,163026.4951731667,852.1563000000001,,62.25,59.56,53.65,59.84,57.09,67.71,66.44,128.59,112.39,59.94,84.87,96.72,72.4,69.8,58.99,64.53,57.17,51.53,53.37,66.94,63.81,51.38,58.53,58.25,907,3600,3600,3600,3600,3600,3600,3600,3600,3600,3600,3600,3600,3600,3600,3600,3600,3600,3600,3600,3600,3600,3600,3600
5470,4815893,12,10,4815893,24,51.38,128.59,68.15625,18.832417045372413,1000.0,24738,2,0.610302,20,4,459.6636222222222,4286.480729416668,623.79055,,62.25,59.56,53.65,59.84,57.09,67.71,66.44,128.59,112.39,59.94,84.87,96.72,72.4,69.8,58.99,64.53,57.17,51.53,53.37,66.94,63.81,51.38,58.53,58.25,907,3600,3600,3600,3600,3600,3600,3600,3600,3600,3600,3600,3600,3600,3600,3600,3600,3600,3600,3600,3600,3600,3600,3600
5571,4837493,13,0,4837493,24,51.38,128.59,68.15624999999999,18.832417045372413,500.0,34906,1,0.106331,19,4,395.18109861111105,3937.1525657345687,812.1096222222224,,66.44,128.59,112.39,59.94,84.87,96.72,72.4,69.8,58.99,64.53,57.17,51.53,53.37,66.94,63.81,51.38,58.53,58.25,62.25,59.56,53.65,59.84,57.09,67.71,907,3600,3600,3600,3600,3600,3600,3600,3600,3600,3600,3600,3600,3600,3600,3600,3600,3600,3600,3600,3600,3600,3600,3600
5619,4837493,13,0,4837493,24,51.38,128.59,68.15624999999999,18.832417045372413,128000.0,26313,256,0.18,18,5,82537.56515555554,611093.6889368889,653.1756166666667,,66.44,128.59,112.39,59.94,84.87,96.72,72.4,69.8,58.99,64.53,57.17,51.53,53.37,66.94,63.81,51.38,58.53,58.25,62.25,59.56,53.65,59.84,57.09,67.71,907,3600,3600,3600,3600,3600,3600,3600,3600,3600,3600,3600,3600,3600,3600,3600,3600,3600,3600,3600,3600,3600,3600,3600
5464,4873800,8,0,4873800,24,51.38,128.59,68.15625,18.832417045372413,126000.0,12710,252,0.060059,12,1,25778.0985,170256.66201250002,382.72825000000006,,57.17,51.53,53.37,66.94,63.81,51.38,58.53,58.25,62.25,59.56,53.65,59.84,57.09,67.71,66.44,128.59,112.39,59.94,84.87,96.72,72.4,69.8,58.99,64.53,600,3600,3600,3600,3600,3600,3600,3600,3600,3600,3600,3600,3600,3600,3600,3600,3600,3600,3600,3600,3600,3600,3600,3600
5113,4900113,2,10,4900113,24,51.38,128.59,68.15625,18.832417045372413,2000.0,47166,4,0.57756,11,1,1979.2444166666667,26853.01615966667,1024.7939000000001,,62.25,59.56,53.65,59.84,57.09,67.71,66.44,128.59,112.39,59.94,84.87,96.72,72.4,69.8,58.99,64.53,57.17,51.53,53.37,66.94,63.81,51.38,58.53,58.25,3087,3600,3600,3600,3600,3600,3600,3600,3600,3600,3600,3600,3600,3600,3600,3600,3600,3600,3600,3600,3600,3600,3600,3600
5627,4921713,7,0,4921713,24,51.38,128.59,68.15624999999999,18.832417045372413,128000.0,10312,256,0.117508,10,1,38191.174399999996,119010.22063881482,324.58906666666667,,66.44,128.59,112.39,59.94,84.87,96.72,72.4,69.8,58.99,64.53,57.17,51.53,53.37,66.94,63.81,51.38,58.53,58.25,62.25,59.56,53.65,59.84,57.09,67.71,3087,3600,3600,3600,3600,3600,3600,3600,3600,3600,3600,3600,3600,3600,3600,3600,3600,3600,3600,3600,3600,3600,3600,3600
5275,4968879,3,0,4968879,24,51.38,128.59,68.15625000000001,18.832417045372413,128000.0,10481,256,0.134277,6,1,22385.9392,122652.68049303704,329.12953333333337,,66.94,63.81,51.38,58.53,58.25,62.25,59.56,53.65,59.84,57.09,67.71,66.44,128.59,112.39,59.94,84.87,96.72,72.4,69.8,58.99,64.53,57.17,51.53,53.37,2721,3600,3600,3600,3600,3600,3600,3600,3600,3600,3600,3600,3600,3600,3600,3600,3600,3600,3600,3600,3600,3600,3600,3600
5426,4979191,3,0,4979191,24,51.38,128.59,68.15625,18.832417045372413,128000.0,17461,256,0.097699,5,1,36310.70471111111,300565.18649283954,484.13011111111115,,58.53,58.25,62.25,59.56,53.65,59.84,57.09,67.71,66.44,128.59,112.39,59.94,84.87,96.72,72.4,69.8,58.99,64.53,57.17,51.53,53.37,66.94,63.81,51.38,3209,3600,3600,3600,3600,3600,3600,3600,3600,3600,3600,3600,3600,3600,3600,3600,3600,3600,3600,3600,3600,3600,3600,3600
5248,4989672,2,10,4989672,24,51.38,128.59,68.15625,18.832417045372413,4000.0,90689,8,0.404197,4,1,6821.839255555556,171819.73823733948,1705.143561111111,,59.56,53.65,59.84,57.09,67.71,66.44,128.59,112.39,59.94,84.87,96.72,72.4,69.8,58.99,64.53,57.17,51.53,53.37,66.94,63.81,51.38,58.53,58.25,62.25,3528,3600,3600,3600,3600,3600,3600,3600,3600,3600,3600,3600,3600,3600,3600,3600,3600,3600,3600,3600,3600,3600,3600,3600
5224,5011272,1,0,5011272,24,51.38,128.59,68.15624999999999,18.832417045372413,4000.0,63821,8,0.090533,3,1,5012.818633333332,96864.89654806482,1365.9830916666667,,128.59,112.39,59.94,84.87,96.72,72.4,69.8,58.99,64.53,57.17,51.53,53.37,66.94,63.81,51.38,58.53,58.25,62.25,59.56,53.65,59.84,57.09,67.71,66.44,3528,3600,3600,3600,3600,3600,3600,3600,3600,3600,3600,3600,3600,3600,3600,3600,3600,3600,3600,3600,3600,3600,3600,3600
4857,5011272,0,10,5011272,24,51.38,128.59,68.15624999999999,18.832417045372413,500.0,48779,1,0.312897,2,2,505.5110874999999,7574.2293448125,1117.99035,,128.59,112.39,59.94,84.87,96.72,72.4,69.8,58.99,64.53,57.17,51.53,53.37,66.94,63.81,51.38,58.53,58.25,62.25,59.56,53.65,59.84,57.09,67.71,66.44,3528,3600,3600,3600,3600,3600,3600,3600,3600,3600,3600,3600,3600,3600,3600,3600,3600,3600,3600,3600,3600,3600,3600,3600
5763,5032872,0,10,5032872,24,51.38,128.59,68.15625000000001,18.832417045372413,500.0,51326,1,0.735761,1,3,422.47648888888887,7852.750952308642,1101.5821777777778,,69.8,58.99,64.53,57.17,51.53,53.37,66.94,63.81,51.38,58.53,58.25,62.25,59.56,53.65,59.84,57.09,67.71,66.44,128.59,112.39,59.94,84.87,96.72,72.4,3528,3600,3600,3600,3600,3600,3600,3600,3600,3600,3600,3600,3600,3600,3600,3600,3600,3600,3600,3600,3600,3600,3600,3600
5112,4014858,0,10,4014858,24,85.75,204.48,112.05291666666669,31.267325261254047,500.0,170,1,0.312481,1,0,2.441388888888889,0.22798888888888885,9.655999999999999,,103.4,93.58,90.11,103.5,114.9,116.54,144.45,193.37,204.48,162.19,108.0,102.08,88.63,105.61,107.93,93.44,101.66,103.18,96.61,92.12,91.02,96.59,85.75,90.13,2742,3600,3600,3600,3600,3600,3600,3600,3600,3600,3600,3600,3600,3600,3600,3600,3600,3600,3600,3600,3600,3600,3600,3600
5148,4036458,3,10,4036458,24,85.75,204.48,112.05291666666666,31.267325261254047,16000.0,61186,32,0.699365,21,1,31421.011644444447,573398.3096835063,2108.5643722222226,,144.45,193.37,204.48,162.19,108.0,102.08,88.63,105.61,107.93,93.44,101.66,103.18,96.61,92.12,91.02,96.59,85.75,90.13,103.4,93.58,90.11,103.5,114.9,116.54,2742,3600,3600,3600,3600,3600,3600,3600,3600,3600,3600,3600,3600,3600,3600,3600,3600,3600,3600,3600,3600,3600,3600,3600
5178,4058058,5,10,4058058,24,85.75,204.48,112.05291666666666,31.267325261254044,64000.0,22086,128,0.475334,11,1,39385.232,373208.24639999995,950.5099999999999,,88.63,105.61,107.93,93.44,101.66,103.18,96.61,92.12,91.02,96.59,85.75,90.13,103.4,93.58,90.11,103.5,114.9,116.54,144.45,193.37,204.48,162.19,108.0,102.08,2742,3600,3600,3600,3600,3600,3600,3600,3600,3600,3600,3600,3600,3600,3600,3600,3600,3600,3600,3600,3600,3600,3600,3600
5144,4079658,1,0,4079658,24,85.75,204.48,112.05291666666666,31.267325261254047,64000.0,25226,128,0.178983,14,2,41956.717155555554,468512.74145520985,1044.7094944444443,,96.61,92.12,91.02,96.59,85.75,90.13,103.4,93.58,90.11,103.5,114.9,116.54,144.45,193.37,204.48,162.19,108.0,102.08,88.63,105.61,107.93,93.44,101.66,103.18,2742,3600,3600,3600,3600,3600,3600,3600,3600,3600,3600,3600,3600,3600,3600,3600,3600,3600,3600,3600,3600,3600,3600,3600
5248,4101744,8,10,4101744,24,85.75,204.48,112.05291666666669,31.267325261254047,4000.0,90689,8,0.404197,27,2,11227.656155555558,283058.66774498456,2809.081597222222,,103.4,93.58,90.11,103.5,114.9,116.54,144.45,193.37,204.48,162.19,108.0,102.08,88.63,105.61,107.93,93.44,101.66,103.18,96.61,92.12,91.02,96.59,85.75,90.13,2256,3600,3600,3600,3600,3600,3600,3600,3600,3600,3600,3600,3600,3600,3600,3600,3600,3600,3600,3600,3600,3600,3600,3600
5323,4123344,21,10,4123344,24,85.75,204.48,112.05291666666666,31.267325261254047,128000.0,17749,256,0.798098,27,2,101062.99164444442,529389.48356,838.868625,,144.45,193.37,204.48,162.19,108.0,102.08,88.63,105.61,107.93,93.44,101.66,103.18,96.61,92.12,91.02,96.59,85.75,90.13,103.4,93.58,90.11,103.5,114.9,116.54,2256,3600,3600,3600,3600,3600,3600,3600,3600,3600,3600,3600,3600,3600,3600,3600,3600,3600,3600,3600,3600,3600,3600,3600
5305,4214033,1,10,4214033,24,85.75,204.48,112.05291666666666,31.267325261254047,64000.0,22884,128,0.704883,3,1,54198.88284444445,429357.13429333334,1055.381,,193.37,204.48,162.19,108.0,102.08,88.63,105.61,107.93,93.44,101.66,103.18,96.61,92.12,91.02,96.59,85.75,90.13,103.4,93.58,90.11,103.5,114.9,116.54,144.45,1567,3600,3600,3600,3600,3600,3600,3600,3600,3600,3600,3600,3600,3600,3600,3600,3600,3600,3600,3600,3600,3600,3600,3600
5275,4235633,0,0,4235633,24,85.75,204.48,112.05291666666666,31.267325261254044,128000.0,10481,256,0.134277,2,1,37854.86613333334,203347.48535891357,545.6681638888889,,105.61,107.93,93.44,101.66,103.18,96.61,92.12,91.02,96.59,85.75,90.13,103.4,93.58,90.11,103.5,114.9,116.54,144.45,193.37,204.48,162.19,108.0,102.08,88.63,1567,3600,3600,3600,3600,3600,3600,3600,3600,3600,3600,3600,3600,3600,3600,3600,3600,3600,3600,3600,3600,3600,3600,3600
5363,4258517,0,0,4258517,24,85.75,204.48,112.05291666666666,31.267325261254044,64000.0,39815,128,0.261253,1,1,72606.92195555556,1040875.3263975307,1470.5321388888888,,92.12,91.02,96.59,85.75,90.13,103.4,93.58,90.11,103.5,114.9,116.54,144.45,193.37,204.48,162.19,108.0,102.08,88.63,105.61,107.93,93.44,101.66,103.18,96.61,283,3600,3600,3600,3600,3600,3600,3600,3600,3600,3600,3600,3600,3600,3600,3600,3600,3600,3600,3600,3600,3600,3600,3600
5390,4269251,0,6,4269251,24,85.75,204.48,112.05291666666666,31.267325261254047,13000.0,7710,26,0.532521,1,1,2678.3651916666668,11716.522738194444,420.8269166666667,,85.75,90.13,103.4,93.58,90.11,103.5,114.9,116.54,144.45,193.37,204.48,162.19,108.0,102.08,88.63,105.61,107.93,93.44,101.66,103.18,96.61,92.12,91.02,96.59,349,3600,3600,3600,3600,3600,3600,3600,3600,3600,3600,3600,3600,3600,3600,3600,3600,3600,3600,3600,3600,3600,3600,3600
5394,4270351,0,0,4270351,24,85.75,204.48,112.05291666666666,31.267325261254044,8000.0,3807,16,0.14515,1,2,790.7501555555556,1823.9656365000003,215.59877500000002,,90.13,103.4,93.58,90.11,103.5,114.9,116.54,144.45,193.37,204.48,162.19,108.0,102.08,88.63,105.61,107.93,93.44,101.66,103.18,96.61,92.12,91.02,96.59,85.75,2849,3600,3600,3600,3600,3600,3600,3600,3600,3600,3600,3600,3600,3600,3600,3600,3600,3600,3600,3600,3600,3600,3600,3600
5398,4270403,0,10,4270403,24,85.75,204.48,112.05291666666666,31.267325261254044,500.0,1489,1,0.448821,1,3,18.63938472222222,17.49062122222222,84.5752,,90.13,103.4,93.58,90.11,103.5,114.9,116.54,144.45,193.37,204.48,162.19,108.0,102.08,88.63,105.61,107.93,93.44,101.66,103.18,96.61,92.12,91.02,96.59,85.75,2797,3600,3600,3600,3600,3600,3600,3600,3600,3600,3600,3600,3600,3600,3600,3600,3600,3600,3600,3600,3600,3600,3600,3600
5438,4292003,6,10,4292003,24,85.75,204.48,112.05291666666666,31.267325261254047,64000.0,14516,128,0.638083,7,2,43151.91093333333,182771.32445550614,708.2451777777777,,116.54,144.45,193.37,204.48,162.19,108.0,102.08,88.63,105.61,107.93,93.44,101.66,103.18,96.61,92.12,91.02,96.59,85.75,90.13,103.4,93.58,90.11,103.5,114.9,2797,3600,3600,3600,3600,3600,3600,3600,3600,3600,3600,3600,3600,3600,3600,3600,3600,3600,3600,3600,3600,3600,3600,3600
5441,4313603,3,10,4313603,24,85.75,204.48,112.05291666666666,31.267325261254044,128000.0,7198,256,0.856441,8,1,24504.155377777774,101793.81457264196,397.7425722222222,,102.08,88.63,105.61,107.93,93.44,101.66,103.18,96.61,92.12,91.02,96.59,85.75,90.13,103.4,93.58,90.11,103.5,114.9,116.54,144.45,193.37,204.48,162.19,108.0,2797,3600,3600,3600,3600,3600,3600,3600,3600,3600,3600,3600,3600,3600,3600,3600,3600,3600,3600,3600,3600,3600,3600,3600
5422,4335203,0,10,4335203,24,85.75,204.48,112.05291666666666,31.267325261254044,128000.0,41367,256,0.547613,9,1,141440.12302222222,2228323.2612248887,1515.0141833333332,,103.18,96.61,92.12,91.02,96.59,85.75,90.13,103.4,93.58,90.11,103.5,114.9,116.54,144.45,193.37,204.48,162.19,108.0,102.08,88.63,105.61,107.93,93.44,101.66,2797,3600,3600,3600,3600,3600,3600,3600,3600,3600,3600,3600,3600,3600,3600,3600,3600,3600,3600,3600,3600,3600,3600,3600
5452,4356803,4,10,4356803,24,85.75,204.48,112.05291666666666,31.267325261254044,107000.0,20307,214,0.638781,6,1,59906.82146388889,539990.2468960417,894.66175,,90.13,103.4,93.58,90.11,103.5,114.9,116.54,144.45,193.37,204.48,162.19,108.0,102.08,88.63,105.61,107.93,93.44,101.66,103.18,96.61,92.12,91.02,96.59,85.75,2797,3600,3600,3600,3600,3600,3600,3600,3600,3600,3600,3600,3600,3600,3600,3600,3600,3600,3600,3600,3600,3600,3600,3600
5474,4398170,14,7,4398170,24,85.75,204.48,112.05291666666666,31.267325261254047,4000.0,428,8,0.768707,40,1,51.36,11.560945777777777,24.310399999999998,,108.0,102.08,88.63,105.61,107.93,93.44,101.66,103.18,96.61,92.12,91.02,96.59,85.75,90.13,103.4,93.58,90.11,103.5,114.9,116.54,144.45,193.37,204.48,162.19,1030,3600,3600,3600,3600,3600,3600,3600,3600,3600,3600,3600,3600,3600,3600,3600,3600,3600,3600,3600,3600,3600,3600,3600
5472,4400370,9,8,4400370,24,85.75,204.48,112.05291666666666,31.267325261254044,64000.0,8552,128,0.492057,14,2,14817.25902222222,69748.03755930865,458.7613555555556,,102.08,88.63,105.61,107.93,93.44,101.66,103.18,96.61,92.12,91.02,96.59,85.75,90.13,103.4,93.58,90.11,103.5,114.9,116.54,144.45,193.37,204.48,162.19,108.0,2430,3600,3600,3600,3600,3600,3600,3600,3600,3600,3600,3600,3600,3600,3600,3600,3600,3600,3600,3600,3600,3600,3600,3600
5446,4418477,2,10,4418477,24,85.75,204.48,112.05291666666666,31.267325261254044,128000.0,5326,256,0.967166,8,1,19413.53671111111,56278.57270241975,297.1901722222222,,101.66,103.18,96.61,92.12,91.02,96.59,85.75,90.13,103.4,93.58,90.11,103.5,114.9,116.54,144.45,193.37,204.48,162.19,108.0,102.08,88.63,105.61,107.93,93.44,2323,3600,3600,3600,3600,3600,3600,3600,3600,3600,3600,3600,3600,3600,3600,3600,3600,3600,3600,3600,3600,3600,3600,3600
5450,4440077,2,10,4440077,24,85.75,204.48,112.05291666666666,31.267325261254047,128000.0,20306,256,0.466956,4,1,68552.16888888889,645914.7874014814,894.6298333333333,,85.75,90.13,103.4,93.58,90.11,103.5,114.9,116.54,144.45,193.37,204.48,162.19,108.0,102.08,88.63,105.61,107.93,93.44,101.66,103.18,96.61,92.12,91.02,96.59,2323,3600,3600,3600,3600,3600,3600,3600,3600,3600,3600,3600,3600,3600,3600,3600,3600,3600,3600,3600,3600,3600,3600,3600
5523,4461677,7,10,4461677,24,85.75,204.48,112.05291666666669,31.267325261254047,59000.0,25979,118,0.695882,26,1,62626.81489444445,457358.8517222222,1074.2,,114.9,116.54,144.45,193.37,204.48,162.19,108.0,102.08,88.63,105.61,107.93,93.44,101.66,103.18,96.61,92.12,91.02,96.59,85.75,90.13,103.4,93.58,90.11,103.5,2323,3600,3600,3600,3600,3600,3600,3600,3600,3600,3600,3600,3600,3600,3600,3600,3600,3600,3600,3600,3600,3600,3600,3600
5594,4483277,29,10,4483277,24,85.75,204.48,112.05291666666666,31.267325261254047,500.0,18387,1,0.438661,35,1,258.56502222222224,2128.2486440625,833.38175,,108.0,102.08,88.63,105.61,107.93,93.44,101.66,103.18,96.61,92.12,91.02,96.59,85.75,90.13,103.4,93.58,90.11,103.5,114.9,116.54,144.45,193.37,204.48,162.19,2323,3600,3600,3600,3600,3600,3600,3600,3600,3600,3600,3600,3600,3600,3600,3600,3600,3600,3600,3600,3600,3600,3600,3600
5600,4504877,15,2,4504877,24,85.75,204.48,112.05291666666666,31.267325261254044,42500.0,23122,85,0.777662,17,2,26001.056465277776,267942.7136527778,981.59,,101.66,103.18,96.61,92.12,91.02,96.59,85.75,90.13,103.4,93.58,90.11,103.5,114.9,116.54,144.45,193.37,204.48,162.19,108.0,102.08,88.63,105.61,107.93,93.44,2323,3600,3600,3600,3600,3600,3600,3600,3600,3600,3600,3600,3600,3600,3600,3600,3600,3600,3600,3600,3600,3600,3600,3600
5513,4509256,3,7,4509256,24,85.75,204.48,112.05291666666666,31.267325261254044,32000.0,41698,64,0.534626,16,2,35836.702933333334,565054.605878321,1524.501011111111,,103.18,96.61,92.12,91.02,96.59,85.75,90.13,103.4,93.58,90.11,103.5,114.9,116.54,144.45,193.37,204.48,162.19,108.0,102.08,88.63,105.61,107.93,93.44,101.66,1544,3600,3600,3600,3600,3600,3600,3600,3600,3600,3600,3600,3600,3600,3600,3600,3600,3600,3600,3600,3600,3600,3600,3600
5616,4511456,16,6,4511456,24,85.75,204.48,112.05291666666666,31.267325261254047,4000.0,19035,8,0.93809,17,3,1947.2863,18063.448312499997,854.0637499999999,,96.61,92.12,91.02,96.59,85.75,90.13,103.4,93.58,90.11,103.5,114.9,116.54,144.45,193.37,204.48,162.19,108.0,102.08,88.63,105.61,107.93,93.44,101.66,103.18,2944,3600,3600,3600,3600,3600,3600,3600,3600,3600,3600,3600,3600,3600,3600,3600,3600,3600,3600,3600,3600,3600,3600,3600
5623,4512556,19,10,4512556,24,85.75,204.48,112.05291666666666,31.267325261254047,64000.0,10183,128,0.782583,22,4,16843.890666666666,96352.43958967901,532.2424361111111,,96.61,92.12,91.02,96.59,85.75,90.13,103.4,93.58,90.11,103.5,114.9,116.54,144.45,193.37,204.48,162.19,108.0,102.08,88.63,105.61,107.93,93.44,101.66,103.18,1844,3600,3600,3600,3600,3600,3600,3600,3600,3600,3600,3600,3600,3600,3600,3600,3600,3600,3600,3600,3600,3600,3600,3600
5683,4534156,29,0,4534156,24,85.75,204.48,112.05291666666669,31.267325261254047,64000.0,5732,128,0.202211,31,2,9840.164977777778,32506.606216691358,318.9980111111111,,103.4,93.58,90.11,103.5,114.9,116.54,144.45,193.37,204.48,162.19,108.0,102.08,88.63,105.61,107.93,93.44,101.66,103.18,96.61,92.12,91.02,96.59,85.75,90.13,1844,3600,3600,3600,3600,3600,3600,3600,3600,3600,3600,3600,3600,3600,3600,3600,3600,3600,3600,3600,3600,3600,3600,3600
5736,4544339,40,10,4544339,24,85.75,204.48,112.05291666666669,31.267325261254047,10000.0,20619,20,0.479783,43,2,8516.120888888889,51812.096181249995,904.61975,,103.5,114.9,116.54,144.45,193.37,204.48,162.19,108.0,102.08,88.63,105.61,107.93,93.44,101.66,103.18,96.61,92.12,91.02,96.59,85.75,90.13,103.4,93.58,90.11,2461,3600,3600,3600,3600,3600,3600,3600,3600,3600,3600,3600,3600,3600,3600,3600,3600,3600,3600,3600,3600,3600,3600,3600
5734,4565939,25,10,4565939,24,85.75,204.48,112.05291666666665,31.267325261254044,16000.0,39803,32,0.64764,39,1,18305.041911111108,270481.8368624692,1528.9906111111113,,162.19,108.0,102.08,88.63,105.61,107.93,93.44,101.66,103.18,96.61,92.12,91.02,96.59,85.75,90.13,103.4,93.58,90.11,103.5,114.9,116.54,144.45,193.37,204.48,2461,3600,3600,3600,3600,3600,3600,3600,3600,3600,3600,3600,3600,3600,3600,3600,3600,3600,3600,3600,3600,3600,3600,3600
5664,4587539,18,10,4587539,24,85.75,204.48,112.05291666666666,31.267325261254044,128000.0,6902,256,0.325685,29,1,24273.998933333332,93706.03335782717,381.84326111111113,,93.44,101.66,103.18,96.61,92.12,91.02,96.59,85.75,90.13,103.4,93.58,90.11,103.5,114.9,116.54,144.45,193.37,204.48,162.19,108.0,102.08,88.63,105.61,107.93,2461,3600,3600,3600,3600,3600,3600,3600,3600,3600,3600,3600,3600,3600,3600,3600,3600,3600,3600,3600,3600,3600,3600,3600
5883,4627342,25,10,4627342,24,85.75,204.48,112.05291666666669,31.267325261254047,64000.0,29044,128,0.331281,28,1,73185.85564444444,598444.7842615308,1159.018011111111,,90.11,103.5,114.9,116.54,144.45,193.37,204.48,162.19,108.0,102.08,88.63,105.61,107.93,93.44,101.66,103.18,96.61,92.12,91.02,96.59,85.75,90.13,103.4,93.58,2258,3600,3600,3600,3600,3600,3600,3600,3600,3600,3600,3600,3600,3600,3600,3600,3600,3600,3600,3600,3600,3600,3600,3600
5850,4648942,19,10,4648942,24,85.75,204.48,112.05291666666666,31.267325261254044,24000.0,27947,48,0.455927,29,1,21838.6372,227827.67026666668,1222.8200000000002,,204.48,162.19,108.0,102.08,88.63,105.61,107.93,93.44,101.66,103.18,96.61,92.12,91.02,96.59,85.75,90.13,103.4,93.58,90.11,103.5,114.9,116.54,144.45,193.37,2258,3600,3600,3600,3600,3600,3600,3600,3600,3600,3600,3600,3600,3600,3600,3600,3600,3600,3600,3600,3600,3600,3600,3600
5804,4670542,14,1,4670542,24,85.75,204.48,112.05291666666669,31.267325261254047,118500.0,15090,237,0.940876,22,2,49830.088058333335,361023.9734520833,726.8268333333333,,107.93,93.44,101.66,103.18,96.61,92.12,91.02,96.59,85.75,90.13,103.4,93.58,90.11,103.5,114.9,116.54,144.45,193.37,204.48,162.19,108.0,102.08,88.63,105.61,2258,3600,3600,3600,3600,3600,3600,3600,3600,3600,3600,3600,3600,3600,3600,3600,3600,3600,3600,3600,3600,3600,3600,3600
5737,4698489,10,8,4698489,24,85.75,204.48,112.05291666666666,31.267325261254047,64000.0,24541,128,0.304837,22,1,42514.97333333333,446825.07662222214,1024.1599999999999,,85.75,90.13,103.4,93.58,90.11,103.5,114.9,116.54,144.45,193.37,204.48,162.19,108.0,102.08,88.63,105.61,107.93,93.44,101.66,103.18,96.61,92.12,91.02,96.59,3111,3600,3600,3600,3600,3600,3600,3600,3600,3600,3600,3600,3600,3600,3600,3600,3600,3600,3600,3600,3600,3600,3600,3600
5632,4713579,6,10,4713579,24,85.75,204.48,112.05291666666669,31.267325261254047,103000.0,12531,206,0.539723,41,1,38439.82059166667,225690.7124271875,629.496375,,90.11,103.5,114.9,116.54,144.45,193.37,204.48,162.19,108.0,102.08,88.63,105.61,107.93,93.44,101.66,103.18,96.61,92.12,91.02,96.59,85.75,90.13,103.4,93.58,2421,3600,3600,3600,3600,3600,3600,3600,3600,3600,3600,3600,3600,3600,3600,3600,3600,3600,3600,3600,3600,3600,3600,3600
6034,4738120,26,10,4738120,24,85.75,204.48,112.05291666666665,31.267325261254044,12500.0,19497,25,0.831416,32,1,7544.416701388889,61953.15382413196,915.1412166666668,,162.19,108.0,102.08,88.63,105.61,107.93,93.44,101.66,103.18,96.61,92.12,91.02,96.59,85.75,90.13,103.4,93.58,90.11,103.5,114.9,116.54,144.45,193.37,204.48,3080,3600,3600,3600,3600,3600,3600,3600,3600,3600,3600,3600,3600,3600,3600,3600,3600,3600,3600,3600,3600,3600,3600,3600
6046,4759720,26,7,4759720,24,85.75,204.48,112.05291666666666,31.267325261254044,15500.0,29432,31,0.362569,29,1,12023.578022222222,148314.4419489136,1170.4004222222222,,93.44,101.66,103.18,96.61,92.12,91.02,96.59,85.75,90.13,103.4,93.58,90.11,103.5,114.9,116.54,144.45,193.37,204.48,162.19,108.0,102.08,88.63,105.61,107.93,3080,3600,3600,3600,3600,3600,3600,3600,3600,3600,3600,3600,3600,3600,3600,3600,3600,3600,3600,3600,3600,3600,3600,3600
5981,4761920,19,10,4761920,24,85.75,204.48,112.05291666666666,31.267325261254044,128000.0,22855,256,0.994333,28,2,78458.0071111111,791152.7431111111,973.5799999999999,,93.44,101.66,103.18,96.61,92.12,91.02,96.59,85.75,90.13,103.4,93.58,90.11,103.5,114.9,116.54,144.45,193.37,204.48,162.19,108.0,102.08,88.63,105.61,107.93,880,3600,3600,3600,3600,3600,3600,3600,3600,3600,3600,3600,3600,3600,3600,3600,3600,3600,3600,3600,3600,3600,3600,3600
5939,4791352,15,10,4791352,24,85.75,204.48,112.05291666666666,31.267325261254044,32000.0,15784,64,0.896429,37,1,13857.801244444445,105127.49482034567,749.2931555555556,,90.13,103.4,93.58,90.11,103.5,114.9,116.54,144.45,193.37,204.48,162.19,108.0,102.08,88.63,105.61,107.93,93.44,101.66,103.18,96.61,92.12,91.02,96.59,85.75,248,3600,3600,3600,3600,3600,3600,3600,3600,3600,3600,3600,3600,3600,3600,3600,3600,3600,3600,3600,3600,3600,3600,3600
6120,4814207,50,11,4814207,24,85.75,204.48,112.05291666666666,31.267325261254047,2000.0,42,4,0.762274,66,1,3.3705,0.055664000000000005,2.3856,,144.45,193.37,204.48,162.19,108.0,102.08,88.63,105.61,107.93,93.44,101.66,103.18,96.61,92.12,91.02,96.59,85.75,90.13,103.4,93.58,90.11,103.5,114.9,116.54,2593,3600,3600,3600,3600,3600,3600,3600,3600,3600,3600,3600,3600,3600,3600,3600,3600,3600,3600,3600,3600,3600,3600,3600
6104,4857407,22,10,4857407,24,85.75,204.48,112.05291666666666,31.267325261254047,128000.0,16447,256,0.504195,24,1,54023.75928888889,450724.37073441973,770.7559388888889,,96.61,92.12,91.02,96.59,85.75,90.13,103.4,93.58,90.11,103.5,114.9,116.54,144.45,193.37,204.48,162.19,108.0,102.08,88.63,105.61,107.93,93.44,101.66,103.18,2593,3600,3600,3600,3600,3600,3600,3600,3600,3600,3600,3600,3600,3600,3600,3600,3600,3600,3600,3600,3600,3600,3600,3600
5894,4879007,11,10,4879007,24,85.75,204.48,112.05291666666669,31.267325261254047,64000.0,13087,128,0.689147,21,1,22583.630222222222,151647.70641999997,651.8058749999999,,103.4,93.58,90.11,103.5,114.9,116.54,144.45,193.37,204.48,162.19,108.0,102.08,88.63,105.61,107.93,93.44,101.66,103.18,96.61,92.12,91.02,96.59,85.75,90.13,2593,3600,3600,3600,3600,3600,3600,3600,3600,3600,3600,3600,3600,3600,3600,3600,3600,3600,3600,3600,3600,3600,3600,3600
6040,4900607,12,10,4900607,24,85.75,204.48,112.05291666666666,31.267325261254047,16000.0,44074,32,0.460491,20,1,24401.485600000004,320049.68024404946,1633.8698111111114,,144.45,193.37,204.48,162.19,108.0,102.08,88.63,105.61,107.93,93.44,101.66,103.18,96.61,92.12,91.02,96.59,85.75,90.13,103.4,93.58,90.11,103.5,114.9,116.54,2593,3600,3600,3600,3600,3600,3600,3600,3600,3600,3600,3600,3600,3600,3600,3600,3600,3600,3600,3600,3600,3600,3600,3600
5970,4922207,11,10,4922207,24,85.75,204.48,112.05291666666666,31.267325261254044,127000.0,16438,254,0.956027,18,1,58014.31578611111,446789.41884548764,770.4645888888889,,88.63,105.61,107.93,93.44,101.66,103.18,96.61,92.12,91.02,96.59,85.75,90.13,103.4,93.58,90.11,103.5,114.9,116.54,144.45,193.37,204.48,162.19,108.0,102.08,2593,3600,3600,3600,3600,3600,3600,3600,3600,3600,3600,3600,3600,3600,3600,3600,3600,3600,3600,3600,3600,3600,3600,3600
5702,4966281,5,10,4966281,24,85.75,204.48,112.05291666666669,31.267325261254047,128000.0,11498,256,0.489213,14,1,39322.848,240404.16997333334,588.04725,,103.4,93.58,90.11,103.5,114.9,116.54,144.45,193.37,204.48,162.19,108.0,102.08,88.63,105.61,107.93,93.44,101.66,103.18,96.61,92.12,91.02,96.59,85.75,90.13,1719,3600,3600,3600,3600,3600,3600,3600,3600,3600,3600,3600,3600,3600,3600,3600,3600,3600,3600,3600,3600,3600,3600,3600
5619,4987881,2,0,4987881,24,85.75,204.48,112.05291666666666,31.267325261254047,128000.0,26313,256,0.18,13,1,129991.32053333335,1042013.5114666669,1113.7700000000002,,144.45,193.37,204.48,162.19,108.0,102.08,88.63,105.61,107.93,93.44,101.66,103.18,96.61,92.12,91.02,96.59,85.75,90.13,103.4,93.58,90.11,103.5,114.9,116.54,1719,3600,3600,3600,3600,3600,3600,3600,3600,3600,3600,3600,3600,3600,3600,3600,3600,3600,3600,3600,3600,3600,3600,3600
5747,4999379,4,10,4999379,24,85.75,204.48,112.05291666666665,31.267325261254044,128000.0,15476,256,0.37042,12,1,57851.88053333334,421169.77927111107,765.4045,,162.19,108.0,102.08,88.63,105.61,107.93,93.44,101.66,103.18,96.61,92.12,91.02,96.59,85.75,90.13,103.4,93.58,90.11,103.5,114.9,116.54,144.45,193.37,204.48,1021,3600,3600,3600,3600,3600,3600,3600,3600,3600,3600,3600,3600,3600,3600,3600,3600,3600,3600,3600,3600,3600,3600,3600
5426,5025692,0,0,5025692,24,85.75,204.48,112.05291666666666,31.267325261254044,128000.0,17461,256,0.097699,11,1,59505.90968888889,498891.887657679,803.5813722222222,,103.18,96.61,92.12,91.02,96.59,85.75,90.13,103.4,93.58,90.11,103.5,114.9,116.54,144.45,193.37,204.48,162.19,108.0,102.08,88.63,105.61,107.93,93.44,101.66,3508,3600,3600,3600,3600,3600,3600,3600,3600,3600,3600,3600,3600,3600,3600,3600,3600,3600,3600,3600,3600,3600,3600,3600
5519,5041168,0,0,5041168,24,85.75,204.48,112.05291666666665,31.267325261254044,128000.0,9180,256,0.176618,10,1,29416.395377777775,158974.58879999997,487.05449999999996,,96.59,85.75,90.13,103.4,93.58,90.11,103.5,114.9,116.54,144.45,193.37,204.48,162.19,108.0,102.08,88.63,105.61,107.93,93.44,101.66,103.18,96.61,92.12,91.02,2432,3600,3600,3600,3600,3600,3600,3600,3600,3600,3600,3600,3600,3600,3600,3600,3600,3600,3600,3600,3600,3600,3600,3600
6045,5058629,4,6,5058629,24,85.75,204.48,112.05291666666669,31.267325261254047,128000.0,29279,256,0.311573,9,1,146820.57991111113,1213750.6619260248,1165.9119972222222,,90.11,103.5,114.9,116.54,144.45,193.37,204.48,162.19,108.0,102.08,88.63,105.61,107.93,93.44,101.66,103.18,96.61,92.12,91.02,96.59,85.75,90.13,103.4,93.58,2971,3600,3600,3600,3600,3600,3600,3600,3600,3600,3600,3600,3600,3600,3600,3600,3600,3600,3600,3600,3600,3600,3600,3600
6071,5067809,6,0,5067809,24,85.75,204.48,112.05291666666669,31.267325261254047,64000.0,27053,128,0.059265,8,1,69373.52817777777,532124.093511111,1106.4199999999998,,114.9,116.54,144.45,193.37,204.48,162.19,108.0,102.08,88.63,105.61,107.93,93.44,101.66,103.18,96.61,92.12,91.02,96.59,85.75,90.13,103.4,93.58,90.11,103.5,991,3600,3600,3600,3600,3600,3600,3600,3600,3600,3600,3600,3600,3600,3600,3600,3600,3600,3600,3600,3600,3600,3600,3600
5771,5097088,3,10,5097088,24,85.75,204.48,112.05291666666666,31.267325261254044,5000.0,52873,10,0.365571,7,1,7100.569527777778,134947.73607356867,1837.6557027777778,,88.63,105.61,107.93,93.44,101.66,103.18,96.61,92.12,91.02,96.59,85.75,90.13,103.4,93.58,90.11,103.5,114.9,116.54,144.45,193.37,204.48,162.19,108.0,102.08,512,3600,3600,3600,3600,3600,3600,3600,3600,3600,3600,3600,3600,3600,3600,3600,3600,3600,3600,3600,3600,3600,3600,3600
6083,5118688,5,0,5118688,24,85.75,204.48,112.05291666666666,31.267325261254047,128000.0,38530,256,0.090779,6,2,133141.40586666667,1964019.2772345673,1433.637222222222,,96.61,92.12,91.02,96.59,85.75,90.13,103.4,93.58,90.11,103.5,114.9,116.54,144.45,193.37,204.48,162.19,108.0,102.08,88.63,105.61,107.93,93.44,101.66,103.18,512,3600,3600,3600,3600,3600,3600,3600,3600,3600,3600,3600,3600,3600,3600,3600,3600,3600,3600,3600,3600,3600,3600,3600
5627,5171561,0,0,5171561,24,85.75,204.48,112.05291666666665,31.267325261254044,128000.0,10312,256,0.117508,3,1,40983.80088888889,197276.9908875062,538.0542444444445,,162.19,108.0,102.08,88.63,105.61,107.93,93.44,101.66,103.18,96.61,92.12,91.02,96.59,85.75,90.13,103.4,93.58,90.11,103.5,114.9,116.54,144.45,193.37,204.48,1639,3600,3600,3600,3600,3600,3600,3600,3600,3600,3600,3600,3600,3600,3600,3600,3600,3600,3600,3600,3600,3600,3600,3600
6061,5210091,0,0,5210091,24,85.75,204.48,112.05291666666666,31.267325261254044,128000.0,11693,256,0.078605,2,1,37823.61244444444,247734.29017333334,595.871625,,91.02,96.59,85.75,90.13,103.4,93.58,90.11,103.5,114.9,116.54,144.45,193.37,204.48,162.19,108.0,102.08,88.63,105.61,107.93,93.44,101.66,103.18,96.61,92.12,2709,3600,3600,3600,3600,3600,3600,3600,3600,3600,3600,3600,3600,3600,3600,3600,3600,3600,3600,3600,3600,3600,3600,3600
6067,5220403,0,0,5220403,24,85.75,204.48,112.05291666666666,31.267325261254044,128000.0,11100,256,0.042517,1,1,37710.96675555556,225779.92,572.0775,,90.13,103.4,93.58,90.11,103.5,114.9,116.54,144.45,193.37,204.48,162.19,108.0,102.08,88.63,105.61,107.93,93.44,101.66,103.18,96.61,92.12,91.02,96.59,85.75,3197,3600,3600,3600,3600,3600,3600,3600,3600,3600,3600,3600,3600,3600,3600,3600,3600,3600,3600,3600,3600,3600,3600,3600
7421,5829241,0,0,5829241,24,36.31,92.64,48.49625,14.634951546583041,500.0,15182,1,0.230274,1,0,83.62520416666666,682.9976595231483,323.90878333333336,,39.03,39.02,39.68,40.65,39.9,38.46,36.31,36.67,46.24,48.5,49.01,59.73,84.67,92.64,75.81,50.91,43.95,43.15,44.24,43.84,42.18,43.45,43.88,41.99,2759,3600,3600,3600,3600,3600,3600,3600,3600,3600,3600,3600,3600,3600,3600,3600,3600,3600,3600,3600,3600,3600,3600,3600
7422,5829306,0,10,5829306,24,36.31,92.64,48.49625,14.634951546583041,500.0,67,1,0.62392,1,1,0.36319583333333333,0.016044018518518516,1.7241333333333333,,39.03,39.02,39.68,40.65,39.9,38.46,36.31,36.67,46.24,48.5,49.01,59.73,84.67,92.64,75.81,50.91,43.95,43.15,44.24,43.84,42.18,43.45,43.88,41.99,2694,3600,3600,3600,3600,3600,3600,3600,3600,3600,3600,3600,3600,3600,3600,3600,3600,3600,3600,3600,3600,3600,3600,3600
7443,5850906,2,10,5850906,24,36.31,92.64,48.49625,14.634951546583041,128000.0,6026,256,0.885382,10,1,7822.3495111111115,32073.9977177284,149.69817222222224,,36.31,36.67,46.24,48.5,49.01,59.73,84.67,92.64,75.81,50.91,43.95,43.15,44.24,43.84,42.18,43.45,43.88,41.99,39.03,39.02,39.68,40.65,39.9,38.46,2694,3600,3600,3600,3600,3600,3600,3600,3600,3600,3600,3600,3600,3600,3600,3600,3600,3600,3600,3600,3600,3600,3600,3600
7487,5872506,3,10,5872506,24,36.31,92.64,48.49624999999998,14.634951546583041,16000.0,11551,32,0.885834,4,1,4083.906,14261.36813803704,277.7948083333334,,84.67,92.64,75.81,50.91,43.95,43.15,44.24,43.84,42.18,43.45,43.88,41.99,39.03,39.02,39.68,40.65,39.9,38.46,36.31,36.67,46.24,48.5,49.01,59.73,2694,3600,3600,3600,3600,3600,3600,3600,3600,3600,3600,3600,3600,3600,3600,3600,3600,3600,3600,3600,3600,3600,3600,3600
7500,5894106,3,10,5894106,24,36.31,92.64,48.49625,14.634951546583041,500.0,7028,1,0.373879,4,1,42.77315,169.12555545061733,173.26465555555558,,44.24,43.84,42.18,43.45,43.88,41.99,39.03,39.02,39.68,40.65,39.9,38.46,36.31,36.67,46.24,48.5,49.01,59.73,84.67,92.64,75.81,50.91,43.95,43.15,2694,3600,3600,3600,3600,3600,3600,3600,3600,3600,3600,3600,3600,3600,3600,3600,3600,3600,3600,3600,3600,3600,3600,3600
7532,5915706,6,0,5915706,24,36.31,92.64,48.49625,14.634951546583041,64000.0,29749,128,0.179566,7,1,20718.32924444445,274575.1547666172,519.1721555555555,,39.03,39.02,39.68,40.65,39.9,38.46,36.31,36.67,46.24,48.5,49.01,59.73,84.67,92.64,75.81,50.91,43.95,43.15,44.24,43.84,42.18,43.45,43.88,41.99,2694,3600,3600,3600,3600,3600,3600,3600,3600,3600,3600,3600,3600,3600,3600,3600,3600,3600,3600,3600,3600,3600,3600,3600
7515,5915706,4,10,5915706,24,36.31,92.64,48.49625,14.634951546583041,16000.0,13741,32,0.57137,6,2,2420.7205333333336,18438.351180407408,301.91609166666666,,39.03,39.02,39.68,40.65,39.9,38.46,36.31,36.67,46.24,48.5,49.01,59.73,84.67,92.64,75.81,50.91,43.95,43.15,44.24,43.84,42.18,43.45,43.88,41.99,2694,3600,3600,3600,3600,3600,3600,3600,3600,3600,3600,3600,3600,3600,3600,3600,3600,3600,3600,3600,3600,3600,3600,3600
7514,5937306,3,8,5937306,24,36.31,92.64,48.49625,14.634951546583041,128000.0,21512,256,0.888709,6,2,36679.79377777778,314799.5159450864,411.57197777777776,,36.31,36.67,46.24,48.5,49.01,59.73,84.67,92.64,75.81,50.91,43.95,43.15,44.24,43.84,42.18,43.45,43.88,41.99,39.03,39.02,39.68,40.65,39.9,38.46,2694,3600,3600,3600,3600,3600,3600,3600,3600,3600,3600,3600,3600,3600,3600,3600,3600,3600,3600,3600,3600,3600,3600,3600
7552,5951047,8,10,5951047,24,36.31,92.64,48.496249999999996,14.634951546583041,500.0,9156,1,0.705643,14,1,78.59535277777778,277.85929383333337,218.5001,,49.01,59.73,84.67,92.64,75.81,50.91,43.95,43.15,44.24,43.84,42.18,43.45,43.88,41.99,39.03,39.02,39.68,40.65,39.9,38.46,36.31,36.67,46.24,48.5,3353,3600,3600,3600,3600,3600,3600,3600,3600,3600,3600,3600,3600,3600,3600,3600,3600,3600,3600,3600,3600,3600,3600,3600
7567,5972647,15,10,5972647,24,36.31,92.64,48.49625,14.63495154658304,8000.0,8289,16,0.512647,20,1,804.0199777777777,3688.467310500001,200.24252500000003,,43.95,43.15,44.24,43.84,42.18,43.45,43.88,41.99,39.03,39.02,39.68,40.65,39.9,38.46,36.31,36.67,46.24,48.5,49.01,59.73,84.67,92.64,75.81,50.91,3353,3600,3600,3600,3600,3600,3600,3600,3600,3600,3600,3600,3600,3600,3600,3600,3600,3600,3600,3600,3600,3600,3600,3600
7583,5994247,7,6,5994247,24,36.31,92.64,48.49625,14.634951546583041,64000.0,22793,128,0.697941,8,1,16460.758044444447,173770.736654321,428.84236111111113,,43.88,41.99,39.03,39.02,39.68,40.65,39.9,38.46,36.31,36.67,46.24,48.5,49.01,59.73,84.67,92.64,75.81,50.91,43.95,43.15,44.24,43.84,42.18,43.45,3353,3600,3600,3600,3600,3600,3600,3600,3600,3600,3600,3600,3600,3600,3600,3600,3600,3600,3600,3600,3600,3600,3600,3600
7545,5995347,4,0,5995347,24,36.31,92.64,48.49625,14.634951546583041,64000.0,17491,128,0.200307,7,2,12585.214933333335,110873.31639362963,356.56189166666667,,43.88,41.99,39.03,39.02,39.68,40.65,39.9,38.46,36.31,36.67,46.24,48.5,49.01,59.73,84.67,92.64,75.81,50.91,43.95,43.15,44.24,43.84,42.18,43.45,2253,3600,3600,3600,3600,3600,3600,3600,3600,3600,3600,3600,3600,3600,3600,3600,3600,3600,3600,3600,3600,3600,3600,3600
7424,6002536,0,10,6002536,24,36.31,92.64,48.49625,14.634951546583041,4000.0,32703,8,0.734586,6,2,1454.2260222222224,20183.169705416665,555.449125,,39.03,39.02,39.68,40.65,39.9,38.46,36.31,36.67,46.24,48.5,49.01,59.73,84.67,92.64,75.81,50.91,43.95,43.15,44.24,43.84,42.18,43.45,43.88,41.99,2264,3600,3600,3600,3600,3600,3600,3600,3600,3600,3600,3600,3600,3600,3600,3600,3600,3600,3600,3600,3600,3600,3600,3600
7595,6024136,5,10,6024136,24,36.31,92.64,48.49625,14.634951546583041,16000.0,6486,32,0.419147,6,1,1079.9072,4627.173416444445,160.51711666666668,,36.31,36.67,46.24,48.5,49.01,59.73,84.67,92.64,75.81,50.91,43.95,43.15,44.24,43.84,42.18,43.45,43.88,41.99,39.03,39.02,39.68,40.65,39.9,38.46,2264,3600,3600,3600,3600,3600,3600,3600,3600,3600,3600,3600,3600,3600,3600,3600,3600,3600,3600,3600,3600,3600,3600,3600
7433,6045736,0,0,6045736,24,36.31,92.64,48.49624999999998,14.634951546583041,128000.0,25477,256,0.030018,5,2,54219.619555555546,453985.92320493824,501.1718055555556,,84.67,92.64,75.81,50.91,43.95,43.15,44.24,43.84,42.18,43.45,43.88,41.99,39.03,39.02,39.68,40.65,39.9,38.46,36.31,36.67,46.24,48.5,49.01,59.73,2264,3600,3600,3600,3600,3600,3600,3600,3600,3600,3600,3600,3600,3600,3600,3600,3600,3600,3600,3600,3600,3600,3600,3600
7581,6056839,3,0,6056839,24,36.31,92.64,48.496249999999996,14.63495154658304,1000.0,43036,2,0.187847,4,1,508.7970166666667,8230.52767565432,688.4910222222222,,50.91,43.95,43.15,44.24,43.84,42.18,43.45,43.88,41.99,39.03,39.02,39.68,40.65,39.9,38.46,36.31,36.67,46.24,48.5,49.01,59.73,84.67,92.64,75.81,1961,3600,3600,3600,3600,3600,3600,3600,3600,3600,3600,3600,3600,3600,3600,3600,3600,3600,3600,3600,3600,3600,3600,3600
7453,6082316,0,10,6082316,24,36.31,92.64,48.49625,14.634951546583041,1000.0,23857,2,0.378923,3,1,266.9176388888889,2936.908069483025,443.1768055555556,,43.88,41.99,39.03,39.02,39.68,40.65,39.9,38.46,36.31,36.67,46.24,48.5,49.01,59.73,84.67,92.64,75.81,50.91,43.95,43.15,44.24,43.84,42.18,43.45,1684,3600,3600,3600,3600,3600,3600,3600,3600,3600,3600,3600,3600,3600,3600,3600,3600,3600,3600,3600,3600,3600,3600,3600
7609,6103916,2,10,6103916,24,36.31,92.64,48.49625000000001,14.634951546583041,1000.0,18787,2,0.607837,12,2,212.75975,1954.2348585408954,374.4741305555556,,39.9,38.46,36.31,36.67,46.24,48.5,49.01,59.73,84.67,92.64,75.81,50.91,43.95,43.15,44.24,43.84,42.18,43.45,43.88,41.99,39.03,39.02,39.68,40.65,1684,3600,3600,3600,3600,3600,3600,3600,3600,3600,3600,3600,3600,3600,3600,3600,3600,3600,3600,3600,3600,3600,3600,3600
7697,6125516,11,10,6125516,24,36.31,92.64,48.496249999999996,14.634951546583041,8000.0,10193,16,0.995316,12,2,1608.0857777777778,5443.913493018518,240.33759166666667,,49.01,59.73,84.67,92.64,75.81,50.91,43.95,43.15,44.24,43.84,42.18,43.45,43.88,41.99,39.03,39.02,39.68,40.65,39.9,38.46,36.31,36.67,46.24,48.5,1684,3600,3600,3600,3600,3600,3600,3600,3600,3600,3600,3600,3600,3600,3600,3600,3600,3600,3600,3600,3600,3600,3600,3600
7700,6147116,8,10,6147116,24,36.31,92.64,48.49625,14.63495154658304,128000.0,20414,256,0.766539,10,1,31528.540444444447,287881.98619219754,396.6239277777778,,43.95,43.15,44.24,43.84,42.18,43.45,43.88,41.99,39.03,39.02,39.68,40.65,39.9,38.46,36.31,36.67,46.24,48.5,49.01,59.73,84.67,92.64,75.81,50.91,1684,3600,3600,3600,3600,3600,3600,3600,3600,3600,3600,3600,3600,3600,3600,3600,3600,3600,3600,3600,3600,3600,3600,3600
7677,6168716,5,10,6168716,24,36.31,92.64,48.49625,14.634951546583041,96500.0,20785,193,0.899965,14,1,22494.037952777777,223794.4429752797,401.67468055555554,,43.88,41.99,39.03,39.02,39.68,40.65,39.9,38.46,36.31,36.67,46.24,48.5,49.01,59.73,84.67,92.64,75.81,50.91,43.95,43.15,44.24,43.84,42.18,43.45,1684,3600,3600,3600,3600,3600,3600,3600,3600,3600,3600,3600,3600,3600,3600,3600,3600,3600,3600,3600,3600,3600,3600,3600
7725,6190316,11,10,6190316,24,36.31,92.64,48.49625000000001,14.634951546583041,21000.0,4606,42,0.841563,33,1,1047.5016999999998,3124.802242787037,116.30056111111111,,39.9,38.46,36.31,36.67,46.24,48.5,49.01,59.73,84.67,92.64,75.81,50.91,43.95,43.15,44.24,43.84,42.18,43.45,43.88,41.99,39.03,39.02,39.68,40.65,1684,3600,3600,3600,3600,3600,3600,3600,3600,3600,3600,3600,3600,3600,3600,3600,3600,3600,3600,3600,3600,3600,3600,3600
7809,6211916,27,1,6211916,24,36.31,92.64,48.496249999999996,14.634951546583041,500.0,16776,1,0.851554,32,1,172.7809111111111,807.229898,346.4506,,49.01,59.73,84.67,92.64,75.81,50.91,43.95,43.15,44.24,43.84,42.18,43.45,43.88,41.99,39.03,39.02,39.68,40.65,39.9,38.46,36.31,36.67,46.24,48.5,1684,3600,3600,3600,3600,3600,3600,3600,3600,3600,3600,3600,3600,3600,3600,3600,3600,3600,3600,3600,3600,3600,3600,3600
7803,6216522,24,10,6216522,24,36.31,92.64,48.49624999999998,14.63495154658304,500.0,12009,1,0.972367,31,1,135.9391875,455.64034915625,273.179325,,59.73,84.67,92.64,75.81,50.91,43.95,43.15,44.24,43.84,42.18,43.45,43.88,41.99,39.03,39.02,39.68,40.65,39.9,38.46,36.31,36.67,46.24,48.5,49.01,678,3600,3600,3600,3600,3600,3600,3600,3600,3600,3600,3600,3600,3600,3600,3600,3600,3600,3600,3600,3600,3600,3600,3600
7832,6238122,19,10,6238122,24,36.31,92.64,48.49625,14.634951546583041,32000.0,9339,64,0.923409,26,1,3626.388266666667,18458.328042,222.353775,,43.15,44.24,43.84,42.18,43.45,43.88,41.99,39.03,39.02,39.68,40.65,39.9,38.46,36.31,36.67,46.24,48.5,49.01,59.73,84.67,92.64,75.81,50.91,43.95,678,3600,3600,3600,3600,3600,3600,3600,3600,3600,3600,3600,3600,3600,3600,3600,3600,3600,3600,3600,3600,3600,3600,3600
7708,6259722,6,11,6259722,24,36.31,92.64,48.49625,14.63495154658304,18500.0,32539,37,0.749736,25,1,6603.481780555556,92544.24879954281,553.4469583333333,,41.99,39.03,39.02,39.68,40.65,39.9,38.46,36.31,36.67,46.24,48.5,49.01,59.73,84.67,92.64,75.81,50.91,43.95,43.15,44.24,43.84,42.18,43.45,43.88,678,3600,3600,3600,3600,3600,3600,3600,3600,3600,3600,3600,3600,3600,3600,3600,3600,3600,3600,3600,3600,3600,3600,3600
7899,6302922,7,10,6302922,24,36.31,92.64,48.49624999999998,14.63495154658304,64000.0,15738,128,0.726648,17,1,20693.545599999998,93742.42474133335,335.04965000000004,,59.73,84.67,92.64,75.81,50.91,43.95,43.15,44.24,43.84,42.18,43.45,43.88,41.99,39.03,39.02,39.68,40.65,39.9,38.46,36.31,36.67,46.24,48.5,49.01,678,3600,3600,3600,3600,3600,3600,3600,3600,3600,3600,3600,3600,3600,3600,3600,3600,3600,3600,3600,3600,3600,3600,3600
7850,6324522,3,10,6324522,24,36.31,92.64,48.49625,14.634951546583041,59500.0,14832,119,0.665006,16,2,10642.61625,78189.658288,318.9592,,43.15,44.24,43.84,42.18,43.45,43.88,41.99,39.03,39.02,39.68,40.65,39.9,38.46,36.31,36.67,46.24,48.5,49.01,59.73,84.67,92.64,75.81,50.91,43.95,678,3600,3600,3600,3600,3600,3600,3600,3600,3600,3600,3600,3600,3600,3600,3600,3600,3600,3600,3600,3600,3600,3600,3600
7995,6346122,21,6,6346122,24,36.31,92.64,48.49625,14.63495154658304,128000.0,6573,256,0.450661,27,1,9192.110933333333,37992.12891288889,162.56330833333334,,41.99,39.03,39.02,39.68,40.65,39.9,38.46,36.31,36.67,46.24,48.5,49.01,59.73,84.67,92.64,75.81,50.91,43.95,43.15,44.24,43.84,42.18,43.45,43.88,678,3600,3600,3600,3600,3600,3600,3600,3600,3600,3600,3600,3600,3600,3600,3600,3600,3600,3600,3600,3600,3600,3600,3600
7921,6360954,6,10,6360954,24,36.31,92.64,48.49625,14.63495154658304,128000.0,28479,256,0.408788,36,1,44568.3552,509722.89686755557,503.38693333333333,,40.65,39.9,38.46,36.31,36.67,46.24,48.5,49.01,59.73,84.67,92.64,75.81,50.91,43.95,43.15,44.24,43.84,42.18,43.45,43.88,41.99,39.03,39.02,39.68,246,3600,3600,3600,3600,3600,3600,3600,3600,3600,3600,3600,3600,3600,3600,3600,3600,3600,3600,3600,3600,3600,3600,3600
7965,6382554,10,10,6382554,24,36.31,92.64,48.496249999999996,14.63495154658304,64000.0,18787,128,0.967683,32,1,23860.787733333334,125071.0309466173,374.4741305555556,,48.5,49.01,59.73,84.67,92.64,75.81,50.91,43.95,43.15,44.24,43.84,42.18,43.45,43.88,41.99,39.03,39.02,39.68,40.65,39.9,38.46,36.31,36.67,46.24,246,3600,3600,3600,3600,3600,3600,3600,3600,3600,3600,3600,3600,3600,3600,3600,3600,3600,3600,3600,3600,3600,3600,3600
8119,6411033,34,10,6411033,24,36.31,92.64,48.49625,14.634951546583041,128000.0,34078,256,0.600679,43,1,50771.34933333333,693356.2385362963,572.2355833333334,,43.15,44.24,43.84,42.18,43.45,43.88,41.99,39.03,39.02,39.68,40.65,39.9,38.46,36.31,36.67,46.24,48.5,49.01,59.73,84.67,92.64,75.81,50.91,43.95,567,3600,3600,3600,3600,3600,3600,3600,3600,3600,3600,3600,3600,3600,3600,3600,3600,3600,3600,3600,3600,3600,3600,3600
8123,6432633,25,7,6432633,24,36.31,92.64,48.49625,14.63495154658304,70500.0,12420,141,0.736002,36,1,9604.465275,68102.63516250001,279.99850000000004,,41.99,39.03,39.02,39.68,40.65,39.9,38.46,36.31,36.67,46.24,48.5,49.01,59.73,84.67,92.64,75.81,50.91,43.95,43.15,44.24,43.84,42.18,43.45,43.88,567,3600,3600,3600,3600,3600,3600,3600,3600,3600,3600,3600,3600,3600,3600,3600,3600,3600,3600,3600,3600,3600,3600,3600
7792,6466711,1,7,6466711,24,36.31,92.64,48.496249999999996,14.63495154658304,64000.0,16060,128,0.983102,42,1,19087.963377777778,96024.57202962963,336.3251666666667,,48.5,49.01,59.73,84.67,92.64,75.81,50.91,43.95,43.15,44.24,43.84,42.18,43.45,43.88,41.99,39.03,39.02,39.68,40.65,39.9,38.46,36.31,36.67,46.24,2489,3600,3600,3600,3600,3600,3600,3600,3600,3600,3600,3600,3600,3600,3600,3600,3600,3600,3600,3600,3600,3600,3600,3600
8033,6479131,14,10,6479131,24,36.31,92.64,48.49624999999998,14.634951546583041,16000.0,26732,32,0.999445,35,1,6763.944755555556,61552.443150617284,518.0794444444444,,84.67,92.64,75.81,50.91,43.95,43.15,44.24,43.84,42.18,43.45,43.88,41.99,39.03,39.02,39.68,40.65,39.9,38.46,36.31,36.67,46.24,48.5,49.01,59.73,869,3600,3600,3600,3600,3600,3600,3600,3600,3600,3600,3600,3600,3600,3600,3600,3600,3600,3600,3600,3600,3600,3600,3600
8196,6500731,32,10,6500731,24,36.31,92.64,48.49625,14.634951546583041,16000.0,14962,32,0.990314,33,1,2884.5928888888884,21332.32862474075,320.7976166666667,,44.24,43.84,42.18,43.45,43.88,41.99,39.03,39.02,39.68,40.65,39.9,38.46,36.31,36.67,46.24,48.5,49.01,59.73,84.67,92.64,75.81,50.91,43.95,43.15,869,3600,3600,3600,3600,3600,3600,3600,3600,3600,3600,3600,3600,3600,3600,3600,3600,3600,3600,3600,3600,3600,3600,3600
8105,6522331,20,10,6522331,24,36.31,92.64,48.49625,14.634951546583041,128000.0,18812,256,0.766309,31,2,26434.87466666667,250702.57621175307,374.81447777777777,,39.03,39.02,39.68,40.65,39.9,38.46,36.31,36.67,46.24,48.5,49.01,59.73,84.67,92.64,75.81,50.91,43.95,43.15,44.24,43.84,42.18,43.45,43.88,41.99,869,3600,3600,3600,3600,3600,3600,3600,3600,3600,3600,3600,3600,3600,3600,3600,3600,3600,3600,3600,3600,3600,3600,3600
8067,6543931,17,10,6543931,24,36.31,92.64,48.49625,14.634951546583041,128000.0,4851,256,0.606763,31,1,6443.700266666667,21053.396055999998,122.06282499999999,,36.31,36.67,46.24,48.5,49.01,59.73,84.67,92.64,75.81,50.91,43.95,43.15,44.24,43.84,42.18,43.45,43.88,41.99,39.03,39.02,39.68,40.65,39.9,38.46,869,3600,3600,3600,3600,3600,3600,3600,3600,3600,3600,3600,3600,3600,3600,3600,3600,3600,3600,3600,3600,3600,3600,3600
8260,6565531,34,10,6565531,24,36.31,92.64,48.49624999999998,14.634951546583041,8000.0,30122,16,0.509748,36,1,3701.006844444445,37680.63766676544,562.9203555555556,,84.67,92.64,75.81,50.91,43.95,43.15,44.24,43.84,42.18,43.45,43.88,41.99,39.03,39.02,39.68,40.65,39.9,38.46,36.31,36.67,46.24,48.5,49.01,59.73,869,3600,3600,3600,3600,3600,3600,3600,3600,3600,3600,3600,3600,3600,3600,3600,3600,3600,3600,3600,3600,3600,3600,3600
8168,6587131,21,10,6587131,24,36.31,92.64,48.49625,14.634951546583041,64000.0,29177,128,0.990335,34,1,21652.87111111111,265649.66608869133,512.1429111111111,,44.24,43.84,42.18,43.45,43.88,41.99,39.03,39.02,39.68,40.65,39.9,38.46,36.31,36.67,46.24,48.5,49.01,59.73,84.67,92.64,75.81,50.91,43.95,43.15,869,3600,3600,3600,3600,3600,3600,3600,3600,3600,3600,3600,3600,3600,3600,3600,3600,3600,3600,3600,3600,3600,3600,3600
8153,6608731,19,10,6608731,24,36.31,92.64,48.49625,14.634951546583041,32000.0,25172,64,0.395312,46,2,8671.182933333333,103125.27113086417,460.8927777777777,,39.03,39.02,39.68,40.65,39.9,38.46,36.31,36.67,46.24,48.5,49.01,59.73,84.67,92.64,75.81,50.91,43.95,43.15,44.24,43.84,42.18,43.45,43.88,41.99,869,3600,3600,3600,3600,3600,3600,3600,3600,3600,3600,3600,3600,3600,3600,3600,3600,3600,3600,3600,3600,3600,3600,3600
7895,6630331,3,10,6630331,24,36.31,92.64,48.49625,14.634951546583041,64000.0,29052,128,0.758858,44,2,31298.677688888885,263718.20006400003,510.6068,,36.31,36.67,46.24,48.5,49.01,59.73,84.67,92.64,75.81,50.91,43.95,43.15,44.24,43.84,42.18,43.45,43.88,41.99,39.03,39.02,39.68,40.65,39.9,38.46,869,3600,3600,3600,3600,3600,3600,3600,3600,3600,3600,3600,3600,3600,3600,3600,3600,3600,3600,3600,3600,3600,3600,3600
8214,6651931,19,10,6651931,24,36.31,92.64,48.49624999999998,14.634951546583041,128000.0,9030,256,0.695956,42,2,25917.252977777778,70747.22728888888,220.35058333333333,,84.67,92.64,75.81,50.91,43.95,43.15,44.24,43.84,42.18,43.45,43.88,41.99,39.03,39.02,39.68,40.65,39.9,38.46,36.31,36.67,46.24,48.5,49.01,59.73,869,3600,3600,3600,3600,3600,3600,3600,3600,3600,3600,3600,3600,3600,3600,3600,3600,3600,3600,3600,3600,3600,3600,3600
7915,6680983,3,10,6680983,24,36.31,92.64,48.496249999999996,14.63495154658304,128000.0,6405,256,0.940285,37,1,9900.604444444445,36121.24895555555,158.61204166666664,,42.18,43.45,43.88,41.99,39.03,39.02,39.68,40.65,39.9,38.46,36.31,36.67,46.24,48.5,49.01,59.73,84.67,92.64,75.81,50.91,43.95,43.15,44.24,43.84,617,3600,3600,3600,3600,3600,3600,3600,3600,3600,3600,3600,3600,3600,3600,3600,3600,3600,3600,3600,3600,3600,3600,3600
8055,6702583,9,10,6702583,24,36.31,92.64,48.49625,14.634951546583041,128000.0,18082,256,0.475199,35,1,24747.666133333336,234584.67412582715,364.8763388888889,,39.68,40.65,39.9,38.46,36.31,36.67,46.24,48.5,49.01,59.73,84.67,92.64,75.81,50.91,43.95,43.15,44.24,43.84,42.18,43.45,43.88,41.99,39.03,39.02,617,3600,3600,3600,3600,3600,3600,3600,3600,3600,3600,3600,3600,3600,3600,3600,3600,3600,3600,3600,3600,3600,3600,3600
8072,6724183,9,10,6724183,24,36.31,92.64,48.49625,14.634951546583041,64000.0,15084,128,0.931483,32,1,16099.785955555555,86487.74086400002,322.52290000000005,,46.24,48.5,49.01,59.73,84.67,92.64,75.81,50.91,43.95,43.15,44.24,43.84,42.18,43.45,43.88,41.99,39.03,39.02,39.68,40.65,39.9,38.46,36.31,36.67,617,3600,3600,3600,3600,3600,3600,3600,3600,3600,3600,3600,3600,3600,3600,3600,3600,3600,3600,3600,3600,3600,3600,3600
7807,6745783,1,10,6745783,24,36.31,92.64,48.496249999999996,14.634951546583041,64000.0,19249,128,0.883967,31,1,15775.227200000001,139045.5165180741,406.3229416666667,,75.81,50.91,43.95,43.15,44.24,43.84,42.18,43.45,43.88,41.99,39.03,39.02,39.68,40.65,39.9,38.46,36.31,36.67,46.24,48.5,49.01,59.73,84.67,92.64,617,3600,3600,3600,3600,3600,3600,3600,3600,3600,3600,3600,3600,3600,3600,3600,3600,3600,3600,3600,3600,3600,3600,3600
8315,6767383,20,1,6767383,24,36.31,92.64,48.496249999999996,14.63495154658304,64000.0,9106,128,0.44492,28,1,7014.011911111112,35201.31646992593,217.44718333333336,,42.18,43.45,43.88,41.99,39.03,39.02,39.68,40.65,39.9,38.46,36.31,36.67,46.24,48.5,49.01,59.73,84.67,92.64,75.81,50.91,43.95,43.15,44.24,43.84,617,3600,3600,3600,3600,3600,3600,3600,3600,3600,3600,3600,3600,3600,3600,3600,3600,3600,3600,3600,3600,3600,3600,3600
8440,6771600,26,10,6771600,24,36.31,92.64,48.49625,14.634951546583041,128000.0,14349,256,0.479656,27,2,20911.003733333335,159180.191464,312.003825,,43.88,41.99,39.03,39.02,39.68,40.65,39.9,38.46,36.31,36.67,46.24,48.5,49.01,59.73,84.67,92.64,75.81,50.91,43.95,43.15,44.24,43.84,42.18,43.45,3600,3600,3600,3600,3600,3600,3600,3600,3600,3600,3600,3600,3600,3600,3600,3600,3600,3600,3600,3600,3600,3600,3600,3600
8312,6793200,18,10,6793200,24,36.31,92.64,48.49625000000001,14.634951546583041,64000.0,13375,128,0.519443,25,1,9017.551111111112,70345.0199074074,295.8435416666667,,39.9,38.46,36.31,36.67,46.24,48.5,49.01,59.73,84.67,92.64,75.81,50.91,43.95,43.15,44.24,43.84,42.18,43.45,43.88,41.99,39.03,39.02,39.68,40.65,3600,3600,3600,3600,3600,3600,3600,3600,3600,3600,3600,3600,3600,3600,3600,3600,3600,3600,3600,3600,3600,3600,3600,3600
8022,6814800,6,10,6814800,24,36.31,92.64,48.496249999999996,14.634951546583041,128000.0,9495,256,0.522335,23,1,20827.791999999998,76175.6842,225.638875,,49.01,59.73,84.67,92.64,75.81,50.91,43.95,43.15,44.24,43.84,42.18,43.45,43.88,41.99,39.03,39.02,39.68,40.65,39.9,38.46,36.31,36.67,46.24,48.5,3600,3600,3600,3600,3600,3600,3600,3600,3600,3600,3600,3600,3600,3600,3600,3600,3600,3600,3600,3600,3600,3600,3600,3600
8348,6836400,17,10,6836400,24,36.31,92.64,48.49625,14.63495154658304,32000.0,33909,64,0.696803,21,1,12866.108266666668,171857.55612333334,570.172375,,43.95,43.15,44.24,43.84,42.18,43.45,43.88,41.99,39.03,39.02,39.68,40.65,39.9,38.46,36.31,36.67,46.24,48.5,49.01,59.73,84.67,92.64,75.81,50.91,3600,3600,3600,3600,3600,3600,3600,3600,3600,3600,3600,3600,3600,3600,3600,3600,3600,3600,3600,3600,3600,3600,3600,3600
7967,6858000,3,6,6858000,24,36.31,92.64,48.49625,14.634951546583041,64000.0,21997,128,0.382789,19,1,15913.605333333335,163508.48059506173,418.11847222222224,,43.88,41.99,39.03,39.02,39.68,40.65,39.9,38.46,36.31,36.67,46.24,48.5,49.01,59.73,84.67,92.64,75.81,50.91,43.95,43.15,44.24,43.84,42.18,43.45,3600,3600,3600,3600,3600,3600,3600,3600,3600,3600,3600,3600,3600,3600,3600,3600,3600,3600,3600,3600,3600,3600,3600,3600
7924,6859100,2,10,6859100,24,36.31,92.64,48.49625,14.634951546583041,32000.0,26663,64,0.384826,18,2,9539.955377777778,113776.69067298764,480.0614222222222,,43.88,41.99,39.03,39.02,39.68,40.65,39.9,38.46,36.31,36.67,46.24,48.5,49.01,59.73,84.67,92.64,75.81,50.91,43.95,43.15,44.24,43.84,42.18,43.45,2500,3600,3600,3600,3600,3600,3600,3600,3600,3600,3600,3600,3600,3600,3600,3600,3600,3600,3600,3600,3600,3600,3600,3600
8415,6880700,15,10,6880700,24,36.31,92.64,48.49625000000001,14.634951546583041,76000.0,22390,152,0.502229,17,3,19731.012333333336,200137.94218209872,423.4130555555555,,39.9,38.46,36.31,36.67,46.24,48.5,49.01,59.73,84.67,92.64,75.81,50.91,43.95,43.15,44.24,43.84,42.18,43.45,43.88,41.99,39.03,39.02,39.68,40.65,2500,3600,3600,3600,3600,3600,3600,3600,3600,3600,3600,3600,3600,3600,3600,3600,3600,3600,3600,3600,3600,3600,3600,3600
7747,6902300,0,7,6902300,24,36.31,92.64,48.496249999999996,14.634951546583041,128000.0,10698,256,0.390618,16,2,26126.923377777777,95463.075232,250.97205000000002,,49.01,59.73,84.67,92.64,75.81,50.91,43.95,43.15,44.24,43.84,42.18,43.45,43.88,41.99,39.03,39.02,39.68,40.65,39.9,38.46,36.31,36.67,46.24,48.5,2500,3600,3600,3600,3600,3600,3600,3600,3600,3600,3600,3600,3600,3600,3600,3600,3600,3600,3600,3600,3600,3600,3600,3600
8002,6924690,1,10,6924690,24,36.31,92.64,48.49625,14.63495154658304,2000.0,30056,4,0.902273,14,1,715.4282666666668,8732.016802567901,522.9448444444445,,43.95,43.15,44.24,43.84,42.18,43.45,43.88,41.99,39.03,39.02,39.68,40.65,39.9,38.46,36.31,36.67,46.24,48.5,49.01,59.73,84.67,92.64,75.81,50.91,1710,3600,3600,3600,3600,3600,3600,3600,3600,3600,3600,3600,3600,3600,3600,3600,3600,3600,3600,3600,3600,3600,3600,3600
8147,6946290,2,10,6946290,24,36.31,92.64,48.49625,14.634951546583041,50500.0,23216,101,0.365024,12,1,13133.593916666667,141516.52083209876,434.5411111111111,,43.88,41.99,39.03,39.02,39.68,40.65,39.9,38.46,36.31,36.67,46.24,48.5,49.01,59.73,84.67,92.64,75.81,50.91,43.95,43.15,44.24,43.84,42.18,43.45,1710,3600,3600,3600,3600,3600,3600,3600,3600,3600,3600,3600,3600,3600,3600,3600,3600,3600,3600,3600,3600,3600,3600,3600
8257,6967890,5,0,6967890,24,36.31,92.64,48.49625000000001,14.634951546583041,16000.0,38837,32,0.082637,11,2,9646.882533333333,108791.9093922469,630.2798777777778,,39.9,38.46,36.31,36.67,46.24,48.5,49.01,59.73,84.67,92.64,75.81,50.91,43.95,43.15,44.24,43.84,42.18,43.45,43.88,41.99,39.03,39.02,39.68,40.65,1710,3600,3600,3600,3600,3600,3600,3600,3600,3600,3600,3600,3600,3600,3600,3600,3600,3600,3600,3600,3600,3600,3600,3600
7875,6967890,0,0,6967890,24,36.31,92.64,48.49625000000001,14.634951546583041,42000.0,23843,84,0.176436,10,3,11885.406049999998,123225.28773495367,442.9881944444444,,39.9,38.46,36.31,36.67,46.24,48.5,49.01,59.73,84.67,92.64,75.81,50.91,43.95,43.15,44.24,43.84,42.18,43.45,43.88,41.99,39.03,39.02,39.68,40.65,1710,3600,3600,3600,3600,3600,3600,3600,3600,3600,3600,3600,3600,3600,3600,3600,3600,3600,3600,3600,3600,3600,3600,3600
8331,6967890,7,0,6967890,24,36.31,92.64,48.49625000000001,14.634951546583041,8000.0,28668,16,0.21604,9,4,3001.757466666667,32223.75787022222,505.8145333333333,,39.9,38.46,36.31,36.67,46.24,48.5,49.01,59.73,84.67,92.64,75.81,50.91,43.95,43.15,44.24,43.84,42.18,43.45,43.88,41.99,39.03,39.02,39.68,40.65,1710,3600,3600,3600,3600,3600,3600,3600,3600,3600,3600,3600,3600,3600,3600,3600,3600,3600,3600,3600,3600,3600,3600,3600
8215,6967890,1,0,6967890,24,36.31,92.64,48.49625000000001,14.634951546583041,4000.0,30595,8,0.291082,8,5,1682.9193333333335,18002.388841358028,529.5685555555556,,39.9,38.46,36.31,36.67,46.24,48.5,49.01,59.73,84.67,92.64,75.81,50.91,43.95,43.15,44.24,43.84,42.18,43.45,43.88,41.99,39.03,39.02,39.68,40.65,1710,3600,3600,3600,3600,3600,3600,3600,3600,3600,3600,3600,3600,3600,3600,3600,3600,3600,3600,3600,3600,3600,3600,3600
8220,6967890,1,0,6967890,24,36.31,92.64,48.49625000000001,14.634951546583041,64000.0,25123,128,0.009133,7,6,19470.284266666666,205554.2148765432,460.23263888888886,,39.9,38.46,36.31,36.67,46.24,48.5,49.01,59.73,84.67,92.64,75.81,50.91,43.95,43.15,44.24,43.84,42.18,43.45,43.88,41.99,39.03,39.02,39.68,40.65,1710,3600,3600,3600,3600,3600,3600,3600,3600,3600,3600,3600,3600,3600,3600,3600,3600,3600,3600,3600,3600,3600,3600,3600
8288,6991733,3,2,6991733,24,36.31,92.64,48.49624999999998,14.63495154658304,1500.0,45256,3,0.752988,6,4,1034.706675,13658.779567851856,724.3475111111112,,59.73,84.67,92.64,75.81,50.91,43.95,43.15,44.24,43.84,42.18,43.45,43.88,41.99,39.03,39.02,39.68,40.65,39.9,38.46,36.31,36.67,46.24,48.5,49.01,3067,3600,3600,3600,3600,3600,3600,3600,3600,3600,3600,3600,3600,3600,3600,3600,3600,3600,3600,3600,3600,3600,3600,3600
8051,6996558,0,10,6996558,24,36.31,92.64,48.49624999999998,14.634951546583041,1000.0,36420,2,0.815052,5,4,550.0402166666667,6490.322208333335,641.5475000000001,,84.67,92.64,75.81,50.91,43.95,43.15,44.24,43.84,42.18,43.45,43.88,41.99,39.03,39.02,39.68,40.65,39.9,38.46,36.31,36.67,46.24,48.5,49.01,59.73,1842,3600,3600,3600,3600,3600,3600,3600,3600,3600,3600,3600,3600,3600,3600,3600,3600,3600,3600,3600,3600,3600,3600,3600
8308,7018158,2,10,7018158,24,36.31,92.64,48.49625,14.634951546583041,1000.0,33034,2,0.945228,4,2,382.71579999999994,5134.411814617285,559.5411555555556,,44.24,43.84,42.18,43.45,43.88,41.99,39.03,39.02,39.68,40.65,39.9,38.46,36.31,36.67,46.24,48.5,49.01,59.73,84.67,92.64,75.81,50.91,43.95,43.15,1842,3600,3600,3600,3600,3600,3600,3600,3600,3600,3600,3600,3600,3600,3600,3600,3600,3600,3600,3600,3600,3600,3600,3600
8422,7039758,2,10,7039758,24,36.31,92.64,48.49625,14.634951546583041,500.0,65655,1,0.857921,3,3,458.69060833333333,8609.595475,944.164,,39.03,39.02,39.68,40.65,39.9,38.46,36.31,36.67,46.24,48.5,49.01,59.73,84.67,92.64,75.81,50.91,43.95,43.15,44.24,43.84,42.18,43.45,43.88,41.99,1842,3600,3600,3600,3600,3600,3600,3600,3600,3600,3600,3600,3600,3600,3600,3600,3600,3600,3600,3600,3600,3600,3600,3600
8242,7061358,0,10,7061358,24,36.31,92.64,48.49625,14.634951546583041,2000.0,38206,4,0.488626,2,2,1222.1431222222222,13214.790804271604,622.5886888888889,,36.31,36.67,46.24,48.5,49.01,59.73,84.67,92.64,75.81,50.91,43.95,43.15,44.24,43.84,42.18,43.45,43.88,41.99,39.03,39.02,39.68,40.65,39.9,38.46,1842,3600,3600,3600,3600,3600,3600,3600,3600,3600,3600,3600,3600,3600,3600,3600,3600,3600,3600,3600,3600,3600,3600,3600
8270,7082958,0,6,7082958,24,36.31,92.64,48.49624999999998,14.634951546583041,500.0,29295,1,0.433656,1,2,232.1302333333333,2247.1624874999998,552.298,,84.67,92.64,75.81,50.91,43.95,43.15,44.24,43.84,42.18,43.45,43.88,41.99,39.03,39.02,39.68,40.65,39.9,38.46,36.31,36.67,46.24,48.5,49.01,59.73,1842,3600,3600,3600,3600,3600,3600,3600,3600,3600,3600,3600,3600,3600,3600,3600,3600,3600,3600,3600,3600,3600,3600,3600
9274,7207802,0,10,7207802,24,106.15,249.45,192.43208333333334,44.31078894008834,2000.0,4,4,0.801172,1,0,0.5543333333333333,0.0006159259259259259,0.2771666666666667,,249.45,229.67,235.93,229.84,228.52,227.78,235.91,235.03,204.64,163.17,150.58,152.73,144.49,227.0,212.14,187.55,232.44,227.34,202.86,153.81,123.96,125.58,106.15,131.8,2998,3600,3600,3600,3600,3600,3600,3600,3600,3600,3600,3600,3600,3600,3600,3600,3600,3600,3600,3600,3600,3600,3600,3600
9301,7229402,2,10,7229402,24,106.15,249.45,192.43208333333334,44.310788940088344,112500.0,15842,225,0.535417,3,1,99539.61562499999,520480.282160764,1051.3425722222223,,235.91,235.03,204.64,163.17,150.58,152.73,144.49,227.0,212.14,187.55,232.44,227.34,202.86,153.81,123.96,125.58,106.15,131.8,249.45,229.67,235.93,229.84,228.52,227.78,2998,3600,3600,3600,3600,3600,3600,3600,3600,3600,3600,3600,3600,3600,3600,3600,3600,3600,3600,3600,3600,3600,3600,3600
9283,7251002,0,0,7251002,24,106.15,249.45,192.43208333333334,44.31078894008835,8000.0,26645,16,0.203763,2,1,11976.92908888889,103027.06030432097,1739.9953888888888,,144.49,227.0,212.14,187.55,232.44,227.34,202.86,153.81,123.96,125.58,106.15,131.8,249.45,229.67,235.93,229.84,228.52,227.78,235.91,235.03,204.64,163.17,150.58,152.73,2998,3600,3600,3600,3600,3600,3600,3600,3600,3600,3600,3600,3600,3600,3600,3600,3600,3600,3600,3600,3600,3600,3600,3600
9292,7251002,0,10,7251002,24,106.15,249.45,192.43208333333334,44.31078894008835,500.0,22437,1,0.382405,1,2,643.9428555555555,4587.11462446875,1471.998275,,144.49,227.0,212.14,187.55,232.44,227.34,202.86,153.81,123.96,125.58,106.15,131.8,249.45,229.67,235.93,229.84,228.52,227.78,235.91,235.03,204.64,163.17,150.58,152.73,2998,3600,3600,3600,3600,3600,3600,3600,3600,3600,3600,3600,3600,3600,3600,3600,3600,3600,3600,3600,3600,3600,3600,3600
9312,7285390,0,0,7285390,24,106.15,249.45,192.43208333333334,44.31078894008835,8000.0,714,16,0.103419,1,1,199.2536,78.49914333333334,49.47425,,125.58,106.15,131.8,249.45,229.67,235.93,229.84,228.52,227.78,235.91,235.03,204.64,163.17,150.58,152.73,144.49,227.0,212.14,187.55,232.44,227.34,202.86,153.81,123.96,1010,3600,3600,3600,3600,3600,3600,3600,3600,3600,3600,3600,3600,3600,3600,3600,3600,3600,3600,3600,3600,3600,3600,3600
9313,7285725,0,10,7285725,24,106.15,249.45,192.43208333333334,44.31078894008835,8000.0,8,16,0.459128,1,2,2.2325333333333335,0.009854814814814815,0.5543333333333333,,125.58,106.15,131.8,249.45,229.67,235.93,229.84,228.52,227.78,235.91,235.03,204.64,163.17,150.58,152.73,144.49,227.0,212.14,187.55,232.44,227.34,202.86,153.81,123.96,675,3600,3600,3600,3600,3600,3600,3600,3600,3600,3600,3600,3600,3600,3600,3600,3600,3600,3600,3600,3600,3600,3600,3600
9367,7307325,8,10,7307325,24,106.15,249.45,192.43208333333337,44.310788940088344,500.0,15019,1,0.512657,16,1,483.33948888888887,2078.226520634259,996.2867666666666,,229.84,228.52,227.78,235.91,235.03,204.64,163.17,150.58,152.73,144.49,227.0,212.14,187.55,232.44,227.34,202.86,153.81,123.96,125.58,106.15,131.8,249.45,229.67,235.93,675,3600,3600,3600,3600,3600,3600,3600,3600,3600,3600,3600,3600,3600,3600,3600,3600,3600,3600,3600,3600,3600,3600,3600
9331,7328925,0,10,7328925,24,106.15,249.45,192.43208333333337,44.31078894008835,64000.0,17545,128,0.908302,9,1,54460.54311111111,361624.1798074074,1159.3821666666665,,163.17,150.58,152.73,144.49,227.0,212.14,187.55,232.44,227.34,202.86,153.81,123.96,125.58,106.15,131.8,249.45,229.67,235.93,229.84,228.52,227.78,235.91,235.03,204.64,675,3600,3600,3600,3600,3600,3600,3600,3600,3600,3600,3600,3600,3600,3600,3600,3600,3600,3600,3600,3600,3600,3600,3600
9343,7350525,0,9,7350525,24,106.15,249.45,192.43208333333337,44.31078894008835,128000.0,12457,256,0.546483,5,1,94689.48160000001,367384.76109106175,829.4690861111111,,187.55,232.44,227.34,202.86,153.81,123.96,125.58,106.15,131.8,249.45,229.67,235.93,229.84,228.52,227.78,235.91,235.03,204.64,163.17,150.58,152.73,144.49,227.0,212.14,675,3600,3600,3600,3600,3600,3600,3600,3600,3600,3600,3600,3600,3600,3600,3600,3600,3600,3600,3600,3600,3600,3600,3600
9357,7368070,0,6,7368070,24,106.15,249.45,192.43208333333334,44.310788940088344,83500.0,18650,167,0.727744,4,1,71053.23950000001,532180.9475540123,1230.2588888888888,,123.96,125.58,106.15,131.8,249.45,229.67,235.93,229.84,228.52,227.78,235.91,235.03,204.64,163.17,150.58,152.73,144.49,227.0,212.14,187.55,232.44,227.34,202.86,153.81,1130,3600,3600,3600,3600,3600,3600,3600,3600,3600,3600,3600,3600,3600,3600,3600,3600,3600,3600,3600,3600,3600,3600,3600
9374,7380527,0,7,7380527,24,106.15,249.45,192.43208333333334,44.31078894008834,16000.0,25108,32,0.392826,10,1,26063.724000000002,185484.10141945677,1662.176311111111,,249.45,229.67,235.93,229.84,228.52,227.78,235.91,235.03,204.64,163.17,150.58,152.73,144.49,227.0,212.14,187.55,232.44,227.34,202.86,153.81,123.96,125.58,106.15,131.8,3073,3600,3600,3600,3600,3600,3600,3600,3600,3600,3600,3600,3600,3600,3600,3600,3600,3600,3600,3600,3600,3600,3600,3600
9405,7382727,2,6,7382727,24,106.15,249.45,192.43208333333334,44.31078894008834,4000.0,15696,8,0.357745,5,2,4044.8631,18405.317952,1055.3508,,249.45,229.67,235.93,229.84,228.52,227.78,235.91,235.03,204.64,163.17,150.58,152.73,144.49,227.0,212.14,187.55,232.44,227.34,202.86,153.81,123.96,125.58,106.15,131.8,873,3600,3600,3600,3600,3600,3600,3600,3600,3600,3600,3600,3600,3600,3600,3600,3600,3600,3600,3600,3600,3600,3600,3600
9415,7383827,5,2,7383827,24,106.15,249.45,192.43208333333334,44.310788940088344,32000.0,9087,64,0.795239,8,3,18754.725955555557,49193.8806291111,609.0361583333333,,229.67,235.93,229.84,228.52,227.78,235.91,235.03,204.64,163.17,150.58,152.73,144.49,227.0,212.14,187.55,232.44,227.34,202.86,153.81,123.96,125.58,106.15,131.8,249.45,3373,3600,3600,3600,3600,3600,3600,3600,3600,3600,3600,3600,3600,3600,3600,3600,3600,3600,3600,3600,3600,3600,3600,3600
9460,7399177,17,6,7399177,24,106.15,249.45,192.43208333333337,44.310788940088344,16000.0,118,32,0.400344,24,3,119.45795555555557,4.288076296296296,8.176416666666666,,227.78,235.91,235.03,204.64,163.17,150.58,152.73,144.49,227.0,212.14,187.55,232.44,227.34,202.86,153.81,123.96,125.58,106.15,131.8,249.45,229.67,235.93,229.84,228.52,2423,3600,3600,3600,3600,3600,3600,3600,3600,3600,3600,3600,3600,3600,3600,3600,3600,3600,3600,3600,3600,3600,3600,3600
9467,7400277,16,6,7400277,24,106.15,249.45,192.43208333333337,44.310788940088344,60000.0,8990,120,0.848672,24,3,34871.73033333333,90301.50755092593,602.6796944444444,,227.78,235.91,235.03,204.64,163.17,150.58,152.73,144.49,227.0,212.14,187.55,232.44,227.34,202.86,153.81,123.96,125.58,106.15,131.8,249.45,229.67,235.93,229.84,228.52,1323,3600,3600,3600,3600,3600,3600,3600,3600,3600,3600,3600,3600,3600,3600,3600,3600,3600,3600,3600,3600,3600,3600,3600
9445,7401377,10,10,7401377,24,106.15,249.45,192.43208333333337,44.310788940088344,2000.0,10065,4,0.987955,28,3,1270.4654555555555,3763.8908579861113,673.1250416666667,,227.78,235.91,235.03,204.64,163.17,150.58,152.73,144.49,227.0,212.14,187.55,232.44,227.34,202.86,153.81,123.96,125.58,106.15,131.8,249.45,229.67,235.93,229.84,228.52,223,3600,3600,3600,3600,3600,3600,3600,3600,3600,3600,3600,3600,3600,3600,3600,3600,3600,3600,3600,3600,3600,3600,3600
9394,7422977,1,10,7422977,24,106.15,249.45,192.43208333333337,44.31078894008835,91500.0,30244,183,0.511357,17,1,149980.7495625,1512924.0970873705,1968.155088888889,,152.73,144.49,227.0,212.14,187.55,232.44,227.34,202.86,153.81,123.96,125.58,106.15,131.8,249.45,229.67,235.93,229.84,228.52,227.78,235.91,235.03,204.64,163.17,150.58,223,3600,3600,3600,3600,3600,3600,3600,3600,3600,3600,3600,3600,3600,3600,3600,3600,3600,3600,3600,3600,3600,3600,3600
9468,7444577,4,12,7444577,24,106.15,249.45,192.43208333333337,44.31078894008835,16000.0,22463,32,0.967153,8,1,14441.425866666666,147123.3655706543,1473.6570027777777,,227.34,202.86,153.81,123.96,125.58,106.15,131.8,249.45,229.67,235.93,229.84,228.52,227.78,235.91,235.03,204.64,163.17,150.58,152.73,144.49,227.0,212.14,187.55,232.44,223,3600,3600,3600,3600,3600,3600,3600,3600,3600,3600,3600,3600,3600,3600,3600,3600,3600,3600,3600,3600,3600,3600,3600
9571,7530977,6,10,7530977,24,106.15,249.45,192.43208333333337,44.31078894008835,64000.0,11436,128,0.648622,15,1,32583.633066666665,155084.75823644444,762.8119666666666,,227.34,202.86,153.81,123.96,125.58,106.15,131.8,249.45,229.67,235.93,229.84,228.52,227.78,235.91,235.03,204.64,163.17,150.58,152.73,144.49,227.0,212.14,187.55,232.44,223,3600,3600,3600,3600,3600,3600,3600,3600,3600,3600,3600,3600,3600,3600,3600,3600,3600,3600,3600,3600,3600,3600,3600
9613,7552577,7,10,7552577,24,106.15,249.45,192.43208333333334,44.310788940088344,123500.0,23947,247,0.899869,13,2,191244.83545555556,1288408.5469814972,1568.3320805555554,,131.8,249.45,229.67,235.93,229.84,228.52,227.78,235.91,235.03,204.64,163.17,150.58,152.73,144.49,227.0,212.14,187.55,232.44,227.34,202.86,153.81,123.96,125.58,106.15,223,3600,3600,3600,3600,3600,3600,3600,3600,3600,3600,3600,3600,3600,3600,3600,3600,3600,3600,3600,3600,3600,3600,3600
9657,7574177,7,10,7574177,24,106.15,249.45,192.43208333333337,44.310788940088344,128000.0,16631,256,0.978637,23,1,119916.78506666666,650674.6342601482,1100.3682333333334,,227.78,235.91,235.03,204.64,163.17,150.58,152.73,144.49,227.0,212.14,187.55,232.44,227.34,202.86,153.81,123.96,125.58,106.15,131.8,249.45,229.67,235.93,229.84,228.52,223,3600,3600,3600,3600,3600,3600,3600,3600,3600,3600,3600,3600,3600,3600,3600,3600,3600,3600,3600,3600,3600,3600,3600
9699,7598124,8,10,7598124,24,106.15,249.45,192.43208333333334,44.31078894008835,64000.0,11313,128,0.623795,38,1,40688.721600000004,151801.710588,754.7817749999999,,144.49,227.0,212.14,187.55,232.44,227.34,202.86,153.81,123.96,125.58,106.15,131.8,249.45,229.67,235.93,229.84,228.52,227.78,235.91,235.03,204.64,163.17,150.58,152.73,1476,3600,3600,3600,3600,3600,3600,3600,3600,3600,3600,3600,3600,3600,3600,3600,3600,3600,3600,3600,3600,3600,3600,3600
9730,7619724,10,7,7619724,24,106.15,249.45,192.43208333333334,44.31078894008835,64000.0,8018,128,0.637045,38,1,21650.269866666666,76827.97631032098,538.9839944444444,,202.86,153.81,123.96,125.58,106.15,131.8,249.45,229.67,235.93,229.84,228.52,227.78,235.91,235.03,204.64,163.17,150.58,152.73,144.49,227.0,212.14,187.55,232.44,227.34,1476,3600,3600,3600,3600,3600,3600,3600,3600,3600,3600,3600,3600,3600,3600,3600,3600,3600,3600,3600,3600,3600,3600,3600
9722,7621924,9,10,7621924,24,106.15,249.45,192.43208333333334,44.31078894008835,82500.0,26386,165,0.995914,38,2,100209.53845833332,1042197.5861071296,1723.5546444444444,,153.81,123.96,125.58,106.15,131.8,249.45,229.67,235.93,229.84,228.52,227.78,235.91,235.03,204.64,163.17,150.58,152.73,144.49,227.0,212.14,187.55,232.44,227.34,202.86,2876,3600,3600,3600,3600,3600,3600,3600,3600,3600,3600,3600,3600,3600,3600,3600,3600,3600,3600,3600,3600,3600,3600,3600
9891,7643524,38,10,7643524,24,106.15,249.45,192.43208333333334,44.310788940088344,32000.0,12698,64,0.955195,50,1,26102.065422222222,95399.00611387653,845.2030388888888,,229.67,235.93,229.84,228.52,227.78,235.91,235.03,204.64,163.17,150.58,152.73,144.49,227.0,212.14,187.55,232.44,227.34,202.86,153.81,123.96,125.58,106.15,131.8,249.45,2876,3600,3600,3600,3600,3600,3600,3600,3600,3600,3600,3600,3600,3600,3600,3600,3600,3600,3600,3600,3600,3600,3600,3600
9610,7665124,6,10,7665124,24,106.15,249.45,192.43208333333334,44.31078894008835,118500.0,12668,237,0.315112,40,2,78682.86898333333,351623.10011468513,843.2444555555555,,235.03,204.64,163.17,150.58,152.73,144.49,227.0,212.14,187.55,232.44,227.34,202.86,153.81,123.96,125.58,106.15,131.8,249.45,229.67,235.93,229.84,228.52,227.78,235.91,2876,3600,3600,3600,3600,3600,3600,3600,3600,3600,3600,3600,3600,3600,3600,3600,3600,3600,3600,3600,3600,3600,3600,3600
9470,7686724,1,10,7686724,24,106.15,249.45,192.43208333333328,44.310788940088344,128000.0,16729,256,0.373906,39,1,128803.16515555557,658272.4793090369,1106.6957666666665,,227.0,212.14,187.55,232.44,227.34,202.86,153.81,123.96,125.58,106.15,131.8,249.45,229.67,235.93,229.84,228.52,227.78,235.91,235.03,204.64,163.17,150.58,152.73,144.49,2876,3600,3600,3600,3600,3600,3600,3600,3600,3600,3600,3600,3600,3600,3600,3600,3600,3600,3600,3600,3600,3600,3600,3600
9674,7708324,5,10,7708324,24,106.15,249.45,192.43208333333334,44.31078894008835,55500.0,43480,111,0.449269,39,1,128372.29673333334,1868150.057151852,2786.9664444444447,,153.81,123.96,125.58,106.15,131.8,249.45,229.67,235.93,229.84,228.52,227.78,235.91,235.03,204.64,163.17,150.58,152.73,144.49,227.0,212.14,187.55,232.44,227.34,202.86,2876,3600,3600,3600,3600,3600,3600,3600,3600,3600,3600,3600,3600,3600,3600,3600,3600,3600,3600,3600,3600,3600,3600,3600
9986,7729924,34,10,7729924,24,106.15,249.45,192.43208333333334,44.310788940088344,16000.0,23756,32,0.917391,38,1,24471.756977777783,164301.43842113583,1556.1468111111112,,229.67,235.93,229.84,228.52,227.78,235.91,235.03,204.64,163.17,150.58,152.73,144.49,227.0,212.14,187.55,232.44,227.34,202.86,153.81,123.96,125.58,106.15,131.8,249.45,2876,3600,3600,3600,3600,3600,3600,3600,3600,3600,3600,3600,3600,3600,3600,3600,3600,3600,3600,3600,3600,3600,3600,3600
9798,7751524,14,10,7751524,24,106.15,249.45,192.43208333333334,44.31078894008835,64000.0,18723,128,0.740424,30,2,58685.42773333334,412082.9781173334,1238.0317,,235.03,204.64,163.17,150.58,152.73,144.49,227.0,212.14,187.55,232.44,227.34,202.86,153.81,123.96,125.58,106.15,131.8,249.45,229.67,235.93,229.84,228.52,227.78,235.91,2876,3600,3600,3600,3600,3600,3600,3600,3600,3600,3600,3600,3600,3600,3600,3600,3600,3600,3600,3600,3600,3600,3600,3600
9567,7773404,3,7,7773404,24,106.15,249.45,192.43208333333328,44.310788940088344,128000.0,9270,256,0.507927,28,2,68605.32266666666,204690.91120000003,621.0282500000001,,227.0,212.14,187.55,232.44,227.34,202.86,153.81,123.96,125.58,106.15,131.8,249.45,229.67,235.93,229.84,228.52,227.78,235.91,235.03,204.64,163.17,150.58,152.73,144.49,2596,3600,3600,3600,3600,3600,3600,3600,3600,3600,3600,3600,3600,3600,3600,3600,3600,3600,3600,3600,3600,3600,3600,3600
9596,7792127,3,0,7792127,24,106.15,249.45,192.43208333333334,44.31078894008835,110000.0,16855,220,0.268267,26,1,69998.63383333334,574153.534599537,1114.8311666666666,,202.86,153.81,123.96,125.58,106.15,131.8,249.45,229.67,235.93,229.84,228.52,227.78,235.91,235.03,204.64,163.17,150.58,152.73,144.49,227.0,212.14,187.55,232.44,227.34,1873,3600,3600,3600,3600,3600,3600,3600,3600,3600,3600,3600,3600,3600,3600,3600,3600,3600,3600,3600,3600,3600,3600,3600
9761,7801397,4,10,7801397,24,106.15,249.45,192.43208333333334,44.31078894008835,64000.0,20256,128,0.410259,25,1,63778.436088888884,479947.6685937778,1332.7930666666666,,125.58,106.15,131.8,249.45,229.67,235.93,229.84,228.52,227.78,235.91,235.03,204.64,163.17,150.58,152.73,144.49,227.0,212.14,187.55,232.44,227.34,202.86,153.81,123.96,3403,3600,3600,3600,3600,3600,3600,3600,3600,3600,3600,3600,3600,3600,3600,3600,3600,3600,3600,3600,3600,3600,3600,3600
9979,7822997,23,10,7822997,24,106.15,249.45,192.43208333333337,44.310788940088344,16000.0,52574,32,0.931809,24,1,47503.54071111111,777636.0303671112,3328.0349,,229.84,228.52,227.78,235.91,235.03,204.64,163.17,150.58,152.73,144.49,227.0,212.14,187.55,232.44,227.34,202.86,153.81,123.96,125.58,106.15,131.8,249.45,229.67,235.93,3403,3600,3600,3600,3600,3600,3600,3600,3600,3600,3600,3600,3600,3600,3600,3600,3600,3600,3600,3600,3600,3600,3600,3600
9842,7844597,12,10,7844597,24,106.15,249.45,192.43208333333337,44.31078894008835,128000.0,40692,256,0.6677,22,1,267464.3893333333,3795401.2676835554,2623.2591333333335,,163.17,150.58,152.73,144.49,227.0,212.14,187.55,232.44,227.34,202.86,153.81,123.96,125.58,106.15,131.8,249.45,229.67,235.93,229.84,228.52,227.78,235.91,235.03,204.64,3403,3600,3600,3600,3600,3600,3600,3600,3600,3600,3600,3600,3600,3600,3600,3600,3600,3600,3600,3600,3600,3600,3600,3600
9516,7897171,1,0,7897171,24,106.15,249.45,192.43208333333334,44.310788940088344,64000.0,22056,128,0.082794,10,1,89425.6401777778,567649.5014968889,1447.6915333333334,,131.8,249.45,229.67,235.93,229.84,228.52,227.78,235.91,235.03,204.64,163.17,150.58,152.73,144.49,227.0,212.14,187.55,232.44,227.34,202.86,153.81,123.96,125.58,106.15,1229,3600,3600,3600,3600,3600,3600,3600,3600,3600,3600,3600,3600,3600,3600,3600,3600,3600,3600,3600,3600,3600,3600,3600
9882,7937863,6,8,7937863,24,106.15,249.45,192.43208333333337,44.310788940088344,64000.0,18156,128,0.376523,9,1,59575.499022222226,386914.76406044443,1198.7197333333334,,150.58,152.73,144.49,227.0,212.14,187.55,232.44,227.34,202.86,153.81,123.96,125.58,106.15,131.8,249.45,229.67,235.93,229.84,228.52,227.78,235.91,235.03,204.64,163.17,137,3600,3600,3600,3600,3600,3600,3600,3600,3600,3600,3600,3600,3600,3600,3600,3600,3600,3600,3600,3600,3600,3600,3600
9795,7943263,1,0,7943263,24,106.15,249.45,192.43208333333334,44.31078894008835,128000.0,10737,256,0.05302,8,2,76830.61795555556,273783.60287199996,717.161575,,144.49,227.0,212.14,187.55,232.44,227.34,202.86,153.81,123.96,125.58,106.15,131.8,249.45,229.67,235.93,229.84,228.52,227.78,235.91,235.03,204.64,163.17,150.58,152.73,1937,3600,3600,3600,3600,3600,3600,3600,3600,3600,3600,3600,3600,3600,3600,3600,3600,3600,3600,3600,3600,3600,3600,3600
9504,7961419,0,10,7961419,24,106.15,249.45,192.43208333333337,44.31078894008835,128000.0,18468,256,0.413294,7,1,100622.70542222222,800207.244288,1218.6392,,227.34,202.86,153.81,123.96,125.58,106.15,131.8,249.45,229.67,235.93,229.84,228.52,227.78,235.91,235.03,204.64,163.17,150.58,152.73,144.49,227.0,212.14,187.55,232.44,1781,3600,3600,3600,3600,3600,3600,3600,3600,3600,3600,3600,3600,3600,3600,3600,3600,3600,3600,3600,3600,3600,3600,3600
9843,7983019,3,10,7983019,24,106.15,249.45,192.43208333333334,44.310788940088344,128000.0,11234,256,0.391189,6,1,88573.08764444444,299423.21602646913,749.6241722222222,,131.8,249.45,229.67,235.93,229.84,228.52,227.78,235.91,235.03,204.64,163.17,150.58,152.73,144.49,227.0,212.14,187.55,232.44,227.34,202.86,153.81,123.96,125.58,106.15,1781,3600,3600,3600,3600,3600,3600,3600,3600,3600,3600,3600,3600,3600,3600,3600,3600,3600,3600,3600,3600,3600,3600,3600
9814,8004619,1,0,8004619,24,106.15,249.45,192.43208333333337,44.310788940088344,64000.0,11228,128,0.204294,5,1,45526.86684444444,149553.45797293825,749.2324555555555,,227.78,235.91,235.03,204.64,163.17,150.58,152.73,144.49,227.0,212.14,187.55,232.44,227.34,202.86,153.81,123.96,125.58,106.15,131.8,249.45,229.67,235.93,229.84,228.52,1781,3600,3600,3600,3600,3600,3600,3600,3600,3600,3600,3600,3600,3600,3600,3600,3600,3600,3600,3600,3600,3600,3600,3600
9831,8015853,1,0,8015853,24,106.15,249.45,192.43208333333334,44.310788940088344,72500.0,33704,145,0.184808,4,1,128418.81620833333,1484394.6200844445,2186.9176,,204.64,163.17,150.58,152.73,144.49,227.0,212.14,187.55,232.44,227.34,202.86,153.81,123.96,125.58,106.15,131.8,249.45,229.67,235.93,229.84,228.52,227.78,235.91,235.03,1347,3600,3600,3600,3600,3600,3600,3600,3600,3600,3600,3600,3600,3600,3600,3600,3600,3600,3600,3600,3600,3600,3600,3600
9797,8027081,0,0,8027081,24,106.15,249.45,192.43208333333337,44.31078894008835,64000.0,29664,128,0.144152,3,1,103953.1968,1018573.268992,1931.4572,,152.73,144.49,227.0,212.14,187.55,232.44,227.34,202.86,153.81,123.96,125.58,106.15,131.8,249.45,229.67,235.93,229.84,228.52,227.78,235.91,235.03,204.64,163.17,150.58,919,3600,3600,3600,3600,3600,3600,3600,3600,3600,3600,3600,3600,3600,3600,3600,3600,3600,3600,3600,3600,3600,3600,3600
9961,8060785,1,0,8060785,24,106.15,249.45,192.43208333333334,44.31078894008835,128000.0,31543,256,0.078144,2,1,220342.45475555552,2299521.940989827,2050.3457055555555,,125.58,106.15,131.8,249.45,229.67,235.93,229.84,228.52,227.78,235.91,235.03,204.64,163.17,150.58,152.73,144.49,227.0,212.14,187.55,232.44,227.34,202.86,153.81,123.96,3215,3600,3600,3600,3600,3600,3600,3600,3600,3600,3600,3600,3600,3600,3600,3600,3600,3600,3600,3600,3600,3600,3600,3600
587,495300,0,6,495300,24,54.93,220.91,132.70541666666665,50.575518202911724,4000.0,65,8,0.464708,1,0,9.327499999999999,0.28806936728395055,3.9886527777777774,,129.15,104.24,106.92,93.53,62.26,54.93,60.02,87.69,115.76,132.97,199.08,180.94,203.81,220.91,208.1,216.56,189.1,134.13,116.2,115.34,98.86,84.84,123.12,146.47,1500,3600,3600,3600,3600,3600,3600,3600,3600,3600,3600,3600,3600,3600,3600,3600,3600,3600,3600,3600,3600,3600,3600,3600
591,496400,0,7,496400,24,54.93,220.91,132.70541666666665,50.575518202911724,2500.0,777,5,0.850953,3,1,63.165611111111104,25.72719394097222,47.679741666666665,,129.15,104.24,106.92,93.53,62.26,54.93,60.02,87.69,115.76,132.97,199.08,180.94,203.81,220.91,208.1,216.56,189.1,134.13,116.2,115.34,98.86,84.84,123.12,146.47,400,3600,3600,3600,3600,3600,3600,3600,3600,3600,3600,3600,3600,3600,3600,3600,3600,3600,3600,3600,3600,3600,3600,3600
594,498600,1,10,498600,24,54.93,220.91,132.70541666666665,50.575518202911724,1000.0,5289,2,0.797832,4,1,155.7433,473.82495738888895,322.51273333333336,,104.24,106.92,93.53,62.26,54.93,60.02,87.69,115.76,132.97,199.08,180.94,203.81,220.91,208.1,216.56,189.1,134.13,116.2,115.34,98.86,84.84,123.12,146.47,129.15,1800,3600,3600,3600,3600,3600,3600,3600,3600,3600,3600,3600,3600,3600,3600,3600,3600,3600,3600,3600,3600,3600,3600,3600
597,545505,0,10,545505,24,54.93,220.91,132.70541666666665,50.57551820291173,500.0,48,1,0.701184,1,0,1.3873333333333333,0.019636444444444446,2.945466666666667,,208.1,216.56,189.1,134.13,116.2,115.34,98.86,84.84,123.12,146.47,129.15,104.24,106.92,93.53,62.26,54.93,60.02,87.69,115.76,132.97,199.08,180.94,203.81,220.91,1695,3600,3600,3600,3600,3600,3600,3600,3600,3600,3600,3600,3600,3600,3600,3600,3600,3600,3600,3600,3600,3600,3600,3600
628,567105,8,0,567105,24,54.93,220.91,132.70541666666665,50.57551820291173,16000.0,9464,32,0.216385,9,1,4442.511688888889,23905.718155061735,568.3417777777779,,98.86,84.84,123.12,146.47,129.15,104.24,106.92,93.53,62.26,54.93,60.02,87.69,115.76,132.97,199.08,180.94,203.81,220.91,208.1,216.56,189.1,134.13,116.2,115.34,1695,3600,3600,3600,3600,3600,3600,3600,3600,3600,3600,3600,3600,3600,3600,3600,3600,3600,3600,3600,3600,3600,3600,3600
620,567105,2,0,567105,24,54.93,220.91,132.70541666666665,50.57551820291173,1000.0,13987,2,0.270916,8,2,454.50208333333336,3209.23347622608,825.9984638888889,,98.86,84.84,123.12,146.47,129.15,104.24,106.92,93.53,62.26,54.93,60.02,87.69,115.76,132.97,199.08,180.94,203.81,220.91,208.1,216.56,189.1,134.13,116.2,115.34,1695,3600,3600,3600,3600,3600,3600,3600,3600,3600,3600,3600,3600,3600,3600,3600,3600,3600,3600,3600,3600,3600,3600,3600
621,567105,2,0,567105,24,54.93,220.91,132.70541666666665,50.57551820291173,1000.0,12436,2,0.251404,7,3,398.5761027777778,2550.0374575432097,738.1903222222222,,98.86,84.84,123.12,146.47,129.15,104.24,106.92,93.53,62.26,54.93,60.02,87.69,115.76,132.97,199.08,180.94,203.81,220.91,208.1,216.56,189.1,134.13,116.2,115.34,1695,3600,3600,3600,3600,3600,3600,3600,3600,3600,3600,3600,3600,3600,3600,3600,3600,3600,3600,3600,3600,3600,3600,3600
617,567105,1,10,567105,24,54.93,220.91,132.70541666666665,50.57551820291173,4000.0,13254,8,0.745935,6,4,1712.8228333333334,11553.07711788889,784.5004833333334,,98.86,84.84,123.12,146.47,129.15,104.24,106.92,93.53,62.26,54.93,60.02,87.69,115.76,132.97,199.08,180.94,203.81,220.91,208.1,216.56,189.1,134.13,116.2,115.34,1695,3600,3600,3600,3600,3600,3600,3600,3600,3600,3600,3600,3600,3600,3600,3600,3600,3600,3600,3600,3600,3600,3600,3600
644,588705,4,0,588705,24,54.93,220.91,132.70541666666665,50.575518202911724,16000.0,13976,32,0.126279,6,1,4572.0489777777775,51268.67083772839,825.3757111111111,,106.92,93.53,62.26,54.93,60.02,87.69,115.76,132.97,199.08,180.94,203.81,220.91,208.1,216.56,189.1,134.13,116.2,115.34,98.86,84.84,123.12,146.47,129.15,104.24,1695,3600,3600,3600,3600,3600,3600,3600,3600,3600,3600,3600,3600,3600,3600,3600,3600,3600,3600,3600,3600,3600,3600,3600
611,588705,0,2,588705,24,54.93,220.91,132.70541666666665,50.575518202911724,16000.0,24244,32,0.691787,5,2,8953.34191111111,147667.55092819754,1370.4503777777777,,106.92,93.53,62.26,54.93,60.02,87.69,115.76,132.97,199.08,180.94,203.81,220.91,208.1,216.56,189.1,134.13,116.2,115.34,98.86,84.84,123.12,146.47,129.15,104.24,1695,3600,3600,3600,3600,3600,3600,3600,3600,3600,3600,3600,3600,3600,3600,3600,3600,3600,3600,3600,3600,3600,3600,3600
647,594000,3,3,594000,24,54.93,220.91,132.70541666666665,50.57551820291173,4000.0,25230,8,0.87272,4,3,2856.8713333333335,39799.50035277778,1419.7205833333335,,62.26,54.93,60.02,87.69,115.76,132.97,199.08,180.94,203.81,220.91,208.1,216.56,189.1,134.13,116.2,115.34,98.86,84.84,123.12,146.47,129.15,104.24,106.92,93.53,3600,3600,3600,3600,3600,3600,3600,3600,3600,3600,3600,3600,3600,3600,3600,3600,3600,3600,3600,3600,3600,3600,3600,3600
636,597600,1,0,597600,24,54.93,220.91,132.70541666666668,50.575518202911724,109500.0,13425,219,0.227483,3,4,31431.792500000003,324299.0348763021,794.1814583333334,,54.93,60.02,87.69,115.76,132.97,199.08,180.94,203.81,220.91,208.1,216.56,189.1,134.13,116.2,115.34,98.86,84.84,123.12,146.47,129.15,104.24,106.92,93.53,62.26,3600,3600,3600,3600,3600,3600,3600,3600,3600,3600,3600,3600,3600,3600,3600,3600,3600,3600,3600,3600,3600,3600,3600,3600
624,618244,0,0,618244,24,54.93,220.91,132.70541666666665,50.57551820291173,500.0,72617,1,0.119555,1,2,1348.322458333333,30754.29890827199,3049.2990916666668,,199.08,180.94,203.81,220.91,208.1,216.56,189.1,134.13,116.2,115.34,98.86,84.84,123.12,146.47,129.15,104.24,106.92,93.53,62.26,54.93,60.02,87.69,115.76,132.97,956,3600,3600,3600,3600,3600,3600,3600,3600,3600,3600,3600,3600,3600,3600,3600,3600,3600,3600,3600,3600,3600,3600,3600
648,642900,0,10,642900,24,54.93,220.91,132.70541666666665,50.575518202911724,1000.0,3,2,0.574064,1,1,0.111775,0.00015340972222222223,0.18409166666666668,,134.13,116.2,115.34,98.86,84.84,123.12,146.47,129.15,104.24,106.92,93.53,62.26,54.93,60.02,87.69,115.76,132.97,199.08,180.94,203.81,220.91,208.1,216.56,189.1,1500,3600,3600,3600,3600,3600,3600,3600,3600,3600,3600,3600,3600,3600,3600,3600,3600,3600,3600,3600,3600,3600,3600,3600
654,664500,0,6,664500,24,54.93,220.91,132.70541666666668,50.57551820291173,128000.0,16258,256,0.477729,15,2,64135.75395555556,550388.8806826667,952.1274000000001,,146.47,129.15,104.24,106.92,93.53,62.26,54.93,60.02,87.69,115.76,132.97,199.08,180.94,203.81,220.91,208.1,216.56,189.1,134.13,116.2,115.34,98.86,84.84,123.12,1500,3600,3600,3600,3600,3600,3600,3600,3600,3600,3600,3600,3600,3600,3600,3600,3600,3600,3600,3600,3600,3600,3600,3600
687,690861,2,10,690861,24,54.93,220.91,132.70541666666665,50.57551820291173,64000.0,7790,128,0.593811,4,1,13975.862222222222,65307.936246913574,471.5752777777778,,60.02,87.69,115.76,132.97,199.08,180.94,203.81,220.91,208.1,216.56,189.1,134.13,116.2,115.34,98.86,84.84,123.12,146.47,129.15,104.24,106.92,93.53,62.26,54.93,339,3600,3600,3600,3600,3600,3600,3600,3600,3600,3600,3600,3600,3600,3600,3600,3600,3600,3600,3600,3600,3600,3600,3600
658,712461,0,7,712461,24,54.93,220.91,132.70541666666668,50.57551820291173,32000.0,33663,64,0.629446,3,1,45914.65306666666,543346.9350073334,1815.837275,,203.81,220.91,208.1,216.56,189.1,134.13,116.2,115.34,98.86,84.84,123.12,146.47,129.15,104.24,106.92,93.53,62.26,54.93,60.02,87.69,115.76,132.97,199.08,180.94,339,3600,3600,3600,3600,3600,3600,3600,3600,3600,3600,3600,3600,3600,3600,3600,3600,3600,3600,3600,3600,3600,3600,3600
700,714661,1,10,714661,24,54.93,220.91,132.70541666666668,50.575518202911724,109000.0,6488,218,0.544562,2,2,41848.428436111106,78209.32802958024,398.12891111111105,,220.91,208.1,216.56,189.1,134.13,116.2,115.34,98.86,84.84,123.12,146.47,129.15,104.24,106.92,93.53,62.26,54.93,60.02,87.69,115.76,132.97,199.08,180.94,203.81,1739,3600,3600,3600,3600,3600,3600,3600,3600,3600,3600,3600,3600,3600,3600,3600,3600,3600,3600,3600,3600,3600,3600,3600
783,748324,5,10,748324,24,54.93,220.91,132.70541666666668,50.575518202911724,64000.0,11724,128,0.716603,6,1,26204.467200000003,145457.0591928889,697.8812333333334,,123.12,146.47,129.15,104.24,106.92,93.53,62.26,54.93,60.02,87.69,115.76,132.97,199.08,180.94,203.81,220.91,208.1,216.56,189.1,134.13,116.2,115.34,98.86,84.84,476,3600,3600,3600,3600,3600,3600,3600,3600,3600,3600,3600,3600,3600,3600,3600,3600,3600,3600,3600,3600,3600,3600,3600
781,769924,4,10,769924,24,54.93,220.91,132.70541666666665,50.57551820291173,64000.0,75206,128,0.832143,16,1,185936.6926222222,4008893.9120900747,2998.434733333334,,62.26,54.93,60.02,87.69,115.76,132.97,199.08,180.94,203.81,220.91,208.1,216.56,189.1,134.13,116.2,115.34,98.86,84.84,123.12,146.47,129.15,104.24,106.92,93.53,476,3600,3600,3600,3600,3600,3600,3600,3600,3600,3600,3600,3600,3600,3600,3600,3600,3600,3600,3600,3600,3600,3600,3600
799,791524,7,10,791524,24,54.93,220.91,132.70541666666665,50.57551820291173,128000.0,21038,256,0.507738,14,1,152476.02773333335,909934.7531804444,1216.4614,,199.08,180.94,203.81,220.91,208.1,216.56,189.1,134.13,116.2,115.34,98.86,84.84,123.12,146.47,129.15,104.24,106.92,93.53,62.26,54.93,60.02,87.69,115.76,132.97,476,3600,3600,3600,3600,3600,3600,3600,3600,3600,3600,3600,3600,3600,3600,3600,3600,3600,3600,3600,3600,3600,3600,3600
911,866730,14,10,866730,24,54.93,220.91,132.70541666666665,50.575518202911724,16000.0,14815,32,0.496727,16,1,10033.167111111112,57438.051300000014,872.3295000000002,,87.69,115.76,132.97,199.08,180.94,203.81,220.91,208.1,216.56,189.1,134.13,116.2,115.34,98.86,84.84,123.12,146.47,129.15,104.24,106.92,93.53,62.26,54.93,60.02,870,3600,3600,3600,3600,3600,3600,3600,3600,3600,3600,3600,3600,3600,3600,3600,3600,3600,3600,3600,3600,3600,3600,3600
861,888330,7,10,888330,24,54.93,220.91,132.70541666666668,50.575518202911724,128000.0,6643,256,0.872579,24,1,50202.18951111111,96282.83040582716,407.6403138888889,,220.91,208.1,216.56,189.1,134.13,116.2,115.34,98.86,84.84,123.12,146.47,129.15,104.24,106.92,93.53,62.26,54.93,60.02,87.69,115.76,132.97,199.08,180.94,203.81,870,3600,3600,3600,3600,3600,3600,3600,3600,3600,3600,3600,3600,3600,3600,3600,3600,3600,3600,3600,3600,3600,3600,3600
815,909930,4,10,909930,24,54.93,220.91,132.70541666666665,50.57551820291173,101500.0,11470,203,0.571798,35,1,33277.16408333333,221037.67706508486,683.5013055555555,,115.34,98.86,84.84,123.12,146.47,129.15,104.24,106.92,93.53,62.26,54.93,60.02,87.69,115.76,132.97,199.08,180.94,203.81,220.91,208.1,216.56,189.1,134.13,116.2,870,3600,3600,3600,3600,3600,3600,3600,3600,3600,3600,3600,3600,3600,3600,3600,3600,3600,3600,3600,3600,3600,3600,3600
851,931530,4,10,931530,24,54.93,220.91,132.70541666666665,50.575518202911724,128000.0,12845,256,0.872383,30,1,39146.224,347714.90484197537,761.3454027777778,,104.24,106.92,93.53,62.26,54.93,60.02,87.69,115.76,132.97,199.08,180.94,203.81,220.91,208.1,216.56,189.1,134.13,116.2,115.34,98.86,84.84,123.12,146.47,129.15,870,3600,3600,3600,3600,3600,3600,3600,3600,3600,3600,3600,3600,3600,3600,3600,3600,3600,3600,3600,3600,3600,3600,3600
995,953130,18,10,953130,24,54.93,220.91,132.70541666666665,50.575518202911724,128000.0,10685,256,0.951522,27,1,53060.0,242733.70412345676,638.9223611111111,,87.69,115.76,132.97,199.08,180.94,203.81,220.91,208.1,216.56,189.1,134.13,116.2,115.34,98.86,84.84,123.12,146.47,129.15,104.24,106.92,93.53,62.26,54.93,60.02,870,3600,3600,3600,3600,3600,3600,3600,3600,3600,3600,3600,3600,3600,3600,3600,3600,3600,3600,3600,3600,3600,3600,3600
932,974730,11,10,974730,24,54.93,220.91,132.70541666666668,50.575518202911724,7500.0,36514,15,0.747481,30,1,11037.167458333332,147500.9777350231,1938.9951611111107,,220.91,208.1,216.56,189.1,134.13,116.2,115.34,98.86,84.84,123.12,146.47,129.15,104.24,106.92,93.53,62.26,54.93,60.02,87.69,115.76,132.97,199.08,180.94,203.81,870,3600,3600,3600,3600,3600,3600,3600,3600,3600,3600,3600,3600,3600,3600,3600,3600,3600,3600,3600,3600,3600,3600,3600
912,996330,8,10,996330,24,54.93,220.91,132.70541666666665,50.57551820291173,128000.0,4292,256,0.904155,47,1,15596.256711111113,40064.41137619754,262.5376444444445,,115.34,98.86,84.84,123.12,146.47,129.15,104.24,106.92,93.53,62.26,54.93,60.02,87.69,115.76,132.97,199.08,180.94,203.81,220.91,208.1,216.56,189.1,134.13,116.2,870,3600,3600,3600,3600,3600,3600,3600,3600,3600,3600,3600,3600,3600,3600,3600,3600,3600,3600,3600,3600,3600,3600,3600
1055,1032844,16,10,1032844,24,54.93,220.91,132.70541666666668,50.575518202911724,128000.0,9172,256,0.964026,20,1,26253.484088888887,179840.51767308643,551.4625555555556,,54.93,60.02,87.69,115.76,132.97,199.08,180.94,203.81,220.91,208.1,216.56,189.1,134.13,116.2,115.34,98.86,84.84,123.12,146.47,129.15,104.24,106.92,93.53,62.26,356,3600,3600,3600,3600,3600,3600,3600,3600,3600,3600,3600,3600,3600,3600,3600,3600,3600,3600,3600,3600,3600,3600,3600
906,1054444,6,10,1054444,24,54.93,220.91,132.70541666666665,50.575518202911724,128000.0,10533,256,0.565929,17,1,78681.61208888888,235990.10169777775,630.1359166666666,,180.94,203.81,220.91,208.1,216.56,189.1,134.13,116.2,115.34,98.86,84.84,123.12,146.47,129.15,104.24,106.92,93.53,62.26,54.93,60.02,87.69,115.76,132.97,199.08,356,3600,3600,3600,3600,3600,3600,3600,3600,3600,3600,3600,3600,3600,3600,3600,3600,3600,3600,3600,3600,3600,3600,3600
1028,1076044,12,7,1076044,24,54.93,220.91,132.70541666666665,50.575518202911724,112000.0,29897,224,0.858406,15,1,106791.06666666668,1493640.3994915928,1605.8423916666668,,134.13,116.2,115.34,98.86,84.84,123.12,146.47,129.15,104.24,106.92,93.53,62.26,54.93,60.02,87.69,115.76,132.97,199.08,180.94,203.81,220.91,208.1,216.56,189.1,356,3600,3600,3600,3600,3600,3600,3600,3600,3600,3600,3600,3600,3600,3600,3600,3600,3600,3600,3600,3600,3600,3600,3600
902,1086577,5,0,1086577,24,54.93,220.91,132.70541666666665,50.57551820291173,128000.0,8973,256,0.295231,14,1,34797.7344,172268.59912000006,539.9592500000001,,98.86,84.84,123.12,146.47,129.15,104.24,106.92,93.53,62.26,54.93,60.02,87.69,115.76,132.97,199.08,180.94,203.81,220.91,208.1,216.56,189.1,134.13,116.2,115.34,623,3600,3600,3600,3600,3600,3600,3600,3600,3600,3600,3600,3600,3600,3600,3600,3600,3600,3600,3600,3600,3600,3600,3600
751,1116474,1,10,1116474,24,54.93,220.91,132.70541666666668,50.575518202911724,128000.0,27396,256,0.323274,15,1,124840.52906666668,1468763.3135360002,1507.8467,,54.93,60.02,87.69,115.76,132.97,199.08,180.94,203.81,220.91,208.1,216.56,189.1,134.13,116.2,115.34,98.86,84.84,123.12,146.47,129.15,104.24,106.92,93.53,62.26,3126,3600,3600,3600,3600,3600,3600,3600,3600,3600,3600,3600,3600,3600,3600,3600,3600,3600,3600,3600,3600,3600,3600,3600
921,1138074,3,10,1138074,24,54.93,220.91,132.70541666666665,50.575518202911724,59000.0,30081,118,0.659182,15,1,88627.11451666668,814208.9077147015,1651.5589083333334,,180.94,203.81,220.91,208.1,216.56,189.1,134.13,116.2,115.34,98.86,84.84,123.12,146.47,129.15,104.24,106.92,93.53,62.26,54.93,60.02,87.69,115.76,132.97,199.08,3126,3600,3600,3600,3600,3600,3600,3600,3600,3600,3600,3600,3600,3600,3600,3600,3600,3600,3600,3600,3600,3600,3600,3600
1227,1165470,43,10,1165470,24,54.93,220.91,132.70541666666665,50.57551820291173,2000.0,571,4,0.754446,64,1,36.861222222222224,11.115079831790124,35.038780555555554,,116.2,115.34,98.86,84.84,123.12,146.47,129.15,104.24,106.92,93.53,62.26,54.93,60.02,87.69,115.76,132.97,199.08,180.94,203.81,220.91,208.1,216.56,189.1,134.13,930,3600,3600,3600,3600,3600,3600,3600,3600,3600,3600,3600,3600,3600,3600,3600,3600,3600,3600,3600,3600,3600,3600,3600
1225,1187070,16,10,1187070,24,54.93,220.91,132.70541666666665,50.575518202911724,64000.0,3957,128,0.772848,36,2,7744.781866666666,17051.01431822222,242.3855333333333,,129.15,104.24,106.92,93.53,62.26,54.93,60.02,87.69,115.76,132.97,199.08,180.94,203.81,220.91,208.1,216.56,189.1,134.13,116.2,115.34,98.86,84.84,123.12,146.47,930,3600,3600,3600,3600,3600,3600,3600,3600,3600,3600,3600,3600,3600,3600,3600,3600,3600,3600,3600,3600,3600,3600,3600
1243,1208670,17,10,1208670,24,54.93,220.91,132.70541666666665,50.57551820291173,24500.0,15836,49,0.310408,32,1,14122.713577777778,100098.36449044445,928.7908000000001,,60.02,87.69,115.76,132.97,199.08,180.94,203.81,220.91,208.1,216.56,189.1,134.13,116.2,115.34,98.86,84.84,123.12,146.47,129.15,104.24,106.92,93.53,62.26,54.93,930,3600,3600,3600,3600,3600,3600,3600,3600,3600,3600,3600,3600,3600,3600,3600,3600,3600,3600,3600,3600,3600,3600,3600
1355,1230270,23,10,1230270,24,54.93,220.91,132.70541666666668,50.57551820291173,21500.0,23275,43,0.801259,28,1,24972.677611111114,186299.9635209298,1340.2540277777778,,203.81,220.91,208.1,216.56,189.1,134.13,116.2,115.34,98.86,84.84,123.12,146.47,129.15,104.24,106.92,93.53,62.26,54.93,60.02,87.69,115.76,132.97,199.08,180.94,930,3600,3600,3600,3600,3600,3600,3600,3600,3600,3600,3600,3600,3600,3600,3600,3600,3600,3600,3600,3600,3600,3600,3600
1441,1251870,43,0,1251870,24,54.93,220.91,132.70541666666665,50.57551820291173,500.0,18523,1,0.175089,45,1,291.0445430555556,2767.984576462191,1075.9320277777776,,116.2,115.34,98.86,84.84,123.12,146.47,129.15,104.24,106.92,93.53,62.26,54.93,60.02,87.69,115.76,132.97,199.08,180.94,203.81,220.91,208.1,216.56,189.1,134.13,930,3600,3600,3600,3600,3600,3600,3600,3600,3600,3600,3600,3600,3600,3600,3600,3600,3600,3600,3600,3600,3600,3600,3600
1435,1251870,40,10,1251870,24,54.93,220.91,132.70541666666665,50.57551820291173,8000.0,13178,16,0.771501,44,2,3028.639466666667,22847.659943234565,780.1978277777778,,116.2,115.34,98.86,84.84,123.12,146.47,129.15,104.24,106.92,93.53,62.26,54.93,60.02,87.69,115.76,132.97,199.08,180.94,203.81,220.91,208.1,216.56,189.1,134.13,930,3600,3600,3600,3600,3600,3600,3600,3600,3600,3600,3600,3600,3600,3600,3600,3600,3600,3600,3600,3600,3600,3600,3600
1299,1273470,16,2,1273470,24,54.93,220.91,132.70541666666665,50.575518202911724,128000.0,12363,256,0.376679,29,2,44672.14506666667,322672.1057964444,734.0575083333333,,129.15,104.24,106.92,93.53,62.26,54.93,60.02,87.69,115.76,132.97,199.08,180.94,203.81,220.91,208.1,216.56,189.1,134.13,116.2,115.34,98.86,84.84,123.12,146.47,930,3600,3600,3600,3600,3600,3600,3600,3600,3600,3600,3600,3600,3600,3600,3600,3600,3600,3600,3600,3600,3600,3600,3600
1339,1286648,19,7,1286648,24,54.93,220.91,132.70541666666665,50.57551820291173,64000.0,30512,128,0.748537,28,1,67040.48213333334,883495.310373926,1628.7562666666668,,62.26,54.93,60.02,87.69,115.76,132.97,199.08,180.94,203.81,220.91,208.1,216.56,189.1,134.13,116.2,115.34,98.86,84.84,123.12,146.47,129.15,104.24,106.92,93.53,2152,3600,3600,3600,3600,3600,3600,3600,3600,3600,3600,3600,3600,3600,3600,3600,3600,3600,3600,3600,3600,3600,3600,3600
1476,1299011,37,10,1299011,24,54.93,220.91,132.70541666666665,50.575518202911724,8000.0,292,16,0.801148,40,1,56.901066666666665,11.626956938271602,17.918255555555554,,87.69,115.76,132.97,199.08,180.94,203.81,220.91,208.1,216.56,189.1,134.13,116.2,115.34,98.86,84.84,123.12,146.47,129.15,104.24,106.92,93.53,62.26,54.93,60.02,589,3600,3600,3600,3600,3600,3600,3600,3600,3600,3600,3600,3600,3600,3600,3600,3600,3600,3600,3600,3600,3600,3600,3600
1203,1320611,10,10,1320611,24,54.93,220.91,132.70541666666668,50.575518202911724,16000.0,25840,32,0.588871,35,2,17850.16368888889,171191.39089382713,1490.637111111111,,220.91,208.1,216.56,189.1,134.13,116.2,115.34,98.86,84.84,123.12,146.47,129.15,104.24,106.92,93.53,62.26,54.93,60.02,87.69,115.76,132.97,199.08,180.94,203.81,589,3600,3600,3600,3600,3600,3600,3600,3600,3600,3600,3600,3600,3600,3600,3600,3600,3600,3600,3600,3600,3600,3600,3600
1413,1342211,24,10,1342211,24,54.93,220.91,132.70541666666665,50.57551820291173,64000.0,32996,128,0.429239,42,1,61975.533688888885,1009597.7773803455,1721.113922222222,,115.34,98.86,84.84,123.12,146.47,129.15,104.24,106.92,93.53,62.26,54.93,60.02,87.69,115.76,132.97,199.08,180.94,203.81,220.91,208.1,216.56,189.1,134.13,116.2,589,3600,3600,3600,3600,3600,3600,3600,3600,3600,3600,3600,3600,3600,3600,3600,3600,3600,3600,3600,3600,3600,3600,3600
1479,1363811,26,10,1363811,24,54.93,220.91,132.70541666666665,50.575518202911724,89000.0,5794,178,0.602453,37,2,14744.951636111111,50548.34427116049,352.8912888888889,,104.24,106.92,93.53,62.26,54.93,60.02,87.69,115.76,132.97,199.08,180.94,203.81,220.91,208.1,216.56,189.1,134.13,116.2,115.34,98.86,84.84,123.12,146.47,129.15,589,3600,3600,3600,3600,3600,3600,3600,3600,3600,3600,3600,3600,3600,3600,3600,3600,3600,3600,3600,3600,3600,3600,3600
1320,1396807,14,8,1396807,24,54.93,220.91,132.70541666666665,50.575518202911724,128000.0,16915,256,0.770875,36,1,123535.42186666667,594481.5090666667,988.4595000000002,,180.94,203.81,220.91,208.1,216.56,189.1,134.13,116.2,115.34,98.86,84.84,123.12,146.47,129.15,104.24,106.92,93.53,62.26,54.93,60.02,87.69,115.76,132.97,199.08,3593,3600,3600,3600,3600,3600,3600,3600,3600,3600,3600,3600,3600,3600,3600,3600,3600,3600,3600,3600,3600,3600,3600,3600
1529,1402601,26,10,1402601,24,54.93,220.91,132.70541666666668,50.57551820291173,100000.0,8757,200,0.446273,35,1,51771.74083333333,128307.8680625,527.47325,,203.81,220.91,208.1,216.56,189.1,134.13,116.2,115.34,98.86,84.84,123.12,146.47,129.15,104.24,106.92,93.53,62.26,54.93,60.02,87.69,115.76,132.97,199.08,180.94,1399,3600,3600,3600,3600,3600,3600,3600,3600,3600,3600,3600,3600,3600,3600,3600,3600,3600,3600,3600,3600,3600,3600,3600
1390,1424201,18,10,1424201,24,54.93,220.91,132.70541666666665,50.57551820291173,64000.0,15281,128,0.705536,39,1,28774.46471111111,243979.65161422224,898.0993000000001,,116.2,115.34,98.86,84.84,123.12,146.47,129.15,104.24,106.92,93.53,62.26,54.93,60.02,87.69,115.76,132.97,199.08,180.94,203.81,220.91,208.1,216.56,189.1,134.13,1399,3600,3600,3600,3600,3600,3600,3600,3600,3600,3600,3600,3600,3600,3600,3600,3600,3600,3600,3600,3600,3600,3600,3600
1599,1445801,31,10,1445801,24,54.93,220.91,132.70541666666665,50.575518202911724,32000.0,15161,64,0.502573,33,1,12995.368622222224,120137.55636711113,891.4633000000001,,129.15,104.24,106.92,93.53,62.26,54.93,60.02,87.69,115.76,132.97,199.08,180.94,203.81,220.91,208.1,216.56,189.1,134.13,116.2,115.34,98.86,84.84,123.12,146.47,1399,3600,3600,3600,3600,3600,3600,3600,3600,3600,3600,3600,3600,3600,3600,3600,3600,3600,3600,3600,3600,3600,3600,3600
1514,1467401,23,10,1467401,24,54.93,220.91,132.70541666666665,50.57551820291173,89500.0,20621,179,0.948824,30,1,72400.72169444445,608085.2789332137,1186.1353055555555,,60.02,87.69,115.76,132.97,199.08,180.94,203.81,220.91,208.1,216.56,189.1,134.13,116.2,115.34,98.86,84.84,123.12,146.47,129.15,104.24,106.92,93.53,62.26,54.93,1399,3600,3600,3600,3600,3600,3600,3600,3600,3600,3600,3600,3600,3600,3600,3600,3600,3600,3600,3600,3600,3600,3600,3600
1488,1489001,21,7,1489001,24,54.93,220.91,132.70541666666668,50.57551820291173,27500.0,46393,55,0.689765,28,1,52633.05017361112,805966.7933915277,2274.2306,,203.81,220.91,208.1,216.56,189.1,134.13,116.2,115.34,98.86,84.84,123.12,146.47,129.15,104.24,106.92,93.53,62.26,54.93,60.02,87.69,115.76,132.97,199.08,180.94,1399,3600,3600,3600,3600,3600,3600,3600,3600,3600,3600,3600,3600,3600,3600,3600,3600,3600,3600,3600,3600,3600,3600,3600
1217,1491201,11,10,1491201,24,54.93,220.91,132.70541666666668,50.575518202911724,128000.0,11288,256,0.815037,27,2,85008.10631111111,275563.3026212345,686.589111111111,,220.91,208.1,216.56,189.1,134.13,116.2,115.34,98.86,84.84,123.12,146.47,129.15,104.24,106.92,93.53,62.26,54.93,60.02,87.69,115.76,132.97,199.08,180.94,203.81,2799,3600,3600,3600,3600,3600,3600,3600,3600,3600,3600,3600,3600,3600,3600,3600,3600,3600,3600,3600,3600,3600,3600,3600
1589,1537594,19,10,1537594,24,54.93,220.91,132.70541666666665,50.575518202911724,128000.0,10899,256,0.346023,20,1,33091.911466666665,252343.248808,651.1747750000001,,106.92,93.53,62.26,54.93,60.02,87.69,115.76,132.97,199.08,180.94,203.81,220.91,208.1,216.56,189.1,134.13,116.2,115.34,98.86,84.84,123.12,146.47,129.15,104.24,3206,3600,3600,3600,3600,3600,3600,3600,3600,3600,3600,3600,3600,3600,3600,3600,3600,3600,3600,3600,3600,3600,3600,3600
1564,1559194,15,10,1559194,24,54.93,220.91,132.70541666666665,50.57551820291173,64000.0,18753,128,0.309291,18,1,56977.60586666667,362729.1662711111,1088.0134166666667,,115.76,132.97,199.08,180.94,203.81,220.91,208.1,216.56,189.1,134.13,116.2,115.34,98.86,84.84,123.12,146.47,129.15,104.24,106.92,93.53,62.26,54.93,60.02,87.69,3206,3600,3600,3600,3600,3600,3600,3600,3600,3600,3600,3600,3600,3600,3600,3600,3600,3600,3600,3600,3600,3600,3600,3600
1447,1580794,12,0,1580794,24,54.93,220.91,132.70541666666665,50.57551820291173,16000.0,61134,32,0.063101,16,1,32463.746311111117,745753.2336586666,2744.6998,,208.1,216.56,189.1,134.13,116.2,115.34,98.86,84.84,123.12,146.47,129.15,104.24,106.92,93.53,62.26,54.93,60.02,87.69,115.76,132.97,199.08,180.94,203.81,220.91,3206,3600,3600,3600,3600,3600,3600,3600,3600,3600,3600,3600,3600,3600,3600,3600,3600,3600,3600,3600,3600,3600,3600,3600
977,1580794,3,0,1580794,24,54.93,220.91,132.70541666666665,50.57551820291173,128000.0,11752,256,0.139777,15,2,82065.19395555556,292745.3029767901,700.6008888888889,,208.1,216.56,189.1,134.13,116.2,115.34,98.86,84.84,123.12,146.47,129.15,104.24,106.92,93.53,62.26,54.93,60.02,87.69,115.76,132.97,199.08,180.94,203.81,220.91,3206,3600,3600,3600,3600,3600,3600,3600,3600,3600,3600,3600,3600,3600,3600,3600,3600,3600,3600,3600,3600,3600,3600,3600
790,1641928,1,9,1641928,24,54.93,220.91,132.70541666666665,50.575518202911724,128000.0,36702,256,0.383586,8,1,228519.23839999997,2423642.50608,1857.25425,,87.69,115.76,132.97,199.08,180.94,203.81,220.91,208.1,216.56,189.1,134.13,116.2,115.34,98.86,84.84,123.12,146.47,129.15,104.24,106.92,93.53,62.26,54.93,60.02,3272,3600,3600,3600,3600,3600,3600,3600,3600,3600,3600,3600,3600,3600,3600,3600,3600,3600,3600,3600,3600,3600,3600,3600
1357,1653680,5,0,1653680,24,54.93,220.91,132.70541666666665,50.57551820291173,128000.0,9475,256,0.250003,7,1,65343.792,191682.24456790125,568.9776388888889,,199.08,180.94,203.81,220.91,208.1,216.56,189.1,134.13,116.2,115.34,98.86,84.84,123.12,146.47,129.15,104.24,106.92,93.53,62.26,54.93,60.02,87.69,115.76,132.97,2320,3600,3600,3600,3600,3600,3600,3600,3600,3600,3600,3600,3600,3600,3600,3600,3600,3600,3600,3600,3600,3600,3600,3600
996,1690382,2,0,1690382,24,54.93,220.91,132.70541666666665,50.57551820291173,93000.0,22137,186,0.032716,6,1,65757.17313333333,723161.4937807084,1264.5502166666668,,98.86,84.84,123.12,146.47,129.15,104.24,106.92,93.53,62.26,54.93,60.02,87.69,115.76,132.97,199.08,180.94,203.81,220.91,208.1,216.56,189.1,134.13,116.2,115.34,1618,3600,3600,3600,3600,3600,3600,3600,3600,3600,3600,3600,3600,3600,3600,3600,3600,3600,3600,3600,3600,3600,3600,3600
1160,1699857,2,0,1699857,24,54.93,220.91,132.70541666666668,50.57551820291173,128000.0,8966,256,0.113818,5,1,40838.21262222222,172005.21398123453,539.5546111111111,,146.47,129.15,104.24,106.92,93.53,62.26,54.93,60.02,87.69,115.76,132.97,199.08,180.94,203.81,220.91,208.1,216.56,189.1,134.13,116.2,115.34,98.86,84.84,123.12,2943,3600,3600,3600,3600,3600,3600,3600,3600,3600,3600,3600,3600,3600,3600,3600,3600,3600,3600,3600,3600,3600,3600,3600
1298,1721994,2,7,1721994,24,54.93,220.91,132.70541666666668,50.575518202911724,128000.0,16454,256,0.309582,4,1,53779.20497777778,563365.1859484446,962.9662000000002,,54.93,60.02,87.69,115.76,132.97,199.08,180.94,203.81,220.91,208.1,216.56,189.1,134.13,116.2,115.34,98.86,84.84,123.12,146.47,129.15,104.24,106.92,93.53,62.26,2406,3600,3600,3600,3600,3600,3600,3600,3600,3600,3600,3600,3600,3600,3600,3600,3600,3600,3600,3600,3600,3600,3600,3600
1374,1730960,2,0,1730960,24,54.93,220.91,132.70541666666665,50.575518202911724,64000.0,23287,128,0.02667,3,1,72293.232,547441.3504733827,1322.3504944444444,,87.69,115.76,132.97,199.08,180.94,203.81,220.91,208.1,216.56,189.1,134.13,116.2,115.34,98.86,84.84,123.12,146.47,129.15,104.24,106.92,93.53,62.26,54.93,60.02,640,3600,3600,3600,3600,3600,3600,3600,3600,3600,3600,3600,3600,3600,3600,3600,3600,3600,3600,3600,3600,3600,3600,3600
681,1747414,0,10,1747414,24,54.93,220.91,132.70541666666668,50.57551820291173,8000.0,124707,16,0.660428,2,1,38566.16784444444,1085868.4594651668,3918.3109750000003,,203.81,220.91,208.1,216.56,189.1,134.13,116.2,115.34,98.86,84.84,123.12,146.47,129.15,104.24,106.92,93.53,62.26,54.93,60.02,87.69,115.76,132.97,199.08,180.94,2186,3600,3600,3600,3600,3600,3600,3600,3600,3600,3600,3600,3600,3600,3600,3600,3600,3600,3600,3600,3600,3600,3600,3600
854,1769014,0,10,1769014,24,54.93,220.91,132.70541666666665,50.57551820291173,500.0,107069,1,0.631161,1,2,1920.723423611111,52963.08600670256,3561.574491666667,,116.2,115.34,98.86,84.84,123.12,146.47,129.15,104.24,106.92,93.53,62.26,54.93,60.02,87.69,115.76,132.97,199.08,180.94,203.81,220.91,208.1,216.56,189.1,134.13,2186,3600,3600,3600,3600,3600,3600,3600,3600,3600,3600,3600,3600,3600,3600,3600,3600,3600,3600,3600,3600,3600,3600,3600
1624,1420306,0,0,1420306,24,59.27,111.74,80.24625,12.54465450982343,128000.0,8332,256,0.297434,1,0,22683.502933333333,72566.40233244444,244.9508,,83.53,67.74,83.15,96.84,102.76,75.3,86.01,80.97,80.51,66.62,72.64,59.27,62.02,64.04,76.93,67.42,83.84,79.32,77.27,81.29,86.83,84.45,111.74,95.42,1694,3600,3600,3600,3600,3600,3600,3600,3600,3600,3600,3600,3600,3600,3600,3600,3600,3600,3600,3600,3600,3600,3600,3600
1625,1420347,0,0,1420347,24,59.27,111.74,80.24625,12.54465450982343,8000.0,34,16,0.072973,1,1,6.311155555555556,0.07973545679012346,1.0553222222222223,,83.53,67.74,83.15,96.84,102.76,75.3,86.01,80.97,80.51,66.62,72.64,59.27,62.02,64.04,76.93,67.42,83.84,79.32,77.27,81.29,86.83,84.45,111.74,95.42,1653,3600,3600,3600,3600,3600,3600,3600,3600,3600,3600,3600,3600,3600,3600,3600,3600,3600,3600,3600,3600,3600,3600,3600
1627,1428638,1,10,1428638,24,59.27,111.74,80.24624999999999,12.54465450982343,500.0,768,1,0.439605,4,1,9.261019444444445,2.542705777777778,23.837866666666667,,83.15,96.84,102.76,75.3,86.01,80.97,80.51,66.62,72.64,59.27,62.02,64.04,76.93,67.42,83.84,79.32,77.27,81.29,86.83,84.45,111.74,95.42,83.53,67.74,562,3600,3600,3600,3600,3600,3600,3600,3600,3600,3600,3600,3600,3600,3600,3600,3600,3600,3600,3600,3600,3600,3600,3600
1665,1450238,3,10,1450238,24,59.27,111.74,80.24624999999999,12.54465450982343,64000.0,76316,128,0.494894,4,1,108458.74062222222,2398316.7613171358,1767.7199777777778,,80.51,66.62,72.64,59.27,62.02,64.04,76.93,67.42,83.84,79.32,77.27,81.29,86.83,84.45,111.74,95.42,83.53,67.74,83.15,96.84,102.76,75.3,86.01,80.97,562,3600,3600,3600,3600,3600,3600,3600,3600,3600,3600,3600,3600,3600,3600,3600,3600,3600,3600,3600,3600,3600,3600,3600
1641,1471838,0,0,1471838,24,59.27,111.74,80.24625,12.54465450982343,8000.0,30097,16,0.267472,1,1,5629.209688888889,52033.298959117295,777.984002777778,,76.93,67.42,83.84,79.32,77.27,81.29,86.83,84.45,111.74,95.42,83.53,67.74,83.15,96.84,102.76,75.3,86.01,80.97,80.51,66.62,72.64,59.27,62.02,64.04,562,3600,3600,3600,3600,3600,3600,3600,3600,3600,3600,3600,3600,3600,3600,3600,3600,3600,3600,3600,3600,3600,3600,3600
1680,1596460,0,0,1596460,24,59.27,111.74,80.24624999999999,12.54465450982343,16000.0,10681,32,0.073532,1,0,4167.7011555555555,14627.695959555558,308.13890000000004,,67.74,83.15,96.84,102.76,75.3,86.01,80.97,80.51,66.62,72.64,59.27,62.02,64.04,76.93,67.42,83.84,79.32,77.27,81.29,86.83,84.45,111.74,95.42,83.53,1940,3600,3600,3600,3600,3600,3600,3600,3600,3600,3600,3600,3600,3600,3600,3600,3600,3600,3600,3600,3600,3600,3600,3600
1681,1596869,0,7,1596869,24,59.27,111.74,80.24624999999999,12.54465450982343,16000.0,64,32,0.504256,1,1,19.268266666666666,0.5650457283950617,1.9864888888888887,,67.74,83.15,96.84,102.76,75.3,86.01,80.97,80.51,66.62,72.64,59.27,62.02,64.04,76.93,67.42,83.84,79.32,77.27,81.29,86.83,84.45,111.74,95.42,83.53,1531,3600,3600,3600,3600,3600,3600,3600,3600,3600,3600,3600,3600,3600,3600,3600,3600,3600,3600,3600,3600,3600,3600,3600
1688,1599069,0,7,1599069,24,59.27,111.74,80.24624999999999,12.54465450982343,9000.0,17302,18,0.393904,5,2,3851.2359,20622.02142452778,476.75462777777784,,83.15,96.84,102.76,75.3,86.01,80.97,80.51,66.62,72.64,59.27,62.02,64.04,76.93,67.42,83.84,79.32,77.27,81.29,86.83,84.45,111.74,95.42,83.53,67.74,2931,3600,3600,3600,3600,3600,3600,3600,3600,3600,3600,3600,3600,3600,3600,3600,3600,3600,3600,3600,3600,3600,3600,3600
1694,1601269,2,2,1601269,24,59.27,111.74,80.24624999999999,12.54465450982343,1000.0,6557,2,0.509123,3,2,177.2640027777778,357.2580033364198,196.14592222222223,,83.15,96.84,102.76,75.3,86.01,80.97,80.51,66.62,72.64,59.27,62.02,64.04,76.93,67.42,83.84,79.32,77.27,81.29,86.83,84.45,111.74,95.42,83.53,67.74,731,3600,3600,3600,3600,3600,3600,3600,3600,3600,3600,3600,3600,3600,3600,3600,3600,3600,3600,3600,3600,3600,3600,3600
1692,1605600,0,10,1605600,24,59.27,111.74,80.24624999999999,12.54465450982343,1500.0,11847,3,0.754965,3,3,431.42816250000004,1705.1007008750003,345.4243,,102.76,75.3,86.01,80.97,80.51,66.62,72.64,59.27,62.02,64.04,76.93,67.42,83.84,79.32,77.27,81.29,86.83,84.45,111.74,95.42,83.53,67.74,83.15,96.84,3600,3600,3600,3600,3600,3600,3600,3600,3600,3600,3600,3600,3600,3600,3600,3600,3600,3600,3600,3600,3600,3600,3600,3600
1735,1627200,6,7,1627200,24,59.27,111.74,80.24624999999999,12.54465450982343,13000.0,9441,26,0.680727,10,1,2216.72685,9368.036018249999,274.7829,,72.64,59.27,62.02,64.04,76.93,67.42,83.84,79.32,77.27,81.29,86.83,84.45,111.74,95.42,83.53,67.74,83.15,96.84,102.76,75.3,86.01,80.97,80.51,66.62,3600,3600,3600,3600,3600,3600,3600,3600,3600,3600,3600,3600,3600,3600,3600,3600,3600,3600,3600,3600,3600,3600,3600,3600
1753,1629400,9,1,1629400,24,59.27,111.74,80.24624999999999,12.54465450982343,30000.0,9271,60,0.525477,10,2,4844.2570000000005,20875.96652416667,270.2099,,72.64,59.27,62.02,64.04,76.93,67.42,83.84,79.32,77.27,81.29,86.83,84.45,111.74,95.42,83.53,67.74,83.15,96.84,102.76,75.3,86.01,80.97,80.51,66.62,1400,3600,3600,3600,3600,3600,3600,3600,3600,3600,3600,3600,3600,3600,3600,3600,3600,3600,3600,3600,3600,3600,3600,3600
1749,1634400,8,0,1634400,24,59.27,111.74,80.24625,12.54465450982343,16000.0,16391,32,0.138082,9,3,5068.450844444445,33130.34982867902,454.78181388888896,,62.02,64.04,76.93,67.42,83.84,79.32,77.27,81.29,86.83,84.45,111.74,95.42,83.53,67.74,83.15,96.84,102.76,75.3,86.01,80.97,80.51,66.62,72.64,59.27,3600,3600,3600,3600,3600,3600,3600,3600,3600,3600,3600,3600,3600,3600,3600,3600,3600,3600,3600,3600,3600,3600,3600,3600
1714,1634400,2,10,1634400,24,59.27,111.74,80.24625,12.54465450982343,16000.0,15423,32,0.815749,8,4,4707.752533333334,29573.375724777783,431.4341916666667,,62.02,64.04,76.93,67.42,83.84,79.32,77.27,81.29,86.83,84.45,111.74,95.42,83.53,67.74,83.15,96.84,102.76,75.3,86.01,80.97,80.51,66.62,72.64,59.27,3600,3600,3600,3600,3600,3600,3600,3600,3600,3600,3600,3600,3600,3600,3600,3600,3600,3600,3600,3600,3600,3600,3600,3600
1724,1656000,1,10,1656000,24,59.27,111.74,80.24624999999999,12.54465450982343,8000.0,25525,16,0.967071,6,1,5013.163333333333,38095.71586419753,671.6188888888889,,77.27,81.29,86.83,84.45,111.74,95.42,83.53,67.74,83.15,96.84,102.76,75.3,86.01,80.97,80.51,66.62,72.64,59.27,62.02,64.04,76.93,67.42,83.84,79.32,3600,3600,3600,3600,3600,3600,3600,3600,3600,3600,3600,3600,3600,3600,3600,3600,3600,3600,3600,3600,3600,3600,3600,3600
1785,1677600,6,0,1677600,24,59.27,111.74,80.24625,12.54465450982343,1000.0,19741,2,0.290453,14,1,470.4359166666666,2934.748560247686,535.1853916666668,,83.53,67.74,83.15,96.84,102.76,75.3,86.01,80.97,80.51,66.62,72.64,59.27,62.02,64.04,76.93,67.42,83.84,79.32,77.27,81.29,86.83,84.45,111.74,95.42,3600,3600,3600,3600,3600,3600,3600,3600,3600,3600,3600,3600,3600,3600,3600,3600,3600,3600,3600,3600,3600,3600,3600,3600
1783,1677600,5,10,1677600,24,59.27,111.74,80.24625,12.54465450982343,64000.0,7519,128,0.954609,13,2,10152.832888888888,29819.498504888892,223.08110000000002,,83.53,67.74,83.15,96.84,102.76,75.3,86.01,80.97,80.51,66.62,72.64,59.27,62.02,64.04,76.93,67.42,83.84,79.32,77.27,81.29,86.83,84.45,111.74,95.42,3600,3600,3600,3600,3600,3600,3600,3600,3600,3600,3600,3600,3600,3600,3600,3600,3600,3600,3600,3600,3600,3600,3600,3600
1844,1699200,10,7,1699200,24,59.27,111.74,80.24624999999999,12.54465450982343,128000.0,11546,256,0.493912,18,2,33445.77848888889,135930.03967130865,331.11314444444446,,86.01,80.97,80.51,66.62,72.64,59.27,62.02,64.04,76.93,67.42,83.84,79.32,77.27,81.29,86.83,84.45,111.74,95.42,83.53,67.74,83.15,96.84,102.76,75.3,3600,3600,3600,3600,3600,3600,3600,3600,3600,3600,3600,3600,3600,3600,3600,3600,3600,3600,3600,3600,3600,3600,3600,3600
1851,1706719,11,10,1706719,24,59.27,111.74,80.24624999999999,12.54465450982343,32000.0,25100,64,0.458914,25,1,15327.913688888888,147633.55185185184,661.7041666666667,,80.51,66.62,72.64,59.27,62.02,64.04,76.93,67.42,83.84,79.32,77.27,81.29,86.83,84.45,111.74,95.42,83.53,67.74,83.15,96.84,102.76,75.3,86.01,80.97,3281,3600,3600,3600,3600,3600,3600,3600,3600,3600,3600,3600,3600,3600,3600,3600,3600,3600,3600,3600,3600,3600,3600,3600
1884,1728319,16,8,1728319,24,59.27,111.74,80.24625,12.54465450982343,8000.0,22387,16,0.703557,27,1,3887.4340222222227,29752.90547657408,598.0617083333334,,76.93,67.42,83.84,79.32,77.27,81.29,86.83,84.45,111.74,95.42,83.53,67.74,83.15,96.84,102.76,75.3,86.01,80.97,80.51,66.62,72.64,59.27,62.02,64.04,3281,3600,3600,3600,3600,3600,3600,3600,3600,3600,3600,3600,3600,3600,3600,3600,3600,3600,3600,3600,3600,3600,3600,3600
1871,1733719,14,10,1733719,24,59.27,111.74,80.24624999999999,12.54465450982343,32000.0,13303,64,0.753757,25,2,9319.781333333332,44660.64305871605,377.68340555555557,,67.42,83.84,79.32,77.27,81.29,86.83,84.45,111.74,95.42,83.53,67.74,83.15,96.84,102.76,75.3,86.01,80.97,80.51,66.62,72.64,59.27,62.02,64.04,76.93,1481,3600,3600,3600,3600,3600,3600,3600,3600,3600,3600,3600,3600,3600,3600,3600,3600,3600,3600,3600,3600,3600,3600,3600
1937,1755319,19,10,1755319,24,59.27,111.74,80.24624999999999,12.54465450982343,8000.0,7637,16,0.934583,20,2,1713.8399333333332,3839.8038357777773,226.25529999999998,,84.45,111.74,95.42,83.53,67.74,83.15,96.84,102.76,75.3,86.01,80.97,80.51,66.62,72.64,59.27,62.02,64.04,76.93,67.42,83.84,79.32,77.27,81.29,86.83,1481,3600,3600,3600,3600,3600,3600,3600,3600,3600,3600,3600,3600,3600,3600,3600,3600,3600,3600,3600,3600,3600,3600,3600
1835,1776919,7,10,1776919,24,59.27,111.74,80.24624999999999,12.54465450982343,128000.0,17343,256,0.92604,30,1,53449.58791111111,299801.64254400006,486.1858500000001,,96.84,102.76,75.3,86.01,80.97,80.51,66.62,72.64,59.27,62.02,64.04,76.93,67.42,83.84,79.32,77.27,81.29,86.83,84.45,111.74,95.42,83.53,67.74,83.15,1481,3600,3600,3600,3600,3600,3600,3600,3600,3600,3600,3600,3600,3600,3600,3600,3600,3600,3600,3600,3600,3600,3600,3600
1795,1798519,4,10,1798519,24,59.27,111.74,80.24625,12.54465450982343,32000.0,29452,64,0.696171,44,1,18387.875022222222,199754.77647683953,763.0182111111112,,66.62,72.64,59.27,62.02,64.04,76.93,67.42,83.84,79.32,77.27,81.29,86.83,84.45,111.74,95.42,83.53,67.74,83.15,96.84,102.76,75.3,86.01,80.97,80.51,1481,3600,3600,3600,3600,3600,3600,3600,3600,3600,3600,3600,3600,3600,3600,3600,3600,3600,3600,3600,3600,3600,3600,3600
1976,1820119,16,10,1820119,24,59.27,111.74,80.24624999999999,12.54465450982343,128000.0,5931,256,0.419241,45,1,16678.934044444446,37595.074848,178.2771,,67.42,83.84,79.32,77.27,81.29,86.83,84.45,111.74,95.42,83.53,67.74,83.15,96.84,102.76,75.3,86.01,80.97,80.51,66.62,72.64,59.27,62.02,64.04,76.93,1481,3600,3600,3600,3600,3600,3600,3600,3600,3600,3600,3600,3600,3600,3600,3600,3600,3600,3600,3600,3600,3600,3600,3600
2093,1849571,23,10,1849571,24,59.27,111.74,80.24624999999999,12.54465450982343,97000.0,36446,194,0.641694,26,1,81316.60134444445,920288.956267886,937.1413611111112,,95.42,83.53,67.74,83.15,96.84,102.76,75.3,86.01,80.97,80.51,66.62,72.64,59.27,62.02,64.04,76.93,67.42,83.84,79.32,77.27,81.29,86.83,84.45,111.74,829,3600,3600,3600,3600,3600,3600,3600,3600,3600,3600,3600,3600,3600,3600,3600,3600,3600,3600,3600,3600,3600,3600,3600
2184,1871171,43,7,1871171,24,59.27,111.74,80.24624999999999,12.54465450982343,128000.0,19192,256,0.834651,44,1,52488.487466666666,356250.5133890371,522.0688666666667,,75.3,86.01,80.97,80.51,66.62,72.64,59.27,62.02,64.04,76.93,67.42,83.84,79.32,77.27,81.29,86.83,84.45,111.74,95.42,83.53,67.74,83.15,96.84,102.76,829,3600,3600,3600,3600,3600,3600,3600,3600,3600,3600,3600,3600,3600,3600,3600,3600,3600,3600,3600,3600,3600,3600,3600
2108,1907617,19,10,1907617,24,59.27,111.74,80.24624999999999,12.54465450982343,6500.0,25839,13,0.764339,28,1,4021.5380472222228,31674.705133500007,678.9316000000001,,67.42,83.84,79.32,77.27,81.29,86.83,84.45,111.74,95.42,83.53,67.74,83.15,96.84,102.76,75.3,86.01,80.97,80.51,66.62,72.64,59.27,62.02,64.04,76.93,383,3600,3600,3600,3600,3600,3600,3600,3600,3600,3600,3600,3600,3600,3600,3600,3600,3600,3600,3600,3600,3600,3600,3600
2074,1929217,17,10,1929217,24,59.27,111.74,80.24624999999999,12.54465450982343,70000.0,6130,140,0.370705,27,1,12434.23786111111,21926.70539197531,183.95744444444443,,84.45,111.74,95.42,83.53,67.74,83.15,96.84,102.76,75.3,86.01,80.97,80.51,66.62,72.64,59.27,62.02,64.04,76.93,67.42,83.84,79.32,77.27,81.29,86.83,383,3600,3600,3600,3600,3600,3600,3600,3600,3600,3600,3600,3600,3600,3600,3600,3600,3600,3600,3600,3600,3600,3600,3600
2170,1950817,19,10,1950817,24,59.27,111.74,80.24624999999999,12.54465450982343,8000.0,38458,16,0.925585,21,2,6438.274377777778,84183.10676827162,985.0329722222224,,96.84,102.76,75.3,86.01,80.97,80.51,66.62,72.64,59.27,62.02,64.04,76.93,67.42,83.84,79.32,77.27,81.29,86.83,84.45,111.74,95.42,83.53,67.74,83.15,383,3600,3600,3600,3600,3600,3600,3600,3600,3600,3600,3600,3600,3600,3600,3600,3600,3600,3600,3600,3600,3600,3600,3600
1874,1972417,5,10,1972417,24,59.27,111.74,80.24625,12.54465450982343,128000.0,13126,256,0.722883,26,1,30154.42417777778,174076.15897204942,372.9919222222223,,66.62,72.64,59.27,62.02,64.04,76.93,67.42,83.84,79.32,77.27,81.29,86.83,84.45,111.74,95.42,83.53,67.74,83.15,96.84,102.76,75.3,86.01,80.97,80.51,383,3600,3600,3600,3600,3600,3600,3600,3600,3600,3600,3600,3600,3600,3600,3600,3600,3600,3600,3600,3600,3600,3600,3600
2217,2010875,13,10,2010875,24,59.27,111.74,80.24624999999999,12.54465450982343,128000.0,7508,256,0.711677,15,1,24985.3216,59472.75667911112,222.7852,,86.83,84.45,111.74,95.42,83.53,67.74,83.15,96.84,102.76,75.3,86.01,80.97,80.51,66.62,72.64,59.27,62.02,64.04,76.93,67.42,83.84,79.32,77.27,81.29,1525,3600,3600,3600,3600,3600,3600,3600,3600,3600,3600,3600,3600,3600,3600,3600,3600,3600,3600,3600,3600,3600,3600,3600
1965,2032475,7,10,2032475,24,59.27,111.74,80.24624999999999,12.54465450982343,128000.0,15322,256,0.6735,15,1,48861.003377777786,233710.55337995064,428.9981277777778,,83.15,96.84,102.76,75.3,86.01,80.97,80.51,66.62,72.64,59.27,62.02,64.04,76.93,67.42,83.84,79.32,77.27,81.29,86.83,84.45,111.74,95.42,83.53,67.74,1525,3600,3600,3600,3600,3600,3600,3600,3600,3600,3600,3600,3600,3600,3600,3600,3600,3600,3600,3600,3600,3600,3600,3600
1743,2054075,1,10,2054075,24,59.27,111.74,80.24624999999999,12.54465450982343,128000.0,11223,256,0.410377,30,1,27454.9408,128711.09022400003,322.55185000000006,,80.51,66.62,72.64,59.27,62.02,64.04,76.93,67.42,83.84,79.32,77.27,81.29,86.83,84.45,111.74,95.42,83.53,67.74,83.15,96.84,102.76,75.3,86.01,80.97,1525,3600,3600,3600,3600,3600,3600,3600,3600,3600,3600,3600,3600,3600,3600,3600,3600,3600,3600,3600,3600,3600,3600,3600
2338,2075675,24,7,2075675,24,59.27,111.74,80.24625,12.54465450982343,128000.0,13311,256,0.391134,33,1,36394.470044444446,178850.35857599997,377.89545,,76.93,67.42,83.84,79.32,77.27,81.29,86.83,84.45,111.74,95.42,83.53,67.74,83.15,96.84,102.76,75.3,86.01,80.97,80.51,66.62,72.64,59.27,62.02,64.04,1525,3600,3600,3600,3600,3600,3600,3600,3600,3600,3600,3600,3600,3600,3600,3600,3600,3600,3600,3600,3600,3600,3600,3600
2304,2086898,16,7,2086898,24,59.27,111.74,80.24625,12.54465450982343,64000.0,10021,128,0.715236,33,1,14355.331733333333,51732.39258488889,290.3849,,79.32,77.27,81.29,86.83,84.45,111.74,95.42,83.53,67.74,83.15,96.84,102.76,75.3,86.01,80.97,80.51,66.62,72.64,59.27,62.02,64.04,76.93,67.42,83.84,1102,3600,3600,3600,3600,3600,3600,3600,3600,3600,3600,3600,3600,3600,3600,3600,3600,3600,3600,3600,3600,3600,3600,3600
2290,2100209,14,10,2100209,24,59.27,111.74,80.24624999999999,12.54465450982343,128000.0,13312,256,0.550099,37,1,44560.30186666667,178876.34035041975,377.92195555555554,,84.45,111.74,95.42,83.53,67.74,83.15,96.84,102.76,75.3,86.01,80.97,80.51,66.62,72.64,59.27,62.02,64.04,76.93,67.42,83.84,79.32,77.27,81.29,86.83,2191,3600,3600,3600,3600,3600,3600,3600,3600,3600,3600,3600,3600,3600,3600,3600,3600,3600,3600,3600,3600,3600,3600,3600
2429,2121809,23,11,2121809,24,59.27,111.74,80.24624999999999,12.54465450982343,71000.0,12319,142,0.815216,40,1,21793.6417,85570.09442052778,352.2011,,96.84,102.76,75.3,86.01,80.97,80.51,66.62,72.64,59.27,62.02,64.04,76.93,67.42,83.84,79.32,77.27,81.29,86.83,84.45,111.74,95.42,83.53,67.74,83.15,2191,3600,3600,3600,3600,3600,3600,3600,3600,3600,3600,3600,3600,3600,3600,3600,3600,3600,3600,3600,3600,3600,3600,3600
2017,2165009,6,10,2165009,24,59.27,111.74,80.24624999999999,12.54465450982343,128000.0,29422,256,0.416325,26,1,89549.48408888889,797477.0362125434,762.322127777778,,67.42,83.84,79.32,77.27,81.29,86.83,84.45,111.74,95.42,83.53,67.74,83.15,96.84,102.76,75.3,86.01,80.97,80.51,66.62,72.64,59.27,62.02,64.04,76.93,2191,3600,3600,3600,3600,3600,3600,3600,3600,3600,3600,3600,3600,3600,3600,3600,3600,3600,3600,3600,3600,3600,3600,3600
2491,2186609,17,10,2186609,24,59.27,111.74,80.24624999999999,12.54465450982343,70000.0,10695,140,0.962772,28,1,20216.954138888887,64158.369187499986,308.5155,,84.45,111.74,95.42,83.53,67.74,83.15,96.84,102.76,75.3,86.01,80.97,80.51,66.62,72.64,59.27,62.02,64.04,76.93,67.42,83.84,79.32,77.27,81.29,86.83,2191,3600,3600,3600,3600,3600,3600,3600,3600,3600,3600,3600,3600,3600,3600,3600,3600,3600,3600,3600,3600,3600,3600,3600
2620,2216031,111,10,2216031,24,59.27,111.74,80.24624999999999,12.54465450982343,32000.0,7752,64,0.897913,123,1,5661.5752,15803.661312,229.3488,,75.3,86.01,80.97,80.51,66.62,72.64,59.27,62.02,64.04,76.93,67.42,83.84,79.32,77.27,81.29,86.83,84.45,111.74,95.42,83.53,67.74,83.15,96.84,102.76,1569,3600,3600,3600,3600,3600,3600,3600,3600,3600,3600,3600,3600,3600,3600,3600,3600,3600,3600,3600,3600,3600,3600,3600
2502,2237631,17,10,2237631,24,59.27,111.74,80.24625,12.54465450982343,64000.0,8109,128,0.676235,40,1,8969.675200000001,34447.334736,238.9521,,59.27,62.02,64.04,76.93,67.42,83.84,79.32,77.27,81.29,86.83,84.45,111.74,95.42,83.53,67.74,83.15,96.84,102.76,75.3,86.01,80.97,80.51,66.62,72.64,1569,3600,3600,3600,3600,3600,3600,3600,3600,3600,3600,3600,3600,3600,3600,3600,3600,3600,3600,3600,3600,3600,3600,3600
2601,2259231,29,10,2259231,24,59.27,111.74,80.24625,12.54465450982343,64000.0,23370,128,0.384032,34,1,36878.97973333333,258055.17533333332,621.12125,,79.32,77.27,81.29,86.83,84.45,111.74,95.42,83.53,67.74,83.15,96.84,102.76,75.3,86.01,80.97,80.51,66.62,72.64,59.27,62.02,64.04,76.93,67.42,83.84,1569,3600,3600,3600,3600,3600,3600,3600,3600,3600,3600,3600,3600,3600,3600,3600,3600,3600,3600,3600,3600,3600,3600,3600
2589,2280831,26,7,2280831,24,59.27,111.74,80.24624999999999,12.54465450982343,64000.0,18862,128,0.65002,31,1,29147.282844444446,175364.9469951605,522.9709611111111,,95.42,83.53,67.74,83.15,96.84,102.76,75.3,86.01,80.97,80.51,66.62,72.64,59.27,62.02,64.04,76.93,67.42,83.84,79.32,77.27,81.29,86.83,84.45,111.74,1569,3600,3600,3600,3600,3600,3600,3600,3600,3600,3600,3600,3600,3600,3600,3600,3600,3600,3600,3600,3600,3600,3600,3600
2635,2283031,29,10,2283031,24,59.27,111.74,80.24625,12.54465450982343,64000.0,21171,128,0.762726,30,2,31968.33048888889,214288.33611066669,569.3504750000001,,83.53,67.74,83.15,96.84,102.76,75.3,86.01,80.97,80.51,66.62,72.64,59.27,62.02,64.04,76.93,67.42,83.84,79.32,77.27,81.29,86.83,84.45,111.74,95.42,2969,3600,3600,3600,3600,3600,3600,3600,3600,3600,3600,3600,3600,3600,3600,3600,3600,3600,3600,3600,3600,3600,3600,3600
2608,2304631,27,10,2304631,24,59.27,111.74,80.24624999999999,12.54465450982343,100000.0,14334,200,0.600008,29,1,31043.480277777777,161261.73383888887,405.0106333333333,,86.01,80.97,80.51,66.62,72.64,59.27,62.02,64.04,76.93,67.42,83.84,79.32,77.27,81.29,86.83,84.45,111.74,95.42,83.53,67.74,83.15,96.84,102.76,75.3,2969,3600,3600,3600,3600,3600,3600,3600,3600,3600,3600,3600,3600,3600,3600,3600,3600,3600,3600,3600,3600,3600,3600,3600
2071,2326231,7,10,2326231,24,59.27,111.74,80.24625,12.54465450982343,128000.0,7975,256,0.46949,27,1,18590.043022222224,66734.0911111111,235.3475,,62.02,64.04,76.93,67.42,83.84,79.32,77.27,81.29,86.83,84.45,111.74,95.42,83.53,67.74,83.15,96.84,102.76,75.3,86.01,80.97,80.51,66.62,72.64,59.27,2969,3600,3600,3600,3600,3600,3600,3600,3600,3600,3600,3600,3600,3600,3600,3600,3600,3600,3600,3600,3600,3600,3600,3600
2504,2347831,14,10,2347831,24,59.27,111.74,80.24624999999999,12.54465450982343,32000.0,22243,64,0.577426,25,1,17696.532,117578.21977296297,594.6837083333334,,77.27,81.29,86.83,84.45,111.74,95.42,83.53,67.74,83.15,96.84,102.76,75.3,86.01,80.97,80.51,66.62,72.64,59.27,62.02,64.04,76.93,67.42,83.84,79.32,2969,3600,3600,3600,3600,3600,3600,3600,3600,3600,3600,3600,3600,3600,3600,3600,3600,3600,3600,3600,3600,3600,3600,3600
2326,2369431,9,10,2369431,24,59.27,111.74,80.24625,12.54465450982343,64000.0,14677,128,0.677472,23,1,21922.393777777776,107876.88570404937,413.44108611111113,,83.53,67.74,83.15,96.84,102.76,75.3,86.01,80.97,80.51,66.62,72.64,59.27,62.02,64.04,76.93,67.42,83.84,79.32,77.27,81.29,86.83,84.45,111.74,95.42,2969,3600,3600,3600,3600,3600,3600,3600,3600,3600,3600,3600,3600,3600,3600,3600,3600,3600,3600,3600,3600,3600,3600,3600
1946,2391031,5,10,2391031,24,59.27,111.74,80.24624999999999,12.54465450982343,128000.0,20212,256,0.420362,21,2,53565.59288888889,392697.3250512593,546.4383666666668,,86.01,80.97,80.51,66.62,72.64,59.27,62.02,64.04,76.93,67.42,83.84,79.32,77.27,81.29,86.83,84.45,111.74,95.42,83.53,67.74,83.15,96.84,102.76,75.3,2969,3600,3600,3600,3600,3600,3600,3600,3600,3600,3600,3600,3600,3600,3600,3600,3600,3600,3600,3600,3600,3600,3600,3600
1693,2412631,0,0,2412631,24,59.27,111.74,80.24625,12.54465450982343,128000.0,12681,256,0.199058,20,1,30612.9216,162856.480816,361.19695,,62.02,64.04,76.93,67.42,83.84,79.32,77.27,81.29,86.83,84.45,111.74,95.42,83.53,67.74,83.15,96.84,102.76,75.3,86.01,80.97,80.51,66.62,72.64,59.27,2969,3600,3600,3600,3600,3600,3600,3600,3600,3600,3600,3600,3600,3600,3600,3600,3600,3600,3600,3600,3600,3600,3600,3600
2531,2432843,10,10,2432843,24,59.27,111.74,80.24625,12.54465450982343,16500.0,25629,33,0.337755,19,1,10388.378916666667,79177.06078516669,674.0409333333334,,79.32,77.27,81.29,86.83,84.45,111.74,95.42,83.53,67.74,83.15,96.84,102.76,75.3,86.01,80.97,80.51,66.62,72.64,59.27,62.02,64.04,76.93,67.42,83.84,757,3600,3600,3600,3600,3600,3600,3600,3600,3600,3600,3600,3600,3600,3600,3600,3600,3600,3600,3600,3600,3600,3600,3600
2587,2454443,14,10,2454443,24,59.27,111.74,80.24624999999999,12.54465450982343,16000.0,26637,32,0.530508,17,1,10091.024622222223,83904.1378716667,708.7296250000002,,95.42,83.53,67.74,83.15,96.84,102.76,75.3,86.01,80.97,80.51,66.62,72.64,59.27,62.02,64.04,76.93,67.42,83.84,79.32,77.27,81.29,86.83,84.45,111.74,757,3600,3600,3600,3600,3600,3600,3600,3600,3600,3600,3600,3600,3600,3600,3600,3600,3600,3600,3600,3600,3600,3600,3600
2536,2476043,10,2,2476043,24,59.27,111.74,80.24624999999999,12.54465450982343,16000.0,42441,32,0.682552,16,2,13792.342133333334,199898.7746303333,1059.758825,,75.3,86.01,80.97,80.51,66.62,72.64,59.27,62.02,64.04,76.93,67.42,83.84,79.32,77.27,81.29,86.83,84.45,111.74,95.42,83.53,67.74,83.15,96.84,102.76,757,3600,3600,3600,3600,3600,3600,3600,3600,3600,3600,3600,3600,3600,3600,3600,3600,3600,3600,3600,3600,3600,3600,3600
1801,2480072,1,2,2480072,24,59.27,111.74,80.24624999999999,12.54465450982343,16000.0,52176,32,0.531041,15,2,17292.38613333333,297398.8404053334,1282.4812000000002,,86.01,80.97,80.51,66.62,72.64,59.27,62.02,64.04,76.93,67.42,83.84,79.32,77.27,81.29,86.83,84.45,111.74,95.42,83.53,67.74,83.15,96.84,102.76,75.3,328,3600,3600,3600,3600,3600,3600,3600,3600,3600,3600,3600,3600,3600,3600,3600,3600,3600,3600,3600,3600,3600,3600,3600
2480,2484000,6,10,2484000,24,59.27,111.74,80.24624999999999,12.54465450982343,64000.0,25475,128,0.350815,14,3,31179.528888888886,303641.3683950618,670.4544444444446,,80.51,66.62,72.64,59.27,62.02,64.04,76.93,67.42,83.84,79.32,77.27,81.29,86.83,84.45,111.74,95.42,83.53,67.74,83.15,96.84,102.76,75.3,86.01,80.97,3600,3600,3600,3600,3600,3600,3600,3600,3600,3600,3600,3600,3600,3600,3600,3600,3600,3600,3600,3600,3600,3600,3600,3600
2238,2505600,3,10,2505600,24,59.27,111.74,80.24625,12.54465450982343,128000.0,12693,256,0.3878,13,3,34547.084800000004,163154.1371217778,361.5150166666667,,76.93,67.42,83.84,79.32,77.27,81.29,86.83,84.45,111.74,95.42,83.53,67.74,83.15,96.84,102.76,75.3,86.01,80.97,80.51,66.62,72.64,59.27,62.02,64.04,3600,3600,3600,3600,3600,3600,3600,3600,3600,3600,3600,3600,3600,3600,3600,3600,3600,3600,3600,3600,3600,3600,3600,3600
2477,2536176,4,0,2536176,24,59.27,111.74,80.24625,12.54465450982343,128000.0,14871,256,0.20662,9,1,45466.16213333333,230303.07480711114,435.56411666666673,,111.74,95.42,83.53,67.74,83.15,96.84,102.76,75.3,86.01,80.97,80.51,66.62,72.64,59.27,62.02,64.04,76.93,67.42,83.84,79.32,77.27,81.29,86.83,84.45,1824,3600,3600,3600,3600,3600,3600,3600,3600,3600,3600,3600,3600,3600,3600,3600,3600,3600,3600,3600,3600,3600,3600,3600
1765,2548869,0,0,2548869,24,59.27,111.74,80.24624999999999,12.54465450982343,2000.0,41310,4,0.246519,8,1,1792.2854499999999,23783.8366125,1036.33275,,83.15,96.84,102.76,75.3,86.01,80.97,80.51,66.62,72.64,59.27,62.02,64.04,76.93,67.42,83.84,79.32,77.27,81.29,86.83,84.45,111.74,95.42,83.53,67.74,3531,3600,3600,3600,3600,3600,3600,3600,3600,3600,3600,3600,3600,3600,3600,3600,3600,3600,3600,3600,3600,3600,3600,3600
2619,2563740,6,0,2563740,24,59.27,111.74,80.24624999999999,12.54465450982343,41500.0,57968,83,0.054569,7,1,50825.54016111112,940754.0437136793,1407.8039555555558,,86.01,80.97,80.51,66.62,72.64,59.27,62.02,64.04,76.93,67.42,83.84,79.32,77.27,81.29,86.83,84.45,111.74,95.42,83.53,67.74,83.15,96.84,102.76,75.3,3060,3600,3600,3600,3600,3600,3600,3600,3600,3600,3600,3600,3600,3600,3600,3600,3600,3600,3600,3600,3600,3600,3600,3600
2537,2563740,4,0,2563740,24,59.27,111.74,80.24624999999999,12.54465450982343,64000.0,35360,128,0.048409,6,2,44905.966222222225,567381.9850271606,902.5802222222223,,86.01,80.97,80.51,66.62,72.64,59.27,62.02,64.04,76.93,67.42,83.84,79.32,77.27,81.29,86.83,84.45,111.74,95.42,83.53,67.74,83.15,96.84,102.76,75.3,3060,3600,3600,3600,3600,3600,3600,3600,3600,3600,3600,3600,3600,3600,3600,3600,3600,3600,3600,3600,3600,3600,3600,3600
2267,2563740,2,7,2563740,24,59.27,111.74,80.24624999999999,12.54465450982343,500.0,43514,1,0.815475,5,3,442.50933055555555,6581.083851162037,1088.9323833333333,,86.01,80.97,80.51,66.62,72.64,59.27,62.02,64.04,76.93,67.42,83.84,79.32,77.27,81.29,86.83,84.45,111.74,95.42,83.53,67.74,83.15,96.84,102.76,75.3,3060,3600,3600,3600,3600,3600,3600,3600,3600,3600,3600,3600,3600,3600,3600,3600,3600,3600,3600,3600,3600,3600,3600,3600
1889,2565940,1,2,2565940,24,59.27,111.74,80.24624999999999,12.54465450982343,1000.0,53425,2,0.614625,4,4,1110.3041249999999,19440.77625578704,1310.0008333333335,,86.01,80.97,80.51,66.62,72.64,59.27,62.02,64.04,76.93,67.42,83.84,79.32,77.27,81.29,86.83,84.45,111.74,95.42,83.53,67.74,83.15,96.84,102.76,75.3,860,3600,3600,3600,3600,3600,3600,3600,3600,3600,3600,3600,3600,3600,3600,3600,3600,3600,3600,3600,3600,3600,3600,3600
2547,2570400,2,3,2570400,24,59.27,111.74,80.24624999999999,12.54465450982343,500.0,55185,1,0.688592,3,5,592.7995416666665,10290.505670746528,1342.6047083333333,,80.51,66.62,72.64,59.27,62.02,64.04,76.93,67.42,83.84,79.32,77.27,81.29,86.83,84.45,111.74,95.42,83.53,67.74,83.15,96.84,102.76,75.3,86.01,80.97,3600,3600,3600,3600,3600,3600,3600,3600,3600,3600,3600,3600,3600,3600,3600,3600,3600,3600,3600,3600,3600,3600,3600,3600
1816,2574000,0,3,2574000,24,59.27,111.74,80.24625,12.54465450982343,500.0,43647,1,0.963914,2,6,443.98793750000004,6588.433771704862,1086.8266583333334,,66.62,72.64,59.27,62.02,64.04,76.93,67.42,83.84,79.32,77.27,81.29,86.83,84.45,111.74,95.42,83.53,67.74,83.15,96.84,102.76,75.3,86.01,80.97,80.51,3600,3600,3600,3600,3600,3600,3600,3600,3600,3600,3600,3600,3600,3600,3600,3600,3600,3600,3600,3600,3600,3600,3600,3600
2526,2577600,0,0,2577600,24,59.27,111.74,80.24624999999999,12.54465450982343,500.0,44885,1,0.21783,1,7,473.8102638888889,6947.905953115353,1114.5131527777776,,72.64,59.27,62.02,64.04,76.93,67.42,83.84,79.32,77.27,81.29,86.83,84.45,111.74,95.42,83.53,67.74,83.15,96.84,102.76,75.3,86.01,80.97,80.51,66.62,3600,3600,3600,3600,3600,3600,3600,3600,3600,3600,3600,3600,3600,3600,3600,3600,3600,3600,3600,3600,3600,3600,3600,3600
8064,6358282,0,6,6358282,24,92.98,151.42,110.11541666666669,15.159811448686364,1000.0,6,2,0.807558,1,0,0.15611666666666668,0.0004206111111111112,0.2523666666666667,,93.67,93.15,97.43,93.79,106.81,103.61,92.98,103.85,106.62,110.64,113.89,109.72,106.46,104.78,102.87,116.4,118.17,151.42,130.76,145.87,128.16,110.21,102.59,98.92,2918,3600,3600,3600,3600,3600,3600,3600,3600,3600,3600,3600,3600,3600,3600,3600,3600,3600,3600,3600,3600,3600,3600,3600
8067,6359382,0,7,6359382,24,92.98,151.42,110.11541666666669,15.159811448686364,128000.0,4851,256,0.606763,1,1,16100.124800000001,34859.90261599999,202.10982499999997,,93.67,93.15,97.43,93.79,106.81,103.61,92.98,103.85,106.62,110.64,113.89,109.72,106.46,104.78,102.87,116.4,118.17,151.42,130.76,145.87,128.16,110.21,102.59,98.92,1818,3600,3600,3600,3600,3600,3600,3600,3600,3600,3600,3600,3600,3600,3600,3600,3600,3600,3600,3600,3600,3600,3600,3600
8072,6361582,1,6,6361582,24,92.98,151.42,110.11541666666669,15.159811448686364,64000.0,15084,128,0.931483,3,1,26366.452622222223,155174.082368,578.6623,,93.15,97.43,93.79,106.81,103.61,92.98,103.85,106.62,110.64,113.89,109.72,106.46,104.78,102.87,116.4,118.17,151.42,130.76,145.87,128.16,110.21,102.59,98.92,93.67,3218,3600,3600,3600,3600,3600,3600,3600,3600,3600,3600,3600,3600,3600,3600,3600,3600,3600,3600,3600,3600,3600,3600,3600
8070,6366433,0,0,6366433,24,92.98,151.42,110.11541666666669,15.159811448686364,8000.0,6848,16,0.081369,3,1,1480.249822222222,4307.044358320988,283.02715555555557,,97.43,93.79,106.81,103.61,92.98,103.85,106.62,110.64,113.89,109.72,106.46,104.78,102.87,116.4,118.17,151.42,130.76,145.87,128.16,110.21,102.59,98.92,93.67,93.15,1967,3600,3600,3600,3600,3600,3600,3600,3600,3600,3600,3600,3600,3600,3600,3600,3600,3600,3600,3600,3600,3600,3600,3600
8081,6366433,1,2,6366433,24,92.98,151.42,110.11541666666669,15.159811448686364,4000.0,26,8,0.520054,2,2,2.8146444444444447,0.03159256790123456,1.0935888888888887,,97.43,93.79,106.81,103.61,92.98,103.85,106.62,110.64,113.89,109.72,106.46,104.78,102.87,116.4,118.17,151.42,130.76,145.87,128.16,110.21,102.59,98.92,93.67,93.15,1967,3600,3600,3600,3600,3600,3600,3600,3600,3600,3600,3600,3600,3600,3600,3600,3600,3600,3600,3600,3600,3600,3600,3600
8083,6370044,1,2,6370044,24,92.98,151.42,110.11541666666669,15.159811448686364,4000.0,21937,8,0.856803,5,3,2502.847866666667,19534.688135003085,801.4413694444444,,93.79,106.81,103.61,92.98,103.85,106.62,110.64,113.89,109.72,106.46,104.78,102.87,116.4,118.17,151.42,130.76,145.87,128.16,110.21,102.59,98.92,93.67,93.15,97.43,1956,3600,3600,3600,3600,3600,3600,3600,3600,3600,3600,3600,3600,3600,3600,3600,3600,3600,3600,3600,3600,3600,3600,3600
8077,6373281,0,6,6373281,24,92.98,151.42,110.11541666666669,15.159811448686364,4000.0,6398,8,0.734278,6,2,739.1397888888889,1882.386898604938,264.7934055555555,,106.81,103.61,92.98,103.85,106.62,110.64,113.89,109.72,106.46,104.78,102.87,116.4,118.17,151.42,130.76,145.87,128.16,110.21,102.59,98.92,93.67,93.15,97.43,93.79,2319,3600,3600,3600,3600,3600,3600,3600,3600,3600,3600,3600,3600,3600,3600,3600,3600,3600,3600,3600,3600,3600,3600,3600
8097,6374381,2,10,6374381,24,92.98,151.42,110.11541666666669,15.159811448686364,16000.0,7258,32,0.753253,5,3,3244.3360444444447,9657.871857580245,299.39668888888883,,106.81,103.61,92.98,103.85,106.62,110.64,113.89,109.72,106.46,104.78,102.87,116.4,118.17,151.42,130.76,145.87,128.16,110.21,102.59,98.92,93.67,93.15,97.43,93.79,1219,3600,3600,3600,3600,3600,3600,3600,3600,3600,3600,3600,3600,3600,3600,3600,3600,3600,3600,3600,3600,3600,3600,3600
8105,6395981,0,10,6395981,24,92.98,151.42,110.11541666666666,15.159811448686364,128000.0,18812,256,0.766309,2,1,72401.24835555555,468634.28797629615,700.6346666666665,,113.89,109.72,106.46,104.78,102.87,116.4,118.17,151.42,130.76,145.87,128.16,110.21,102.59,98.92,93.67,93.15,97.43,93.79,106.81,103.61,92.98,103.85,106.62,110.64,1219,3600,3600,3600,3600,3600,3600,3600,3600,3600,3600,3600,3600,3600,3600,3600,3600,3600,3600,3600,3600,3600,3600,3600
8133,6417581,5,7,6417581,24,92.98,151.42,110.11541666666666,15.159811448686364,4000.0,15493,8,0.740581,6,1,2366.9523,10192.46124825,592.087725,,118.17,151.42,130.76,145.87,128.16,110.21,102.59,98.92,93.67,93.15,97.43,93.79,106.81,103.61,92.98,103.85,106.62,110.64,113.89,109.72,106.46,104.78,102.87,116.4,1219,3600,3600,3600,3600,3600,3600,3600,3600,3600,3600,3600,3600,3600,3600,3600,3600,3600,3600,3600,3600,3600,3600,3600
8161,6436393,28,7,6436393,24,92.98,151.42,110.11541666666669,15.159811448686364,9500.0,2,19,0.601465,33,1,0.5816638888888889,0.0004439783950617283,0.08412222222222221,,110.21,102.59,98.92,93.67,93.15,97.43,93.79,106.81,103.61,92.98,103.85,106.62,110.64,113.89,109.72,106.46,104.78,102.87,116.4,118.17,151.42,130.76,145.87,128.16,407,3600,3600,3600,3600,3600,3600,3600,3600,3600,3600,3600,3600,3600,3600,3600,3600,3600,3600,3600,3600,3600,3600,3600
8144,6438593,7,10,6438593,24,92.98,151.42,110.11541666666669,15.159811448686364,16000.0,20390,32,0.847119,15,2,8732.028266666668,68116.79748148147,751.6566666666665,,102.59,98.92,93.67,93.15,97.43,93.79,106.81,103.61,92.98,103.85,106.62,110.64,113.89,109.72,106.46,104.78,102.87,116.4,118.17,151.42,130.76,145.87,128.16,110.21,1807,3600,3600,3600,3600,3600,3600,3600,3600,3600,3600,3600,3600,3600,3600,3600,3600,3600,3600,3600,3600,3600,3600,3600
8168,6460193,6,7,6460193,24,92.98,151.42,110.11541666666669,15.159811448686364,64000.0,29177,128,0.990335,7,1,54982.042133333336,532630.1218029134,1026.8514361111108,,106.81,103.61,92.98,103.85,106.62,110.64,113.89,109.72,106.46,104.78,102.87,116.4,118.17,151.42,130.76,145.87,128.16,110.21,102.59,98.92,93.67,93.15,97.43,93.79,1807,3600,3600,3600,3600,3600,3600,3600,3600,3600,3600,3600,3600,3600,3600,3600,3600,3600,3600,3600,3600,3600,3600,3600
8153,6462393,4,10,6462393,24,92.98,151.42,110.11541666666669,15.159811448686364,32000.0,25172,64,0.395312,6,2,23705.37928888889,202222.71646854316,903.7841888888887,,103.61,92.98,103.85,106.62,110.64,113.89,109.72,106.46,104.78,102.87,116.4,118.17,151.42,130.76,145.87,128.16,110.21,102.59,98.92,93.67,93.15,97.43,93.79,106.81,3207,3600,3600,3600,3600,3600,3600,3600,3600,3600,3600,3600,3600,3600,3600,3600,3600,3600,3600,3600,3600,3600,3600,3600
8123,6483993,2,6,6483993,24,92.98,151.42,110.11541666666665,15.159811448686364,70500.0,12420,141,0.736002,7,2,25838.511437499998,118139.73345,485.722,,109.72,106.46,104.78,102.87,116.4,118.17,151.42,130.76,145.87,128.16,110.21,102.59,98.92,93.67,93.15,97.43,93.79,106.81,103.61,92.98,103.85,106.62,110.64,113.89,3207,3600,3600,3600,3600,3600,3600,3600,3600,3600,3600,3600,3600,3600,3600,3600,3600,3600,3600,3600,3600,3600,3600,3600
8119,6491570,1,10,6491570,24,92.98,151.42,110.11541666666665,15.159811448686364,128000.0,34078,256,0.600679,6,2,147966.71004444442,1425716.543688691,1176.661711111111,,104.78,102.87,116.4,118.17,151.42,130.76,145.87,128.16,110.21,102.59,98.92,93.67,93.15,97.43,93.79,106.81,103.61,92.98,103.85,106.62,110.64,113.89,109.72,106.46,2830,3600,3600,3600,3600,3600,3600,3600,3600,3600,3600,3600,3600,3600,3600,3600,3600,3600,3600,3600,3600,3600,3600,3600
8196,6513170,5,0,6513170,24,92.98,151.42,110.11541666666665,15.159811448686364,16000.0,14962,32,0.990314,8,1,7875.6868444444435,39494.83896177778,593.9272,,145.87,128.16,110.21,102.59,98.92,93.67,93.15,97.43,93.79,106.81,103.61,92.98,103.85,106.62,110.64,113.89,109.72,106.46,104.78,102.87,116.4,118.17,151.42,130.76,2830,3600,3600,3600,3600,3600,3600,3600,3600,3600,3600,3600,3600,3600,3600,3600,3600,3600,3600,3600,3600,3600,3600,3600
8224,6547248,23,10,6547248,24,92.98,151.42,110.11541666666669,15.159811448686364,16000.0,26,32,0.988484,43,1,12.342488888888889,0.12637027160493824,1.0935888888888887,,106.81,103.61,92.98,103.85,106.62,110.64,113.89,109.72,106.46,104.78,102.87,116.4,118.17,151.42,130.76,145.87,128.16,110.21,102.59,98.92,93.67,93.15,97.43,93.79,1152,3600,3600,3600,3600,3600,3600,3600,3600,3600,3600,3600,3600,3600,3600,3600,3600,3600,3600,3600,3600,3600,3600,3600
8147,6568848,1,10,6568848,24,92.98,151.42,110.11541666666666,15.159811448686364,50500.0,23216,101,0.365024,13,1,36075.23835555556,274181.92575693823,841.9039555555554,,113.89,109.72,106.46,104.78,102.87,116.4,118.17,151.42,130.76,145.87,128.16,110.21,102.59,98.92,93.67,93.15,97.43,93.79,106.81,103.61,92.98,103.85,106.62,110.64,1152,3600,3600,3600,3600,3600,3600,3600,3600,3600,3600,3600,3600,3600,3600,3600,3600,3600,3600,3600,3600,3600,3600,3600
8267,6590448,11,0,6590448,24,92.98,151.42,110.11541666666666,15.159811448686364,1000.0,15006,2,0.181097,12,1,574.5868,2401.384961583333,576.1019499999999,,118.17,151.42,130.76,145.87,128.16,110.21,102.59,98.92,93.67,93.15,97.43,93.79,106.81,103.61,92.98,103.85,106.62,110.64,113.89,109.72,106.46,104.78,102.87,116.4,1152,3600,3600,3600,3600,3600,3600,3600,3600,3600,3600,3600,3600,3600,3600,3600,3600,3600,3600,3600,3600,3600,3600,3600
8260,6590448,8,7,6590448,24,92.98,151.42,110.11541666666666,15.159811448686364,8000.0,30122,16,0.509748,11,2,8030.5052,71186.28283318518,1063.4694666666664,,118.17,151.42,130.76,145.87,128.16,110.21,102.59,98.92,93.67,93.15,97.43,93.79,106.81,103.61,92.98,103.85,106.62,110.64,113.89,109.72,106.46,104.78,102.87,116.4,1152,3600,3600,3600,3600,3600,3600,3600,3600,3600,3600,3600,3600,3600,3600,3600,3600,3600,3600,3600,3600,3600,3600,3600
8214,6592648,2,10,6592648,24,92.98,151.42,110.11541666666666,15.159811448686364,128000.0,9030,256,0.695956,10,3,45403.509333333335,121039.10995555554,376.9905833333333,,151.42,130.76,145.87,128.16,110.21,102.59,98.92,93.67,93.15,97.43,93.79,106.81,103.61,92.98,103.85,106.62,110.64,113.89,109.72,106.46,104.78,102.87,116.4,118.17,2552,3600,3600,3600,3600,3600,3600,3600,3600,3600,3600,3600,3600,3600,3600,3600,3600,3600,3600,3600,3600,3600,3600,3600
8312,6622770,9,7,6622770,24,92.98,151.42,110.11541666666669,15.159811448686364,64000.0,13375,128,0.519443,21,1,23588.230222222224,123577.86666666664,519.7199999999999,,93.15,97.43,93.79,106.81,103.61,92.98,103.85,106.62,110.64,113.89,109.72,106.46,104.78,102.87,116.4,118.17,151.42,130.76,145.87,128.16,110.21,102.59,98.92,93.67,1230,3600,3600,3600,3600,3600,3600,3600,3600,3600,3600,3600,3600,3600,3600,3600,3600,3600,3600,3600,3600,3600,3600,3600
8313,6631800,9,10,6631800,24,92.98,151.42,110.11541666666669,15.159811448686364,16000.0,18378,32,0.782802,23,1,8418.008533333334,56081.65136,686.602,,106.81,103.61,92.98,103.85,106.62,110.64,113.89,109.72,106.46,104.78,102.87,116.4,118.17,151.42,130.76,145.87,128.16,110.21,102.59,98.92,93.67,93.15,97.43,93.79,3000,3600,3600,3600,3600,3600,3600,3600,3600,3600,3600,3600,3600,3600,3600,3600,3600,3600,3600,3600,3600,3600,3600,3600
8315,6653400,9,10,6653400,24,92.98,151.42,110.11541666666666,15.159811448686364,64000.0,9106,128,0.44492,18,1,17839.12462222222,59333.911759802475,366.52015555555556,,113.89,109.72,106.46,104.78,102.87,116.4,118.17,151.42,130.76,145.87,128.16,110.21,102.59,98.92,93.67,93.15,97.43,93.79,106.81,103.61,92.98,103.85,106.62,110.64,3000,3600,3600,3600,3600,3600,3600,3600,3600,3600,3600,3600,3600,3600,3600,3600,3600,3600,3600,3600,3600,3600,3600,3600
8348,6675000,11,10,6675000,24,92.98,151.42,110.11541666666666,15.159811448686364,32000.0,33909,64,0.696803,20,1,35668.652,355570.1834197778,1179.6763583333332,,118.17,151.42,130.76,145.87,128.16,110.21,102.59,98.92,93.67,93.15,97.43,93.79,106.81,103.61,92.98,103.85,106.62,110.64,113.89,109.72,106.46,104.78,102.87,116.4,3000,3600,3600,3600,3600,3600,3600,3600,3600,3600,3600,3600,3600,3600,3600,3600,3600,3600,3600,3600,3600,3600,3600,3600
8415,6696600,13,10,6696600,24,92.98,151.42,110.11541666666669,15.159811448686364,76000.0,22390,152,0.502229,35,1,45880.60677777778,385597.5456021604,815.7725277777776,,102.59,98.92,93.67,93.15,97.43,93.79,106.81,103.61,92.98,103.85,106.62,110.64,113.89,109.72,106.46,104.78,102.87,116.4,118.17,151.42,130.76,145.87,128.16,110.21,3000,3600,3600,3600,3600,3600,3600,3600,3600,3600,3600,3600,3600,3600,3600,3600,3600,3600,3600,3600,3600,3600,3600,3600
8527,6718200,25,10,6718200,24,92.98,151.42,110.11541666666669,15.159811448686364,500.0,9997,1,0.743924,36,2,140.17764722222222,553.8383202484569,398.88325555555554,,106.81,103.61,92.98,103.85,106.62,110.64,113.89,109.72,106.46,104.78,102.87,116.4,118.17,151.42,130.76,145.87,128.16,110.21,102.59,98.92,93.67,93.15,97.43,93.79,3000,3600,3600,3600,3600,3600,3600,3600,3600,3600,3600,3600,3600,3600,3600,3600,3600,3600,3600,3600,3600,3600,3600,3600
8555,6739800,25,10,6739800,24,92.98,151.42,110.11541666666666,15.159811448686364,16000.0,10598,32,0.737432,28,2,5162.757511111111,19816.513030913582,420.7129111111111,,113.89,109.72,106.46,104.78,102.87,116.4,118.17,151.42,130.76,145.87,128.16,110.21,102.59,98.92,93.67,93.15,97.43,93.79,106.81,103.61,92.98,103.85,106.62,110.64,3000,3600,3600,3600,3600,3600,3600,3600,3600,3600,3600,3600,3600,3600,3600,3600,3600,3600,3600,3600,3600,3600,3600,3600
8463,6761400,15,10,6761400,24,92.98,151.42,110.11541666666666,15.159811448686364,64000.0,13127,128,0.523516,29,1,31952.34648888889,119226.11168711109,510.8911999999999,,118.17,151.42,130.76,145.87,128.16,110.21,102.59,98.92,93.67,93.15,97.43,93.79,106.81,103.61,92.98,103.85,106.62,110.64,113.89,109.72,106.46,104.78,102.87,116.4,3000,3600,3600,3600,3600,3600,3600,3600,3600,3600,3600,3600,3600,3600,3600,3600,3600,3600,3600,3600,3600,3600,3600,3600
8457,6783000,13,10,6783000,24,92.98,151.42,110.11541666666669,15.159811448686364,16000.0,26055,32,0.528111,21,1,11378.198000000002,107803.66259999997,930.9469999999998,,102.59,98.92,93.67,93.15,97.43,93.79,106.81,103.61,92.98,103.85,106.62,110.64,113.89,109.72,106.46,104.78,102.87,116.4,118.17,151.42,130.76,145.87,128.16,110.21,3000,3600,3600,3600,3600,3600,3600,3600,3600,3600,3600,3600,3600,3600,3600,3600,3600,3600,3600,3600,3600,3600,3600,3600
8535,6804600,17,7,6804600,24,92.98,151.42,110.11541666666669,15.159811448686364,128000.0,21375,256,0.550124,31,1,79177.20000000001,595463.7999999999,783.5049999999999,,106.81,103.61,92.98,103.85,106.62,110.64,113.89,109.72,106.46,104.78,102.87,116.4,118.17,151.42,130.76,145.87,128.16,110.21,102.59,98.92,93.67,93.15,97.43,93.79,3000,3600,3600,3600,3600,3600,3600,3600,3600,3600,3600,3600,3600,3600,3600,3600,3600,3600,3600,3600,3600,3600,3600,3600
8440,6830655,10,9,6830655,24,92.98,151.42,110.11541666666665,15.159811448686364,128000.0,14349,256,0.479656,18,1,54384.746666666666,282844.63095466665,554.3943999999999,,109.72,106.46,104.78,102.87,116.4,118.17,151.42,130.76,145.87,128.16,110.21,102.59,98.92,93.67,93.15,97.43,93.79,106.81,103.61,92.98,103.85,106.62,110.64,113.89,2145,3600,3600,3600,3600,3600,3600,3600,3600,3600,3600,3600,3600,3600,3600,3600,3600,3600,3600,3600,3600,3600,3600,3600
8476,6852030,10,10,6852030,24,92.98,151.42,110.11541666666666,15.159811448686364,128000.0,8038,256,0.766414,41,1,40222.59768888888,96254.59828424691,336.79529444444444,,151.42,130.76,145.87,128.16,110.21,102.59,98.92,93.67,93.15,97.43,93.79,106.81,103.61,92.98,103.85,106.62,110.64,113.89,109.72,106.46,104.78,102.87,116.4,118.17,2370,3600,3600,3600,3600,3600,3600,3600,3600,3600,3600,3600,3600,3600,3600,3600,3600,3600,3600,3600,3600,3600,3600,3600
8727,6873630,36,10,6873630,24,92.98,151.42,110.11541666666669,15.159811448686364,128000.0,11471,256,0.74577,39,1,38834.02062222222,184326.26523022217,451.9375999999999,,98.92,93.67,93.15,97.43,93.79,106.81,103.61,92.98,103.85,106.62,110.64,113.89,109.72,106.46,104.78,102.87,116.4,118.17,151.42,130.76,145.87,128.16,110.21,102.59,2370,3600,3600,3600,3600,3600,3600,3600,3600,3600,3600,3600,3600,3600,3600,3600,3600,3600,3600,3600,3600,3600,3600,3600
8486,6895230,10,10,6895230,24,92.98,151.42,110.11541666666669,15.159811448686364,128000.0,7916,256,0.642974,37,1,27817.80622222222,90994.37387219751,323.29671111111105,,103.61,92.98,103.85,106.62,110.64,113.89,109.72,106.46,104.78,102.87,116.4,118.17,151.42,130.76,145.87,128.16,110.21,102.59,98.92,93.67,93.15,97.43,93.79,106.81,2370,3600,3600,3600,3600,3600,3600,3600,3600,3600,3600,3600,3600,3600,3600,3600,3600,3600,3600,3600,3600,3600,3600,3600
8717,6916830,22,10,6916830,24,92.98,151.42,110.11541666666665,15.159811448686364,74500.0,7471,149,0.823932,40,1,16567.293030555556,47485.328402501545,307.1333222222222,,109.72,106.46,104.78,102.87,116.4,118.17,151.42,130.76,145.87,128.16,110.21,102.59,98.92,93.67,93.15,97.43,93.79,106.81,103.61,92.98,103.85,106.62,110.64,113.89,2370,3600,3600,3600,3600,3600,3600,3600,3600,3600,3600,3600,3600,3600,3600,3600,3600,3600,3600,3600,3600,3600,3600,3600
8756,6938430,28,10,6938430,24,92.98,151.42,110.11541666666666,15.159811448686364,16000.0,14082,32,0.607822,40,1,8518.3152,35544.19052622222,567.9195333333333,,151.42,130.76,145.87,128.16,110.21,102.59,98.92,93.67,93.15,97.43,93.79,106.81,103.61,92.98,103.85,106.62,110.64,113.89,109.72,106.46,104.78,102.87,116.4,118.17,2370,3600,3600,3600,3600,3600,3600,3600,3600,3600,3600,3600,3600,3600,3600,3600,3600,3600,3600,3600,3600,3600,3600,3600
8629,6960030,11,0,6960030,24,92.98,151.42,110.11541666666669,15.159811448686364,31000.0,30161,62,0.120354,51,1,25460.470069444444,274517.3839771381,1056.9755027777776,,98.92,93.67,93.15,97.43,93.79,106.81,103.61,92.98,103.85,106.62,110.64,113.89,109.72,106.46,104.78,102.87,116.4,118.17,151.42,130.76,145.87,128.16,110.21,102.59,2370,3600,3600,3600,3600,3600,3600,3600,3600,3600,3600,3600,3600,3600,3600,3600,3600,3600,3600,3600,3600,3600,3600,3600
8747,6960030,21,10,6960030,24,92.98,151.42,110.11541666666669,15.159811448686364,64000.0,15377,128,0.862352,50,2,26039.73208888889,160817.45678977776,588.2800249999999,,98.92,93.67,93.15,97.43,93.79,106.81,103.61,92.98,103.85,106.62,110.64,113.89,109.72,106.46,104.78,102.87,116.4,118.17,151.42,130.76,145.87,128.16,110.21,102.59,2370,3600,3600,3600,3600,3600,3600,3600,3600,3600,3600,3600,3600,3600,3600,3600,3600,3600,3600,3600,3600,3600,3600,3600
8699,6981630,16,10,6981630,24,92.98,151.42,110.11541666666669,15.159811448686364,16000.0,19143,32,0.790621,45,2,8917.958533333333,60520.55195999999,711.3369999999999,,103.61,92.98,103.85,106.62,110.64,113.89,109.72,106.46,104.78,102.87,116.4,118.17,151.42,130.76,145.87,128.16,110.21,102.59,98.92,93.67,93.15,97.43,93.79,106.81,2370,3600,3600,3600,3600,3600,3600,3600,3600,3600,3600,3600,3600,3600,3600,3600,3600,3600,3600,3600,3600,3600,3600,3600
8684,7003230,15,10,7003230,24,92.98,151.42,110.11541666666665,15.159811448686364,84000.0,26877,168,0.455441,42,1,73745.36679999999,599667.8518739999,956.2097999999999,,109.72,106.46,104.78,102.87,116.4,118.17,151.42,130.76,145.87,128.16,110.21,102.59,98.92,93.67,93.15,97.43,93.79,106.81,103.61,92.98,103.85,106.62,110.64,113.89,2370,3600,3600,3600,3600,3600,3600,3600,3600,3600,3600,3600,3600,3600,3600,3600,3600,3600,3600,3600,3600,3600,3600,3600
8936,7024830,34,10,7024830,24,92.98,151.42,110.11541666666666,15.159811448686364,128000.0,9386,256,0.829518,36,1,47213.98471111111,130624.92213846912,391.4155055555555,,151.42,130.76,145.87,128.16,110.21,102.59,98.92,93.67,93.15,97.43,93.79,106.81,103.61,92.98,103.85,106.62,110.64,113.89,109.72,106.46,104.78,102.87,116.4,118.17,2370,3600,3600,3600,3600,3600,3600,3600,3600,3600,3600,3600,3600,3600,3600,3600,3600,3600,3600,3600,3600,3600,3600,3600
9011,7051707,44,10,7051707,24,92.98,151.42,110.11541666666669,15.159811448686364,16000.0,10425,32,0.65422,47,1,4393.2337333333335,19201.884722222225,414.4291666666667,,93.67,93.15,97.43,93.79,106.81,103.61,92.98,103.85,106.62,110.64,113.89,109.72,106.46,104.78,102.87,116.4,118.17,151.42,130.76,145.87,128.16,110.21,102.59,98.92,693,3600,3600,3600,3600,3600,3600,3600,3600,3600,3600,3600,3600,3600,3600,3600,3600,3600,3600,3600,3600,3600,3600,3600
8992,7073307,36,9,7073307,24,92.98,151.42,110.11541666666669,15.159811448686364,64000.0,20380,128,0.702657,44,1,39200.447288888885,272216.4148148148,751.3333333333333,,92.98,103.85,106.62,110.64,113.89,109.72,106.46,104.78,102.87,116.4,118.17,151.42,130.76,145.87,128.16,110.21,102.59,98.92,93.67,93.15,97.43,93.79,106.81,103.61,693,3600,3600,3600,3600,3600,3600,3600,3600,3600,3600,3600,3600,3600,3600,3600,3600,3600,3600,3600,3600,3600,3600,3600
8742,7084107,16,10,7084107,24,92.98,151.42,110.11541666666669,15.159811448686364,64000.0,14564,128,0.36864,46,1,28208.087111111112,145405.24126577776,561.5932999999999,,110.64,113.89,109.72,106.46,104.78,102.87,116.4,118.17,151.42,130.76,145.87,128.16,110.21,102.59,98.92,93.67,93.15,97.43,93.79,106.81,103.61,92.98,103.85,106.62,693,3600,3600,3600,3600,3600,3600,3600,3600,3600,3600,3600,3600,3600,3600,3600,3600,3600,3600,3600,3600,3600,3600,3600
9053,7105707,32,7,7105707,24,92.98,151.42,110.11541666666665,15.159811448686364,49000.0,13729,98,0.876658,34,1,25154.56541111111,99473.46034733334,532.3224,,116.4,118.17,151.42,130.76,145.87,128.16,110.21,102.59,98.92,93.67,93.15,97.43,93.79,106.81,103.61,92.98,103.85,106.62,110.64,113.89,109.72,106.46,104.78,102.87,693,3600,3600,3600,3600,3600,3600,3600,3600,3600,3600,3600,3600,3600,3600,3600,3600,3600,3600,3600,3600,3600,3600,3600
9075,7107907,33,10,7107907,24,92.98,151.42,110.11541666666666,15.159811448686364,16000.0,19759,32,0.741043,34,2,11598.362977777779,64293.079017,732.1191749999999,,118.17,151.42,130.76,145.87,128.16,110.21,102.59,98.92,93.67,93.15,97.43,93.79,106.81,103.61,92.98,103.85,106.62,110.64,113.89,109.72,106.46,104.78,102.87,116.4,2093,3600,3600,3600,3600,3600,3600,3600,3600,3600,3600,3600,3600,3600,3600,3600,3600,3600,3600,3600,3600,3600,3600,3600
8664,7129507,12,10,7129507,24,92.98,151.42,110.11541666666669,15.159811448686364,128000.0,21770,256,0.566175,37,1,75054.1240888889,616261.7843061727,796.1581388888887,,102.59,98.92,93.67,93.15,97.43,93.79,106.81,103.61,92.98,103.85,106.62,110.64,113.89,109.72,106.46,104.78,102.87,116.4,118.17,151.42,130.76,145.87,128.16,110.21,2093,3600,3600,3600,3600,3600,3600,3600,3600,3600,3600,3600,3600,3600,3600,3600,3600,3600,3600,3600,3600,3600,3600,3600
8668,7151107,12,10,7151107,24,92.98,151.42,110.11541666666669,15.159811448686364,93000.0,15916,186,0.397494,32,1,42042.44774166666,249153.75524099998,605.9726999999999,,106.81,103.61,92.98,103.85,106.62,110.64,113.89,109.72,106.46,104.78,102.87,116.4,118.17,151.42,130.76,145.87,128.16,110.21,102.59,98.92,93.67,93.15,97.43,93.79,2093,3600,3600,3600,3600,3600,3600,3600,3600,3600,3600,3600,3600,3600,3600,3600,3600,3600,3600,3600,3600,3600,3600,3600
8658,7172877,11,10,7172877,24,92.98,151.42,110.11541666666666,15.159811448686364,128000.0,19962,256,0.503869,31,1,77100.34133333333,523673.7036799999,737.8179999999999,,113.89,109.72,106.46,104.78,102.87,116.4,118.17,151.42,130.76,145.87,128.16,110.21,102.59,98.92,93.67,93.15,97.43,93.79,106.81,103.61,92.98,103.85,106.62,110.64,1923,3600,3600,3600,3600,3600,3600,3600,3600,3600,3600,3600,3600,3600,3600,3600,3600,3600,3600,3600,3600,3600,3600,3600
8683,7194477,11,7,7194477,24,92.98,151.42,110.11541666666666,15.159811448686364,64000.0,18923,128,0.790647,30,1,44731.429511111106,237059.76638977774,704.6774749999998,,118.17,151.42,130.76,145.87,128.16,110.21,102.59,98.92,93.67,93.15,97.43,93.79,106.81,103.61,92.98,103.85,106.62,110.64,113.89,109.72,106.46,104.78,102.87,116.4,1923,3600,3600,3600,3600,3600,3600,3600,3600,3600,3600,3600,3600,3600,3600,3600,3600,3600,3600,3600,3600,3600,3600,3600
8934,7214439,22,10,7214439,24,92.98,151.42,110.11541666666669,15.159811448686364,128000.0,10870,256,0.875977,29,1,38001.78986666667,166399.69919999997,430.542,,102.59,98.92,93.67,93.15,97.43,93.79,106.81,103.61,92.98,103.85,106.62,110.64,113.89,109.72,106.46,104.78,102.87,116.4,118.17,151.42,130.76,145.87,128.16,110.21,3561,3600,3600,3600,3600,3600,3600,3600,3600,3600,3600,3600,3600,3600,3600,3600,3600,3600,3600,3600,3600,3600,3600,3600
8288,7236039,5,10,7236039,24,92.98,151.42,110.11541666666669,15.159811448686364,1500.0,45256,3,0.752988,27,1,2019.3619000000003,28468.88769911111,1509.7518666666665,,106.81,103.61,92.98,103.85,106.62,110.64,113.89,109.72,106.46,104.78,102.87,116.4,118.17,151.42,130.76,145.87,128.16,110.21,102.59,98.92,93.67,93.15,97.43,93.79,3561,3600,3600,3600,3600,3600,3600,3600,3600,3600,3600,3600,3600,3600,3600,3600,3600,3600,3600,3600,3600,3600,3600,3600
9026,7257639,22,10,7257639,24,92.98,151.42,110.11541666666666,15.159811448686364,79000.0,10889,158,0.774175,25,1,26272.374519444442,103040.95429177776,431.2183999999999,,113.89,109.72,106.46,104.78,102.87,116.4,118.17,151.42,130.76,145.87,128.16,110.21,102.59,98.92,93.67,93.15,97.43,93.79,106.81,103.61,92.98,103.85,106.62,110.64,3561,3600,3600,3600,3600,3600,3600,3600,3600,3600,3600,3600,3600,3600,3600,3600,3600,3600,3600,3600,3600,3600,3600,3600
8870,7279239,16,10,7279239,24,92.98,151.42,110.11541666666666,15.159811448686364,128000.0,9961,256,0.384627,23,2,47361.542044444446,140808.9281773827,397.5756555555555,,118.17,151.42,130.76,145.87,128.16,110.21,102.59,98.92,93.67,93.15,97.43,93.79,106.81,103.61,92.98,103.85,106.62,110.64,113.89,109.72,106.46,104.78,102.87,116.4,3561,3600,3600,3600,3600,3600,3600,3600,3600,3600,3600,3600,3600,3600,3600,3600,3600,3600,3600,3600,3600,3600,3600,3600
8298,7302895,5,0,7302895,24,92.98,151.42,110.11541666666669,15.159811448686364,128000.0,9451,256,0.20623,22,1,32611.976888888894,127374.72164701234,379.0513222222222,,102.59,98.92,93.67,93.15,97.43,93.79,106.81,103.61,92.98,103.85,106.62,110.64,113.89,109.72,106.46,104.78,102.87,116.4,118.17,151.42,130.76,145.87,128.16,110.21,1505,3600,3600,3600,3600,3600,3600,3600,3600,3600,3600,3600,3600,3600,3600,3600,3600,3600,3600,3600,3600,3600,3600,3600
8759,7312856,11,0,7312856,24,92.98,151.42,110.11541666666669,15.159811448686364,1000.0,31257,2,0.245254,21,1,879.9558805555556,9468.512181812497,1090.5283249999998,,93.15,97.43,93.79,106.81,103.61,92.98,103.85,106.62,110.64,113.89,109.72,106.46,104.78,102.87,116.4,118.17,151.42,130.76,145.87,128.16,110.21,102.59,98.92,93.67,2344,3600,3600,3600,3600,3600,3600,3600,3600,3600,3600,3600,3600,3600,3600,3600,3600,3600,3600,3600,3600,3600,3600,3600
8331,7322307,6,0,7322307,24,92.98,151.42,110.11541666666669,15.159811448686364,8000.0,28668,16,0.21604,20,1,6749.483266666666,64423.57052799998,1011.2531999999998,,93.79,106.81,103.61,92.98,103.85,106.62,110.64,113.89,109.72,106.46,104.78,102.87,116.4,118.17,151.42,130.76,145.87,128.16,110.21,102.59,98.92,93.67,93.15,97.43,93,3600,3600,3600,3600,3600,3600,3600,3600,3600,3600,3600,3600,3600,3600,3600,3600,3600,3600,3600,3600,3600,3600,3600
8308,7322307,5,10,7322307,24,92.98,151.42,110.11541666666669,15.159811448686364,1000.0,33034,2,0.945228,19,2,972.749013888889,10505.205757123456,1144.8429111111109,,93.79,106.81,103.61,92.98,103.85,106.62,110.64,113.89,109.72,106.46,104.78,102.87,116.4,118.17,151.42,130.76,145.87,128.16,110.21,102.59,98.92,93.67,93.15,97.43,93,3600,3600,3600,3600,3600,3600,3600,3600,3600,3600,3600,3600,3600,3600,3600,3600,3600,3600,3600,3600,3600,3600,3600
9081,7343907,17,0,7343907,24,92.98,151.42,110.11541666666669,15.159811448686364,64000.0,34188,128,0.158206,18,3,72064.55413333332,717606.201038222,1180.687633333333,,110.64,113.89,109.72,106.46,104.78,102.87,116.4,118.17,151.42,130.76,145.87,128.16,110.21,102.59,98.92,93.67,93.15,97.43,93.79,106.81,103.61,92.98,103.85,106.62,93,3600,3600,3600,3600,3600,3600,3600,3600,3600,3600,3600,3600,3600,3600,3600,3600,3600,3600,3600,3600,3600,3600,3600
8985,7343907,13,10,7343907,24,92.98,151.42,110.11541666666669,15.159811448686364,2000.0,27512,4,0.356649,17,4,1736.963611111111,14913.421688296294,975.7254666666665,,110.64,113.89,109.72,106.46,104.78,102.87,116.4,118.17,151.42,130.76,145.87,128.16,110.21,102.59,98.92,93.67,93.15,97.43,93.79,106.81,103.61,92.98,103.85,106.62,93,3600,3600,3600,3600,3600,3600,3600,3600,3600,3600,3600,3600,3600,3600,3600,3600,3600,3600,3600,3600,3600,3600,3600
8516,7365507,6,11,7365507,24,92.98,151.42,110.11541666666665,15.159811448686364,4000.0,32855,8,0.438572,16,3,4368.575,41822.19982260802,1145.6393194444443,,116.4,118.17,151.42,130.76,145.87,128.16,110.21,102.59,98.92,93.67,93.15,97.43,93.79,106.81,103.61,92.98,103.85,106.62,110.64,113.89,109.72,106.46,104.78,102.87,93,3600,3600,3600,3600,3600,3600,3600,3600,3600,3600,3600,3600,3600,3600,3600,3600,3600,3600,3600,3600,3600,3600,3600
8998,7408707,2,0,7408707,24,92.98,151.42,110.11541666666669,15.159811448686364,92000.0,21850,184,0.150187,3,1,58134.77955555556,445979.07878858026,798.6890277777777,,93.79,106.81,103.61,92.98,103.85,106.62,110.64,113.89,109.72,106.46,104.78,102.87,116.4,118.17,151.42,130.76,145.87,128.16,110.21,102.59,98.92,93.67,93.15,97.43,93,3600,3600,3600,3600,3600,3600,3600,3600,3600,3600,3600,3600,3600,3600,3600,3600,3600,3600,3600,3600,3600,3600,3600
8814,7408707,1,0,7408707,24,92.98,151.42,110.11541666666669,15.159811448686364,1000.0,86559,2,0.101736,2,2,2647.151091666667,63661.41829223609,2647.686616666666,,93.79,106.81,103.61,92.98,103.85,106.62,110.64,113.89,109.72,106.46,104.78,102.87,116.4,118.17,151.42,130.76,145.87,128.16,110.21,102.59,98.92,93.67,93.15,97.43,93,3600,3600,3600,3600,3600,3600,3600,3600,3600,3600,3600,3600,3600,3600,3600,3600,3600,3600,3600,3600,3600,3600,3600
8422,7408707,0,9,7408707,24,92.98,151.42,110.11541666666669,15.159811448686364,500.0,65655,1,0.857921,1,3,1043.6788958333336,19115.849915624996,2096.3234999999995,,93.79,106.81,103.61,92.98,103.85,106.62,110.64,113.89,109.72,106.46,104.78,102.87,116.4,118.17,151.42,130.76,145.87,128.16,110.21,102.59,98.92,93.67,93.15,97.43,93,3600,3600,3600,3600,3600,3600,3600,3600,3600,3600,3600,3600,3600,3600,3600,3600,3600,3600,3600,3600,3600,3600,3600
9256,7201177,0,10,7201177,24,100.86,195.63,132.23958333333334,22.406565533188157,2000.0,268,4,0.33509,1,0,20.63153333333333,2.1683532592592587,14.563566666666665,,138.57,158.17,146.55,121.47,100.86,107.21,117.1,107.2,136.71,150.53,195.63,147.98,148.35,145.98,151.5,153.36,121.43,108.29,104.46,105.63,113.45,121.7,134.61,137.01,2423,3600,3600,3600,3600,3600,3600,3600,3600,3600,3600,3600,3600,3600,3600,3600,3600,3600,3600,3600,3600,3600,3600,3600
9301,7222777,9,10,7222777,24,100.86,195.63,132.23958333333334,22.406565533188157,112500.0,15842,225,0.535417,11,1,69252.2584375,355927.9704767362,718.9556277777779,,117.1,107.2,136.71,150.53,195.63,147.98,148.35,145.98,151.5,153.36,121.43,108.29,104.46,105.63,113.45,121.7,134.61,137.01,138.57,158.17,146.55,121.47,100.86,107.21,2423,3600,3600,3600,3600,3600,3600,3600,3600,3600,3600,3600,3600,3600,3600,3600,3600,3600,3600,3600,3600,3600,3600,3600
9257,7244377,0,10,7244377,24,100.86,195.63,132.23958333333334,22.406565533188157,500.0,24047,1,0.959161,5,1,442.7859958333334,3534.831487390046,1058.3767916666666,,148.35,145.98,151.5,153.36,121.43,108.29,104.46,105.63,113.45,121.7,134.61,137.01,138.57,158.17,146.55,121.47,100.86,107.21,117.1,107.2,136.71,150.53,195.63,147.98,2423,3600,3600,3600,3600,3600,3600,3600,3600,3600,3600,3600,3600,3600,3600,3600,3600,3600,3600,3600,3600,3600,3600,3600
9292,7265977,3,7,7265977,24,100.86,195.63,132.23958333333331,22.406565533188157,500.0,22437,1,0.382405,4,1,380.1148,3091.1496969375,991.94535,,104.46,105.63,113.45,121.7,134.61,137.01,138.57,158.17,146.55,121.47,100.86,107.21,117.1,107.2,136.71,150.53,195.63,147.98,148.35,145.98,151.5,153.36,121.43,108.29,2423,3600,3600,3600,3600,3600,3600,3600,3600,3600,3600,3600,3600,3600,3600,3600,3600,3600,3600,3600,3600,3600,3600,3600
9273,7268177,1,0,7268177,24,100.86,195.63,132.23958333333331,22.406565533188157,128000.0,11697,256,0.099578,3,2,47673.9456,226623.91639999996,544.9087499999999,,104.46,105.63,113.45,121.7,134.61,137.01,138.57,158.17,146.55,121.47,100.86,107.21,117.1,107.2,136.71,150.53,195.63,147.98,148.35,145.98,151.5,153.36,121.43,108.29,223,3600,3600,3600,3600,3600,3600,3600,3600,3600,3600,3600,3600,3600,3600,3600,3600,3600,3600,3600,3600,3600,3600,3600
9328,7290614,6,10,7290614,24,100.86,195.63,132.23958333333334,22.406565533188157,32000.0,4867,64,0.687336,8,1,6648.499288888888,10871.668941061727,251.29705277777776,,158.17,146.55,121.47,100.86,107.21,117.1,107.2,136.71,150.53,195.63,147.98,148.35,145.98,151.5,153.36,121.43,108.29,104.46,105.63,113.45,121.7,134.61,137.01,138.57,2986,3600,3600,3600,3600,3600,3600,3600,3600,3600,3600,3600,3600,3600,3600,3600,3600,3600,3600,3600,3600,3600,3600,3600
9381,7312214,20,9,7312214,24,100.86,195.63,132.23958333333337,22.406565533188157,16000.0,30020,32,0.882857,25,1,19899.59751111111,173654.4925333333,1301.541,,107.2,136.71,150.53,195.63,147.98,148.35,145.98,151.5,153.36,121.43,108.29,104.46,105.63,113.45,121.7,134.61,137.01,138.57,158.17,146.55,121.47,100.86,107.21,117.1,2986,3600,3600,3600,3600,3600,3600,3600,3600,3600,3600,3600,3600,3600,3600,3600,3600,3600,3600,3600,3600,3600,3600,3600
9394,7323014,16,10,7323014,24,100.86,195.63,132.23958333333334,22.406565533188157,91500.0,30244,183,0.511357,17,1,109696.65227500001,1045382.6355380556,1359.9328333333333,,195.63,147.98,148.35,145.98,151.5,153.36,121.43,108.29,104.46,105.63,113.45,121.7,134.61,137.01,138.57,158.17,146.55,121.47,100.86,107.21,117.1,107.2,136.71,150.53,2986,3600,3600,3600,3600,3600,3600,3600,3600,3600,3600,3600,3600,3600,3600,3600,3600,3600,3600,3600,3600,3600,3600,3600
9331,7344614,3,9,7344614,24,100.86,195.63,132.23958333333334,22.406565533188157,64000.0,17545,128,0.908302,8,2,34427.16942222222,246461.14347283947,790.1646805555555,,121.43,108.29,104.46,105.63,113.45,121.7,134.61,137.01,138.57,158.17,146.55,121.47,100.86,107.21,117.1,107.2,136.71,150.53,195.63,147.98,148.35,145.98,151.5,153.36,2986,3600,3600,3600,3600,3600,3600,3600,3600,3600,3600,3600,3600,3600,3600,3600,3600,3600,3600,3600,3600,3600,3600,3600
9354,7374858,3,0,7374858,24,100.86,195.63,132.23958333333334,22.406565533188157,64000.0,16218,128,0.216958,6,1,38055.90933333334,211822.260048,734.67765,,138.57,158.17,146.55,121.47,100.86,107.21,117.1,107.2,136.71,150.53,195.63,147.98,148.35,145.98,151.5,153.36,121.43,108.29,104.46,105.63,113.45,121.7,134.61,137.01,1542,3600,3600,3600,3600,3600,3600,3600,3600,3600,3600,3600,3600,3600,3600,3600,3600,3600,3600,3600,3600,3600,3600,3600
9343,7374858,2,9,7374858,24,100.86,195.63,132.23958333333334,22.406565533188157,128000.0,12457,256,0.546483,5,2,62562.05653333334,255514.47758518517,576.8920833333333,,138.57,158.17,146.55,121.47,100.86,107.21,117.1,107.2,136.71,150.53,195.63,147.98,148.35,145.98,151.5,153.36,121.43,108.29,104.46,105.63,113.45,121.7,134.61,137.01,1542,3600,3600,3600,3600,3600,3600,3600,3600,3600,3600,3600,3600,3600,3600,3600,3600,3600,3600,3600,3600,3600,3600,3600
9435,7392403,19,7,7392403,24,100.86,195.63,132.23958333333334,22.40656553318816,32000.0,4941,64,0.99026,22,1,4967.473511111111,11179.762434,254.548325,,107.21,117.1,107.2,136.71,150.53,195.63,147.98,148.35,145.98,151.5,153.36,121.43,108.29,104.46,105.63,113.45,121.7,134.61,137.01,138.57,158.17,146.55,121.47,100.86,1997,3600,3600,3600,3600,3600,3600,3600,3600,3600,3600,3600,3600,3600,3600,3600,3600,3600,3600,3600,3600,3600,3600,3600
9498,7404860,74,10,7404860,24,100.86,195.63,132.23958333333334,22.406565533188157,500.0,12,1,0.460694,76,1,0.22785000000000002,0.0010868333333333335,0.6521,,136.71,150.53,195.63,147.98,148.35,145.98,151.5,153.36,121.43,108.29,104.46,105.63,113.45,121.7,134.61,137.01,138.57,158.17,146.55,121.47,100.86,107.21,117.1,107.2,340,3600,3600,3600,3600,3600,3600,3600,3600,3600,3600,3600,3600,3600,3600,3600,3600,3600,3600,3600,3600,3600,3600,3600
9315,7426460,1,0,7426460,24,100.86,195.63,132.23958333333334,22.406565533188157,67500.0,10446,135,0.107077,17,1,25414.588875,96379.94065500001,492.0796,,151.5,153.36,121.43,108.29,104.46,105.63,113.45,121.7,134.61,137.01,138.57,158.17,146.55,121.47,100.86,107.21,117.1,107.2,136.71,150.53,195.63,147.98,148.35,145.98,340,3600,3600,3600,3600,3600,3600,3600,3600,3600,3600,3600,3600,3600,3600,3600,3600,3600,3600,3600,3600,3600,3600,3600
9357,7426460,1,7,7426460,24,100.86,195.63,132.23958333333334,22.406565533188157,83500.0,18650,167,0.727744,16,2,51540.17784722223,362213.0929118441,837.3390277777777,,151.5,153.36,121.43,108.29,104.46,105.63,113.45,121.7,134.61,137.01,138.57,158.17,146.55,121.47,100.86,107.21,117.1,107.2,136.71,150.53,195.63,147.98,148.35,145.98,340,3600,3600,3600,3600,3600,3600,3600,3600,3600,3600,3600,3600,3600,3600,3600,3600,3600,3600,3600,3600,3600,3600,3600
9510,7436906,12,7,7436906,24,100.86,195.63,132.23958333333334,22.406565533188157,26500.0,21597,53,0.976349,13,1,18847.04505138889,152208.06068005206,957.4163749999999,,108.29,104.46,105.63,113.45,121.7,134.61,137.01,138.57,158.17,146.55,121.47,100.86,107.21,117.1,107.2,136.71,150.53,195.63,147.98,148.35,145.98,151.5,153.36,121.43,694,3600,3600,3600,3600,3600,3600,3600,3600,3600,3600,3600,3600,3600,3600,3600,3600,3600,3600,3600,3600,3600,3600,3600
9468,7439106,6,10,7439106,24,100.86,195.63,132.23958333333331,22.406565533188157,16000.0,22463,32,0.967153,12,2,12229.562533333332,99138.11379335803,993.0140944444445,,104.46,105.63,113.45,121.7,134.61,137.01,138.57,158.17,146.55,121.47,100.86,107.21,117.1,107.2,136.71,150.53,195.63,147.98,148.35,145.98,151.5,153.36,121.43,108.29,2094,3600,3600,3600,3600,3600,3600,3600,3600,3600,3600,3600,3600,3600,3600,3600,3600,3600,3600,3600,3600,3600,3600,3600
9515,7460706,10,0,7460706,24,100.86,195.63,132.23958333333334,22.406565533188157,16000.0,21769,32,0.296234,23,1,12309.529244444446,93315.17331454321,964.4868388888889,,138.57,158.17,146.55,121.47,100.86,107.21,117.1,107.2,136.71,150.53,195.63,147.98,148.35,145.98,151.5,153.36,121.43,108.29,104.46,105.63,113.45,121.7,134.61,137.01,2094,3600,3600,3600,3600,3600,3600,3600,3600,3600,3600,3600,3600,3600,3600,3600,3600,3600,3600,3600,3600,3600,3600,3600
9430,7460706,3,10,7460706,24,100.86,195.63,132.23958333333334,22.406565533188157,32000.0,14344,64,0.317783,22,2,17517.302933333332,83680.13345185184,656.3033333333333,,138.57,158.17,146.55,121.47,100.86,107.21,117.1,107.2,136.71,150.53,195.63,147.98,148.35,145.98,151.5,153.36,121.43,108.29,104.46,105.63,113.45,121.7,134.61,137.01,2094,3600,3600,3600,3600,3600,3600,3600,3600,3600,3600,3600,3600,3600,3600,3600,3600,3600,3600,3600,3600,3600,3600,3600
9605,7482306,19,10,7482306,24,100.86,195.63,132.23958333333334,22.406565533188157,12500.0,15613,25,0.700471,28,3,7628.851979166667,38456.78402736304,709.3802472222222,,117.1,107.2,136.71,150.53,195.63,147.98,148.35,145.98,151.5,153.36,121.43,108.29,104.46,105.63,113.45,121.7,134.61,137.01,138.57,158.17,146.55,121.47,100.86,107.21,2094,3600,3600,3600,3600,3600,3600,3600,3600,3600,3600,3600,3600,3600,3600,3600,3600,3600,3600,3600,3600,3600,3600,3600
9571,7503906,13,10,7503906,24,100.86,195.63,132.23958333333334,22.406565533188157,64000.0,11436,128,0.648622,21,1,30401.2448,108550.51199999999,533.925,,148.35,145.98,151.5,153.36,121.43,108.29,104.46,105.63,113.45,121.7,134.61,137.01,138.57,158.17,146.55,121.47,100.86,107.21,117.1,107.2,136.71,150.53,195.63,147.98,2094,3600,3600,3600,3600,3600,3600,3600,3600,3600,3600,3600,3600,3600,3600,3600,3600,3600,3600,3600,3600,3600,3600,3600
9613,7525506,14,10,7525506,24,100.86,195.63,132.23958333333331,22.406565533188157,123500.0,23947,247,0.899869,22,1,101621.57190972223,865889.0646092414,1054.0147388888888,,104.46,105.63,113.45,121.7,134.61,137.01,138.57,158.17,146.55,121.47,100.86,107.21,117.1,107.2,136.71,150.53,195.63,147.98,148.35,145.98,151.5,153.36,121.43,108.29,2094,3600,3600,3600,3600,3600,3600,3600,3600,3600,3600,3600,3600,3600,3600,3600,3600,3600,3600,3600,3600,3600,3600,3600
9504,7547106,7,10,7547106,24,100.86,195.63,132.23958333333334,22.406565533188157,128000.0,18468,256,0.413294,23,1,85304.11093333334,544010.1523199999,828.4754999999999,,138.57,158.17,146.55,121.47,100.86,107.21,117.1,107.2,136.71,150.53,195.63,147.98,148.35,145.98,151.5,153.36,121.43,108.29,104.46,105.63,113.45,121.7,134.61,137.01,2094,3600,3600,3600,3600,3600,3600,3600,3600,3600,3600,3600,3600,3600,3600,3600,3600,3600,3600,3600,3600,3600,3600,3600
9749,7571053,53,10,7571053,24,100.86,195.63,132.23958333333337,22.406565533188157,8000.0,13964,16,0.545831,65,1,4580.733577777778,19869.582474074075,640.3116666666667,,107.2,136.71,150.53,195.63,147.98,148.35,145.98,151.5,153.36,121.43,108.29,104.46,105.63,113.45,121.7,134.61,137.01,138.57,158.17,146.55,121.47,100.86,107.21,117.1,3347,3600,3600,3600,3600,3600,3600,3600,3600,3600,3600,3600,3600,3600,3600,3600,3600,3600,3600,3600,3600,3600,3600,3600
9733,7592653,30,0,7592653,24,100.86,195.63,132.23958333333334,22.406565533188157,61500.0,11828,123,0.098139,58,1,29753.0660375,111219.1193361111,550.4216666666666,,145.98,151.5,153.36,121.43,108.29,104.46,105.63,113.45,121.7,134.61,137.01,138.57,158.17,146.55,121.47,100.86,107.21,117.1,107.2,136.71,150.53,195.63,147.98,148.35,3347,3600,3600,3600,3600,3600,3600,3600,3600,3600,3600,3600,3600,3600,3600,3600,3600,3600,3600,3600,3600,3600,3600,3600
9657,7592653,14,10,7592653,24,100.86,195.63,132.23958333333334,22.406565533188157,128000.0,16631,256,0.978637,57,2,81501.5616,444644.5155489383,751.9467861111111,,145.98,151.5,153.36,121.43,108.29,104.46,105.63,113.45,121.7,134.61,137.01,138.57,158.17,146.55,121.47,100.86,107.21,117.1,107.2,136.71,150.53,195.63,147.98,148.35,3347,3600,3600,3600,3600,3600,3600,3600,3600,3600,3600,3600,3600,3600,3600,3600,3600,3600,3600,3600,3600,3600,3600,3600
9798,7614253,30,10,7614253,24,100.86,195.63,132.23958333333334,22.406565533188157,64000.0,18723,128,0.740424,38,1,41122.843199999996,279258.49619333335,838.983625,,105.63,113.45,121.7,134.61,137.01,138.57,158.17,146.55,121.47,100.86,107.21,117.1,107.2,136.71,150.53,195.63,147.98,148.35,145.98,151.5,153.36,121.43,108.29,104.46,3347,3600,3600,3600,3600,3600,3600,3600,3600,3600,3600,3600,3600,3600,3600,3600,3600,3600,3600,3600,3600,3600,3600,3600
9687,7635853,15,10,7635853,24,100.86,195.63,132.23958333333334,22.406565533188157,64000.0,8973,128,0.612367,53,1,23165.745955555554,68864.580612,431.69872499999997,,158.17,146.55,121.47,100.86,107.21,117.1,107.2,136.71,150.53,195.63,147.98,148.35,145.98,151.5,153.36,121.43,108.29,104.46,105.63,113.45,121.7,134.61,137.01,138.57,3347,3600,3600,3600,3600,3600,3600,3600,3600,3600,3600,3600,3600,3600,3600,3600,3600,3600,3600,3600,3600,3600,3600,3600
9835,7657453,32,10,7657453,24,100.86,195.63,132.23958333333337,22.406565533188157,16000.0,10517,32,0.741665,53,1,6170.42888888889,23142.270539555557,495.1042,,107.2,136.71,150.53,195.63,147.98,148.35,145.98,151.5,153.36,121.43,108.29,104.46,105.63,113.45,121.7,134.61,137.01,138.57,158.17,146.55,121.47,100.86,107.21,117.1,3347,3600,3600,3600,3600,3600,3600,3600,3600,3600,3600,3600,3600,3600,3600,3600,3600,3600,3600,3600,3600,3600,3600,3600
9882,7679053,35,10,7679053,24,100.86,195.63,132.23958333333334,22.406565533188157,64000.0,18156,128,0.376523,47,1,43658.79466666666,263259.90197333327,815.6184999999999,,145.98,151.5,153.36,121.43,108.29,104.46,105.63,113.45,121.7,134.61,137.01,138.57,158.17,146.55,121.47,100.86,107.21,117.1,107.2,136.71,150.53,195.63,147.98,148.35,3347,3600,3600,3600,3600,3600,3600,3600,3600,3600,3600,3600,3600,3600,3600,3600,3600,3600,3600,3600,3600,3600,3600,3600
9722,7700653,16,10,7700653,24,100.86,195.63,132.23958333333334,22.406565533188157,82500.0,26386,165,0.995914,42,1,79224.407625,697678.8728899305,1153.8000833333333,,105.63,113.45,121.7,134.61,137.01,138.57,158.17,146.55,121.47,100.86,107.21,117.1,107.2,136.71,150.53,195.63,147.98,148.35,145.98,151.5,153.36,121.43,108.29,104.46,3347,3600,3600,3600,3600,3600,3600,3600,3600,3600,3600,3600,3600,3600,3600,3600,3600,3600,3600,3600,3600,3600,3600,3600
9873,7722253,30,10,7722253,24,100.86,195.63,132.23958333333334,22.406565533188157,8000.0,37593,16,0.339291,39,1,11249.560155555559,135129.05977649998,1617.5372249999998,,158.17,146.55,121.47,100.86,107.21,117.1,107.2,136.71,150.53,195.63,147.98,148.35,145.98,151.5,153.36,121.43,108.29,104.46,105.63,113.45,121.7,134.61,137.01,138.57,3347,3600,3600,3600,3600,3600,3600,3600,3600,3600,3600,3600,3600,3600,3600,3600,3600,3600,3600,3600,3600,3600,3600,3600
9842,7743853,26,2,7743853,24,100.86,195.63,132.23958333333337,22.406565533188157,128000.0,40692,256,0.6677,37,2,204602.06577777775,2481450.535125333,1715.0986999999998,,107.2,136.71,150.53,195.63,147.98,148.35,145.98,151.5,153.36,121.43,108.29,104.46,105.63,113.45,121.7,134.61,137.01,138.57,158.17,146.55,121.47,100.86,107.21,117.1,3347,3600,3600,3600,3600,3600,3600,3600,3600,3600,3600,3600,3600,3600,3600,3600,3600,3600,3600,3600,3600,3600,3600,3600
9567,7781446,7,6,7781446,24,100.86,195.63,132.23958333333334,22.406565533188157,128000.0,9270,256,0.507927,23,1,34919.63946666666,145677.2672,441.98199999999997,,108.29,104.46,105.63,113.45,121.7,134.61,137.01,138.57,158.17,146.55,121.47,100.86,107.21,117.1,107.2,136.71,150.53,195.63,147.98,148.35,145.98,151.5,153.36,121.43,1754,3600,3600,3600,3600,3600,3600,3600,3600,3600,3600,3600,3600,3600,3600,3600,3600,3600,3600,3600,3600,3600,3600,3600
9924,7822138,19,10,7822138,24,100.86,195.63,132.23958333333334,22.406565533188157,64000.0,10451,128,0.988871,22,1,20476.9088,91465.77711288889,492.2926,,100.86,107.21,117.1,107.2,136.71,150.53,195.63,147.98,148.35,145.98,151.5,153.36,121.43,108.29,104.46,105.63,113.45,121.7,134.61,137.01,138.57,158.17,146.55,121.47,662,3600,3600,3600,3600,3600,3600,3600,3600,3600,3600,3600,3600,3600,3600,3600,3600,3600,3600,3600,3600,3600,3600,3600
9843,7843738,15,9,7843738,24,100.86,195.63,132.23958333333334,22.406565533188157,128000.0,11234,256,0.391189,19,1,60036.96426666666,226844.27753244445,567.9184,,195.63,147.98,148.35,145.98,151.5,153.36,121.43,108.29,104.46,105.63,113.45,121.7,134.61,137.01,138.57,158.17,146.55,121.47,100.86,107.21,117.1,107.2,136.71,150.53,662,3600,3600,3600,3600,3600,3600,3600,3600,3600,3600,3600,3600,3600,3600,3600,3600,3600,3600,3600,3600,3600,3600,3600
9610,7854538,8,10,7854538,24,100.86,195.63,132.23958333333334,22.406565533188157,118500.0,12668,237,0.315112,18,1,57995.233125,244259.9509972222,585.7716666666666,,145.98,151.5,153.36,121.43,108.29,104.46,105.63,113.45,121.7,134.61,137.01,138.57,158.17,146.55,121.47,100.86,107.21,117.1,107.2,136.71,150.53,195.63,147.98,148.35,662,3600,3600,3600,3600,3600,3600,3600,3600,3600,3600,3600,3600,3600,3600,3600,3600,3600,3600,3600,3600,3600,3600,3600
9761,7876138,9,10,7876138,24,100.86,195.63,132.23958333333334,22.406565533188157,64000.0,20256,128,0.410259,17,1,47027.094044444435,324872.38997333334,902.156,,105.63,113.45,121.7,134.61,137.01,138.57,158.17,146.55,121.47,100.86,107.21,117.1,107.2,136.71,150.53,195.63,147.98,148.35,145.98,151.5,153.36,121.43,108.29,104.46,662,3600,3600,3600,3600,3600,3600,3600,3600,3600,3600,3600,3600,3600,3600,3600,3600,3600,3600,3600,3600,3600,3600,3600
9797,7897738,10,0,7897738,24,100.86,195.63,132.23958333333334,22.406565533188157,64000.0,29664,128,0.144152,16,1,65772.33422222223,684967.8643199999,1298.8619999999999,,158.17,146.55,121.47,100.86,107.21,117.1,107.2,136.71,150.53,195.63,147.98,148.35,145.98,151.5,153.36,121.43,108.29,104.46,105.63,113.45,121.7,134.61,137.01,138.57,662,3600,3600,3600,3600,3600,3600,3600,3600,3600,3600,3600,3600,3600,3600,3600,3600,3600,3600,3600,3600,3600,3600,3600
9674,7897738,8,10,7897738,24,100.86,195.63,132.23958333333334,22.406565533188157,55500.0,43480,111,0.449269,15,2,90973.69110833334,1235013.5471166663,1842.4329999999998,,158.17,146.55,121.47,100.86,107.21,117.1,107.2,136.71,150.53,195.63,147.98,148.35,145.98,151.5,153.36,121.43,108.29,104.46,105.63,113.45,121.7,134.61,137.01,138.57,662,3600,3600,3600,3600,3600,3600,3600,3600,3600,3600,3600,3600,3600,3600,3600,3600,3600,3600,3600,3600,3600,3600,3600
9470,7919338,3,10,7919338,24,100.86,195.63,132.23958333333337,22.406565533188157,128000.0,16729,256,0.373906,14,2,92064.91911111111,449702.017083753,756.0445472222221,,107.2,136.71,150.53,195.63,147.98,148.35,145.98,151.5,153.36,121.43,108.29,104.46,105.63,113.45,121.7,134.61,137.01,138.57,158.17,146.55,121.47,100.86,107.21,117.1,662,3600,3600,3600,3600,3600,3600,3600,3600,3600,3600,3600,3600,3600,3600,3600,3600,3600,3600,3600,3600,3600,3600,3600
9961,7962818,7,0,7962818,24,100.86,195.63,132.23958333333334,22.406565533188157,128000.0,31543,256,0.078144,9,1,147057.39093333334,1528978.8201582218,1363.2986499999997,,105.63,113.45,121.7,134.61,137.01,138.57,158.17,146.55,121.47,100.86,107.21,117.1,107.2,136.71,150.53,195.63,147.98,148.35,145.98,151.5,153.36,121.43,108.29,104.46,382,3600,3600,3600,3600,3600,3600,3600,3600,3600,3600,3600,3600,3600,3600,3600,3600,3600,3600,3600,3600,3600,3600,3600
9596,7979547,4,0,7979547,24,100.86,195.63,132.23958333333334,22.406565533188157,110000.0,16855,220,0.268267,8,1,67601.68036111111,392086.8188624614,761.3130972222222,,138.57,158.17,146.55,121.47,100.86,107.21,117.1,107.2,136.71,150.53,195.63,147.98,148.35,145.98,151.5,153.36,121.43,108.29,104.46,105.63,113.45,121.7,134.61,137.01,1653,3600,3600,3600,3600,3600,3600,3600,3600,3600,3600,3600,3600,3600,3600,3600,3600,3600,3600,3600,3600,3600,3600,3600
9979,8011090,6,6,8011090,24,100.86,195.63,132.23958333333334,22.40656553318816,16000.0,52574,32,0.931809,7,1,31704.724177777778,506807.1160261728,2168.9732777777776,,150.53,195.63,147.98,148.35,145.98,151.5,153.36,121.43,108.29,104.46,105.63,113.45,121.7,134.61,137.01,138.57,158.17,146.55,121.47,100.86,107.21,117.1,107.2,136.71,2510,3600,3600,3600,3600,3600,3600,3600,3600,3600,3600,3600,3600,3600,3600,3600,3600,3600,3600,3600,3600,3600,3600,3600
9795,8012190,4,0,8012190,24,100.86,195.63,132.23958333333334,22.40656553318816,128000.0,10737,256,0.05302,6,2,62747.86666666667,192588.83411199998,504.47619999999995,,150.53,195.63,147.98,148.35,145.98,151.5,153.36,121.43,108.29,104.46,105.63,113.45,121.7,134.61,137.01,138.57,158.17,146.55,121.47,100.86,107.21,117.1,107.2,136.71,1410,3600,3600,3600,3600,3600,3600,3600,3600,3600,3600,3600,3600,3600,3600,3600,3600,3600,3600,3600,3600,3600,3600,3600
9272,8064764,0,10,8064764,24,100.86,195.63,132.23958333333334,22.406565533188157,2000.0,58272,4,0.437402,2,1,4492.398888888889,76056.51512177777,2349.356933333333,,138.57,158.17,146.55,121.47,100.86,107.21,117.1,107.2,136.71,150.53,195.63,147.98,148.35,145.98,151.5,153.36,121.43,108.29,104.46,105.63,113.45,121.7,134.61,137.01,2836,3600,3600,3600,3600,3600,3600,3600,3600,3600,3600,3600,3600,3600,3600,3600,3600,3600,3600,3600,3600,3600,3600,3600
9831,8086364,0,0,8086364,24,100.86,195.63,132.23958333333334,22.406565533188157,72500.0,33704,145,0.184808,1,1,98906.3543888889,983011.1183403701,1448.2431333333332,,117.1,107.2,136.71,150.53,195.63,147.98,148.35,145.98,151.5,153.36,121.43,108.29,104.46,105.63,113.45,121.7,134.61,137.01,138.57,158.17,146.55,121.47,100.86,107.21,2836,3600,3600,3600,3600,3600,3600,3600,3600,3600,3600,3600,3600,3600,3600,3600,3600,3600,3600,3600,3600,3600,3600,3600
2621,2210918,0,7,2210918,24,21.51,78.38,53.280833333333334,17.491392625294942,1000.0,5,2,0.954672,1,0,0.05720833333333333,0.00015119598765432098,0.1088611111111111,,41.19,37.32,28.31,21.51,27.24,36.86,27.92,43.94,54.48,65.24,77.1,61.57,57.51,36.32,53.26,62.54,61.79,60.65,74.18,74.34,78.38,76.58,69.79,50.72,3082,3600,3600,3600,3600,3600,3600,3600,3600,3600,3600,3600,3600,3600,3600,3600,3600,3600,3600,3600,3600,3600,3600,3600
2626,2213118,1,7,2213118,24,21.51,78.38,53.280833333333334,17.491392625294942,500.0,15454,1,0.528287,3,1,63.11631944444444,704.2693779660492,328.1182555555555,,41.19,37.32,28.31,21.51,27.24,36.86,27.92,43.94,54.48,65.24,77.1,61.57,57.51,36.32,53.26,62.54,61.79,60.65,74.18,74.34,78.38,76.58,69.79,50.72,882,3600,3600,3600,3600,3600,3600,3600,3600,3600,3600,3600,3600,3600,3600,3600,3600,3600,3600,3600,3600,3600,3600,3600
2625,2215318,0,10,2215318,24,21.51,78.38,53.280833333333334,17.491392625294942,32000.0,10983,64,0.59393,2,1,2714.6976,23024.17055866667,235.83895,,37.32,28.31,21.51,27.24,36.86,27.92,43.94,54.48,65.24,77.1,61.57,57.51,36.32,53.26,62.54,61.79,60.65,74.18,74.34,78.38,76.58,69.79,50.72,41.19,2282,3600,3600,3600,3600,3600,3600,3600,3600,3600,3600,3600,3600,3600,3600,3600,3600,3600,3600,3600,3600,3600,3600,3600
2664,2236918,2,1,2236918,24,21.51,78.38,53.28083333333333,17.491392625294942,500.0,11216,1,0.729958,6,1,92.35478888888889,374.8798453333333,240.6504,,43.94,54.48,65.24,77.1,61.57,57.51,36.32,53.26,62.54,61.79,60.65,74.18,74.34,78.38,76.58,69.79,50.72,41.19,37.32,28.31,21.51,27.24,36.86,27.92,2282,3600,3600,3600,3600,3600,3600,3600,3600,3600,3600,3600,3600,3600,3600,3600,3600,3600,3600,3600,3600,3600,3600,3600
2674,2240523,4,0,2240523,24,21.51,78.38,53.28083333333333,17.491392625294942,2000.0,5083,4,0.119443,8,2,170.61911111111112,311.025710787037,110.14091666666666,,54.48,65.24,77.1,61.57,57.51,36.32,53.26,62.54,61.79,60.65,74.18,74.34,78.38,76.58,69.79,50.72,41.19,37.32,28.31,21.51,27.24,36.86,27.92,43.94,2277,3600,3600,3600,3600,3600,3600,3600,3600,3600,3600,3600,3600,3600,3600,3600,3600,3600,3600,3600,3600,3600,3600,3600
2635,2240523,0,8,2240523,24,21.51,78.38,53.28083333333333,17.491392625294942,64000.0,21171,128,0.762726,7,3,22107.189333333332,166377.09598711113,442.05335833333334,,54.48,65.24,77.1,61.57,57.51,36.32,53.26,62.54,61.79,60.65,74.18,74.34,78.38,76.58,69.79,50.72,41.19,37.32,28.31,21.51,27.24,36.86,27.92,43.94,2277,3600,3600,3600,3600,3600,3600,3600,3600,3600,3600,3600,3600,3600,3600,3600,3600,3600,3600,3600,3600,3600,3600,3600
2669,2245923,2,10,2245923,24,21.51,78.38,53.280833333333334,17.491392625294942,500.0,8325,1,0.453372,5,3,78.83305,207.44425781249998,179.41125,,65.24,77.1,61.57,57.51,36.32,53.26,62.54,61.79,60.65,74.18,74.34,78.38,76.58,69.79,50.72,41.19,37.32,28.31,21.51,27.24,36.86,27.92,43.94,54.48,477,3600,3600,3600,3600,3600,3600,3600,3600,3600,3600,3600,3600,3600,3600,3600,3600,3600,3600,3600,3600,3600,3600,3600
2698,2267523,4,10,2267523,24,21.51,78.38,53.28083333333333,17.491392625294942,2500.0,4936,5,0.566886,5,1,211.3707847222222,366.7470851851852,106.99266666666666,,62.54,61.79,60.65,74.18,74.34,78.38,76.58,69.79,50.72,41.19,37.32,28.31,21.51,27.24,36.86,27.92,43.94,54.48,65.24,77.1,61.57,57.51,36.32,53.26,477,3600,3600,3600,3600,3600,3600,3600,3600,3600,3600,3600,3600,3600,3600,3600,3600,3600,3600,3600,3600,3600,3600,3600
2719,2289123,5,10,2289123,24,21.51,78.38,53.28083333333334,17.491392625294942,8000.0,16788,16,0.416257,15,1,1793.5579333333335,13354.003407999997,357.95219999999995,,76.58,69.79,50.72,41.19,37.32,28.31,21.51,27.24,36.86,27.92,43.94,54.48,65.24,77.1,61.57,57.51,36.32,53.26,62.54,61.79,60.65,74.18,74.34,78.38,477,3600,3600,3600,3600,3600,3600,3600,3600,3600,3600,3600,3600,3600,3600,3600,3600,3600,3600,3600,3600,3600,3600,3600
2773,2310723,11,9,2310723,24,21.51,78.38,53.28083333333333,17.491392625294942,64000.0,13019,128,0.974555,15,1,7432.457777777778,64315.56114933333,277.88235,,21.51,27.24,36.86,27.92,43.94,54.48,65.24,77.1,61.57,57.51,36.32,53.26,62.54,61.79,60.65,74.18,74.34,78.38,76.58,69.79,50.72,41.19,37.32,28.31,477,3600,3600,3600,3600,3600,3600,3600,3600,3600,3600,3600,3600,3600,3600,3600,3600,3600,3600,3600,3600,3600,3600,3600
2766,2321523,10,10,2321523,24,21.51,78.38,53.28083333333333,17.491392625294942,128000.0,16930,256,0.711652,14,2,35785.13955555555,215820.3626864197,358.53205555555553,,27.92,43.94,54.48,65.24,77.1,61.57,57.51,36.32,53.26,62.54,61.79,60.65,74.18,74.34,78.38,76.58,69.79,50.72,41.19,37.32,28.31,21.51,27.24,36.86,477,3600,3600,3600,3600,3600,3600,3600,3600,3600,3600,3600,3600,3600,3600,3600,3600,3600,3600,3600,3600,3600,3600,3600
2710,2343123,4,10,2343123,24,21.51,78.38,53.28083333333333,17.491392625294942,107500.0,36563,215,0.382979,11,1,70591.13484027778,776272.7195269193,710.9949861111111,,57.51,36.32,53.26,62.54,61.79,60.65,74.18,74.34,78.38,76.58,69.79,50.72,41.19,37.32,28.31,21.51,27.24,36.86,27.92,43.94,54.48,65.24,77.1,61.57,477,3600,3600,3600,3600,3600,3600,3600,3600,3600,3600,3600,3600,3600,3600,3600,3600,3600,3600,3600,3600,3600,3600,3600
2759,2364723,8,6,2364723,24,21.51,78.38,53.280833333333334,17.491392625294942,64000.0,17388,128,0.727215,10,1,22034.947200000002,113746.700928,367.9694,,74.18,74.34,78.38,76.58,69.79,50.72,41.19,37.32,28.31,21.51,27.24,36.86,27.92,43.94,54.48,65.24,77.1,61.57,57.51,36.32,53.26,62.54,61.79,60.65,477,3600,3600,3600,3600,3600,3600,3600,3600,3600,3600,3600,3600,3600,3600,3600,3600,3600,3600,3600,3600,3600,3600,3600
2874,2401286,21,7,2401286,24,21.51,78.38,53.280833333333334,17.491392625294942,16000.0,213,32,0.781916,23,1,34.89413333333333,4.390150888888888,4.637483333333333,,36.86,27.92,43.94,54.48,65.24,77.1,61.57,57.51,36.32,53.26,62.54,61.79,60.65,74.18,74.34,78.38,76.58,69.79,50.72,41.19,37.32,28.31,21.51,27.24,3514,3600,3600,3600,3600,3600,3600,3600,3600,3600,3600,3600,3600,3600,3600,3600,3600,3600,3600,3600,3600,3600,3600,3600
2822,2403486,8,0,2403486,24,21.51,78.38,53.280833333333334,17.491392625294942,500.0,25932,1,0.249853,19,2,195.95822499999997,1902.855824111111,528.3264666666666,,36.86,27.92,43.94,54.48,65.24,77.1,61.57,57.51,36.32,53.26,62.54,61.79,60.65,74.18,74.34,78.38,76.58,69.79,50.72,41.19,37.32,28.31,21.51,27.24,1314,3600,3600,3600,3600,3600,3600,3600,3600,3600,3600,3600,3600,3600,3600,3600,3600,3600,3600,3600,3600,3600,3600,3600
2843,2403486,10,7,2403486,24,21.51,78.38,53.280833333333334,17.491392625294942,16000.0,7253,32,0.829356,18,3,1118.7631111111111,5048.3274385432105,156.6074277777778,,36.86,27.92,43.94,54.48,65.24,77.1,61.57,57.51,36.32,53.26,62.54,61.79,60.65,74.18,74.34,78.38,76.58,69.79,50.72,41.19,37.32,28.31,21.51,27.24,1314,3600,3600,3600,3600,3600,3600,3600,3600,3600,3600,3600,3600,3600,3600,3600,3600,3600,3600,3600,3600,3600,3600,3600
2836,2405686,9,10,2405686,24,21.51,78.38,53.28083333333333,17.491392625294942,128000.0,8638,256,0.812747,18,3,12820.280888888889,57147.30514093825,186.06945555555552,,27.92,43.94,54.48,65.24,77.1,61.57,57.51,36.32,53.26,62.54,61.79,60.65,74.18,74.34,78.38,76.58,69.79,50.72,41.19,37.32,28.31,21.51,27.24,36.86,2714,3600,3600,3600,3600,3600,3600,3600,3600,3600,3600,3600,3600,3600,3600,3600,3600,3600,3600,3600,3600,3600,3600,3600
2821,2429418,3,10,2429418,24,21.51,78.38,53.28083333333333,17.491392625294942,62500.0,14041,125,0.748078,10,1,12941.014409722222,72883.1866779514,298.98665,,57.51,36.32,53.26,62.54,61.79,60.65,74.18,74.34,78.38,76.58,69.79,50.72,41.19,37.32,28.31,21.51,27.24,36.86,27.92,43.94,54.48,65.24,77.1,61.57,582,3600,3600,3600,3600,3600,3600,3600,3600,3600,3600,3600,3600,3600,3600,3600,3600,3600,3600,3600,3600,3600,3600,3600
2900,2451018,7,10,2451018,24,21.51,78.38,53.280833333333334,17.491392625294942,8000.0,16897,16,0.846505,12,1,2704.5012444444446,13436.947698530863,357.8520722222222,,74.18,74.34,78.38,76.58,69.79,50.72,41.19,37.32,28.31,21.51,27.24,36.86,27.92,43.94,54.48,65.24,77.1,61.57,57.51,36.32,53.26,62.54,61.79,60.65,582,3600,3600,3600,3600,3600,3600,3600,3600,3600,3600,3600,3600,3600,3600,3600,3600,3600,3600,3600,3600,3600,3600,3600
2907,2472618,7,10,2472618,24,21.51,78.38,53.280833333333334,17.491392625294942,64000.0,9906,128,0.80621,29,1,5438.7168,37518.228014222215,213.0426333333333,,41.19,37.32,28.31,21.51,27.24,36.86,27.92,43.94,54.48,65.24,77.1,61.57,57.51,36.32,53.26,62.54,61.79,60.65,74.18,74.34,78.38,76.58,69.79,50.72,582,3600,3600,3600,3600,3600,3600,3600,3600,3600,3600,3600,3600,3600,3600,3600,3600,3600,3600,3600,3600,3600,3600,3600
2867,2494218,4,0,2494218,24,21.51,78.38,53.28083333333333,17.491392625294942,64000.0,29622,128,0.199458,21,1,29318.596266666664,311891.33697955555,592.2587166666666,,27.92,43.94,54.48,65.24,77.1,61.57,57.51,36.32,53.26,62.54,61.79,60.65,74.18,74.34,78.38,76.58,69.79,50.72,41.19,37.32,28.31,21.51,27.24,36.86,582,3600,3600,3600,3600,3600,3600,3600,3600,3600,3600,3600,3600,3600,3600,3600,3600,3600,3600,3600,3600,3600,3600,3600
3021,2494218,13,10,2494218,24,21.51,78.38,53.28083333333333,17.491392625294942,128000.0,15733,256,0.942442,20,2,33039.09368888888,186763.83093353084,333.86720555555553,,27.92,43.94,54.48,65.24,77.1,61.57,57.51,36.32,53.26,62.54,61.79,60.65,74.18,74.34,78.38,76.58,69.79,50.72,41.19,37.32,28.31,21.51,27.24,36.86,582,3600,3600,3600,3600,3600,3600,3600,3600,3600,3600,3600,3600,3600,3600,3600,3600,3600,3600,3600,3600,3600,3600,3600
3048,2523840,19,10,2523840,24,21.51,78.38,53.28083333333333,17.491392625294942,64000.0,12631,128,0.843769,27,1,14303.025422222221,60599.64203822223,269.87015,,62.54,61.79,60.65,74.18,74.34,78.38,76.58,69.79,50.72,41.19,37.32,28.31,21.51,27.24,36.86,27.92,43.94,54.48,65.24,77.1,61.57,57.51,36.32,53.26,3360,3600,3600,3600,3600,3600,3600,3600,3600,3600,3600,3600,3600,3600,3600,3600,3600,3600,3600,3600,3600,3600,3600,3600
2809,2545440,2,8,2545440,24,21.51,78.38,53.28083333333334,17.491392625294942,128000.0,9256,256,0.835925,43,1,22222.432711111112,65562.3259148642,199.21568888888888,,76.58,69.79,50.72,41.19,37.32,28.31,21.51,27.24,36.86,27.92,43.94,54.48,65.24,77.1,61.57,57.51,36.32,53.26,62.54,61.79,60.65,74.18,74.34,78.38,3360,3600,3600,3600,3600,3600,3600,3600,3600,3600,3600,3600,3600,3600,3600,3600,3600,3600,3600,3600,3600,3600,3600,3600
3096,2558071,26,10,2558071,24,21.51,78.38,53.280833333333334,17.491392625294942,128000.0,18642,256,0.98828,49,1,20435.50897777778,260508.03616355557,393.02588333333335,,41.19,37.32,28.31,21.51,27.24,36.86,27.92,43.94,54.48,65.24,77.1,61.57,57.51,36.32,53.26,62.54,61.79,60.65,74.18,74.34,78.38,76.58,69.79,50.72,1529,3600,3600,3600,3600,3600,3600,3600,3600,3600,3600,3600,3600,3600,3600,3600,3600,3600,3600,3600,3600,3600,3600,3600
3129,2579671,29,10,2579671,24,21.51,78.38,53.28083333333333,17.491392625294942,32000.0,8730,64,0.608962,57,1,3529.483733333333,14590.856399999997,188.02649999999997,,27.92,43.94,54.48,65.24,77.1,61.57,57.51,36.32,53.26,62.54,61.79,60.65,74.18,74.34,78.38,76.58,69.79,50.72,41.19,37.32,28.31,21.51,27.24,36.86,1529,3600,3600,3600,3600,3600,3600,3600,3600,3600,3600,3600,3600,3600,3600,3600,3600,3600,3600,3600,3600,3600,3600,3600
3221,2601271,46,0,2601271,24,21.51,78.38,53.28083333333333,17.491392625294942,64000.0,18202,128,0.251999,62,1,17704.28871111111,124419.48606004937,384.4959944444444,,57.51,36.32,53.26,62.54,61.79,60.65,74.18,74.34,78.38,76.58,69.79,50.72,41.19,37.32,28.31,21.51,27.24,36.86,27.92,43.94,54.48,65.24,77.1,61.57,1529,3600,3600,3600,3600,3600,3600,3600,3600,3600,3600,3600,3600,3600,3600,3600,3600,3600,3600,3600,3600,3600,3600,3600
3241,2601271,51,10,2601271,24,21.51,78.38,53.28083333333333,17.491392625294942,8000.0,8589,16,0.892374,61,2,895.4764222222223,3531.5509001111104,185.02711666666664,,57.51,36.32,53.26,62.54,61.79,60.65,74.18,74.34,78.38,76.58,69.79,50.72,41.19,37.32,28.31,21.51,27.24,36.86,27.92,43.94,54.48,65.24,77.1,61.57,1529,3600,3600,3600,3600,3600,3600,3600,3600,3600,3600,3600,3600,3600,3600,3600,3600,3600,3600,3600,3600,3600,3600,3600
2920,2622871,5,10,2622871,24,21.51,78.38,53.280833333333334,17.491392625294942,128000.0,6838,256,0.490436,61,1,18310.991644444446,35916.74189037037,147.72716666666668,,74.18,74.34,78.38,76.58,69.79,50.72,41.19,37.32,28.31,21.51,27.24,36.86,27.92,43.94,54.48,65.24,77.1,61.57,57.51,36.32,53.26,62.54,61.79,60.65,1529,3600,3600,3600,3600,3600,3600,3600,3600,3600,3600,3600,3600,3600,3600,3600,3600,3600,3600,3600,3600,3600,3600,3600
3304,2644471,43,10,2644471,24,21.51,78.38,53.280833333333334,17.491392625294942,128000.0,6656,256,0.569404,46,1,8553.275733333332,34038.330405925924,143.82933333333332,,41.19,37.32,28.31,21.51,27.24,36.86,27.92,43.94,54.48,65.24,77.1,61.57,57.51,36.32,53.26,62.54,61.79,60.65,74.18,74.34,78.38,76.58,69.79,50.72,1529,3600,3600,3600,3600,3600,3600,3600,3600,3600,3600,3600,3600,3600,3600,3600,3600,3600,3600,3600,3600,3600,3600,3600
3182,2666071,28,10,2666071,24,21.51,78.38,53.28083333333333,17.491392625294942,128000.0,9770,256,0.63541,41,1,16530.365155555555,73001.30490864198,210.1496111111111,,27.92,43.94,54.48,65.24,77.1,61.57,57.51,36.32,53.26,62.54,61.79,60.65,74.18,74.34,78.38,76.58,69.79,50.72,41.19,37.32,28.31,21.51,27.24,36.86,1529,3600,3600,3600,3600,3600,3600,3600,3600,3600,3600,3600,3600,3600,3600,3600,3600,3600,3600,3600,3600,3600,3600,3600
3214,2687671,29,10,2687671,24,21.51,78.38,53.28083333333333,17.491392625294942,64000.0,12807,128,0.805086,37,1,11824.007288888888,62271.515944,273.50455,,57.51,36.32,53.26,62.54,61.79,60.65,74.18,74.34,78.38,76.58,69.79,50.72,41.19,37.32,28.31,21.51,27.24,36.86,27.92,43.94,54.48,65.24,77.1,61.57,1529,3600,3600,3600,3600,3600,3600,3600,3600,3600,3600,3600,3600,3600,3600,3600,3600,3600,3600,3600,3600,3600,3600,3600
3124,2709271,18,10,2709271,24,21.51,78.38,53.280833333333334,17.491392625294942,5000.0,23251,10,0.535633,45,1,2118.8531388888887,15719.176640351077,486.7664694444444,,74.18,74.34,78.38,76.58,69.79,50.72,41.19,37.32,28.31,21.51,27.24,36.86,27.92,43.94,54.48,65.24,77.1,61.57,57.51,36.32,53.26,62.54,61.79,60.65,1529,3600,3600,3600,3600,3600,3600,3600,3600,3600,3600,3600,3600,3600,3600,3600,3600,3600,3600,3600,3600,3600,3600,3600
3417,2730871,39,0,2730871,24,21.51,78.38,53.280833333333334,17.491392625294942,16000.0,15621,32,0.255892,43,1,2072.7004,23019.062786888884,331.5593833333333,,41.19,37.32,28.31,21.51,27.24,36.86,27.92,43.94,54.48,65.24,77.1,61.57,57.51,36.32,53.26,62.54,61.79,60.65,74.18,74.34,78.38,76.58,69.79,50.72,1529,3600,3600,3600,3600,3600,3600,3600,3600,3600,3600,3600,3600,3600,3600,3600,3600,3600,3600,3600,3600,3600,3600,3600
3438,2730871,41,2,2730871,24,21.51,78.38,53.280833333333334,17.491392625294942,32000.0,11637,64,0.878476,42,2,3215.9874666666665,25792.148532,249.34405,,41.19,37.32,28.31,21.51,27.24,36.86,27.92,43.94,54.48,65.24,77.1,61.57,57.51,36.32,53.26,62.54,61.79,60.65,74.18,74.34,78.38,76.58,69.79,50.72,1529,3600,3600,3600,3600,3600,3600,3600,3600,3600,3600,3600,3600,3600,3600,3600,3600,3600,3600,3600,3600,3600,3600,3600
3033,2735097,11,0,2735097,24,21.51,78.38,53.280833333333334,17.491392625294942,128000.0,11942,256,0.237548,48,3,11375.128888888888,108546.85676799998,255.64229999999998,,37.32,28.31,21.51,27.24,36.86,27.92,43.94,54.48,65.24,77.1,61.57,57.51,36.32,53.26,62.54,61.79,60.65,74.18,74.34,78.38,76.58,69.79,50.72,41.19,903,3600,3600,3600,3600,3600,3600,3600,3600,3600,3600,3600,3600,3600,3600,3600,3600,3600,3600,3600,3600,3600,3600,3600
2926,2754122,5,10,2754122,24,21.51,78.38,53.28083333333333,17.491392625294942,49000.0,13360,98,0.917896,49,1,10760.91068888889,51811.8464888889,284.92400000000004,,43.94,54.48,65.24,77.1,61.57,57.51,36.32,53.26,62.54,61.79,60.65,74.18,74.34,78.38,76.58,69.79,50.72,41.19,37.32,28.31,21.51,27.24,36.86,27.92,3478,3600,3600,3600,3600,3600,3600,3600,3600,3600,3600,3600,3600,3600,3600,3600,3600,3600,3600,3600,3600,3600,3600,3600
3285,2775722,26,10,2775722,24,21.51,78.38,53.28083333333333,17.491392625294942,64000.0,10470,128,0.331317,46,1,9425.646933333333,41887.476355555555,225.04016666666666,,36.32,53.26,62.54,61.79,60.65,74.18,74.34,78.38,76.58,69.79,50.72,41.19,37.32,28.31,21.51,27.24,36.86,27.92,43.94,54.48,65.24,77.1,61.57,57.51,3478,3600,3600,3600,3600,3600,3600,3600,3600,3600,3600,3600,3600,3600,3600,3600,3600,3600,3600,3600,3600,3600,3600,3600
3533,2797322,39,11,2797322,24,21.51,78.38,53.28083333333334,17.491392625294942,8000.0,49258,16,0.473134,43,1,5204.9976,101932.06784118518,931.2077333333333,,74.34,78.38,76.58,69.79,50.72,41.19,37.32,28.31,21.51,27.24,36.86,27.92,43.94,54.48,65.24,77.1,61.57,57.51,36.32,53.26,62.54,61.79,60.65,74.18,3478,3600,3600,3600,3600,3600,3600,3600,3600,3600,3600,3600,3600,3600,3600,3600,3600,3600,3600,3600,3600,3600,3600,3600
3387,2840522,17,10,2840522,24,21.51,78.38,53.28083333333333,17.491392625294942,32000.0,25660,64,0.605634,37,1,12905.001244444444,119427.62099753089,523.6012222222223,,43.94,54.48,65.24,77.1,61.57,57.51,36.32,53.26,62.54,61.79,60.65,74.18,74.34,78.38,76.58,69.79,50.72,41.19,37.32,28.31,21.51,27.24,36.86,27.92,3478,3600,3600,3600,3600,3600,3600,3600,3600,3600,3600,3600,3600,3600,3600,3600,3600,3600,3600,3600,3600,3600,3600,3600
3590,2862122,25,10,2862122,24,21.51,78.38,53.28083333333333,17.491392625294942,128000.0,15977,256,0.970492,29,2,30886.731022222222,192516.43710834568,338.8949611111111,,36.32,53.26,62.54,61.79,60.65,74.18,74.34,78.38,76.58,69.79,50.72,41.19,37.32,28.31,21.51,27.24,36.86,27.92,43.94,54.48,65.24,77.1,61.57,57.51,3478,3600,3600,3600,3600,3600,3600,3600,3600,3600,3600,3600,3600,3600,3600,3600,3600,3600,3600,3600,3600,3600,3600,3600
3609,2889780,24,1,2889780,24,21.51,78.38,53.28083333333334,17.491392625294942,64000.0,36538,128,0.958326,26,1,27898.20728888889,472571.9654473086,727.5212944444444,,78.38,76.58,69.79,50.72,41.19,37.32,28.31,21.51,27.24,36.86,27.92,43.94,54.48,65.24,77.1,61.57,57.51,36.32,53.26,62.54,61.79,60.65,74.18,74.34,1020,3600,3600,3600,3600,3600,3600,3600,3600,3600,3600,3600,3600,3600,3600,3600,3600,3600,3600,3600,3600,3600,3600,3600
3574,2905757,21,10,2905757,24,21.51,78.38,53.280833333333334,17.491392625294942,64000.0,10702,128,0.508333,25,1,5429.687466666667,43754.593749728396,229.97532222222222,,37.32,28.31,21.51,27.24,36.86,27.92,43.94,54.48,65.24,77.1,61.57,57.51,36.32,53.26,62.54,61.79,60.65,74.18,74.34,78.38,76.58,69.79,50.72,41.19,3043,3600,3600,3600,3600,3600,3600,3600,3600,3600,3600,3600,3600,3600,3600,3600,3600,3600,3600,3600,3600,3600,3600,3600
3526,2927357,18,10,2927357,24,21.51,78.38,53.28083333333333,17.491392625294942,128000.0,10251,256,0.950355,23,2,20100.203377777776,80324.667344,220.38155,,43.94,54.48,65.24,77.1,61.57,57.51,36.32,53.26,62.54,61.79,60.65,74.18,74.34,78.38,76.58,69.79,50.72,41.19,37.32,28.31,21.51,27.24,36.86,27.92,3043,3600,3600,3600,3600,3600,3600,3600,3600,3600,3600,3600,3600,3600,3600,3600,3600,3600,3600,3600,3600,3600,3600,3600
3071,2948957,6,10,2948957,24,21.51,78.38,53.28083333333333,17.491392625294942,64000.0,13234,128,0.553602,21,1,12661.611555555555,66422.23415822221,282.3221,,36.32,53.26,62.54,61.79,60.65,74.18,74.34,78.38,76.58,69.79,50.72,41.19,37.32,28.31,21.51,27.24,36.86,27.92,43.94,54.48,65.24,77.1,61.57,57.51,3043,3600,3600,3600,3600,3600,3600,3600,3600,3600,3600,3600,3600,3600,3600,3600,3600,3600,3600,3600,3600,3600,3600,3600
3581,2970557,16,8,2970557,24,21.51,78.38,53.28083333333334,17.491392625294942,64000.0,24906,128,0.600546,19,1,26808.71377777778,229804.00174044445,519.0104833333334,,74.34,78.38,76.58,69.79,50.72,41.19,37.32,28.31,21.51,27.24,36.86,27.92,43.94,54.48,65.24,77.1,61.57,57.51,36.32,53.26,62.54,61.79,60.65,74.18,3043,3600,3600,3600,3600,3600,3600,3600,3600,3600,3600,3600,3600,3600,3600,3600,3600,3600,3600,3600,3600,3600,3600,3600
3472,2975957,14,10,2975957,24,21.51,78.38,53.28083333333334,17.491392625294942,64000.0,14615,128,0.314238,18,2,16229.173688888888,81812.75637777775,314.87974999999994,,78.38,76.58,69.79,50.72,41.19,37.32,28.31,21.51,27.24,36.86,27.92,43.94,54.48,65.24,77.1,61.57,57.51,36.32,53.26,62.54,61.79,60.65,74.18,74.34,1243,3600,3600,3600,3600,3600,3600,3600,3600,3600,3600,3600,3600,3600,3600,3600,3600,3600,3600,3600,3600,3600,3600,3600
3135,2997557,6,0,2997557,24,21.51,78.38,53.28083333333333,17.491392625294942,69500.0,10539,139,0.038783,17,2,5558.9939875,46085.5906419375,226.50795,,28.31,21.51,27.24,36.86,27.92,43.94,54.48,65.24,77.1,61.57,57.51,36.32,53.26,62.54,61.79,60.65,74.18,74.34,78.38,76.58,69.79,50.72,41.19,37.32,1243,3600,3600,3600,3600,3600,3600,3600,3600,3600,3600,3600,3600,3600,3600,3600,3600,3600,3600,3600,3600,3600,3600,3600
3226,3012172,9,0,3012172,24,21.51,78.38,53.28083333333333,17.491392625294942,64000.0,14350,128,0.102312,16,1,14441.314844444445,77902.64222222223,305.3675,,27.92,43.94,54.48,65.24,77.1,61.57,57.51,36.32,53.26,62.54,61.79,60.65,74.18,74.34,78.38,76.58,69.79,50.72,41.19,37.32,28.31,21.51,27.24,36.86,1028,3600,3600,3600,3600,3600,3600,3600,3600,3600,3600,3600,3600,3600,3600,3600,3600,3600,3600,3600,3600,3600,3600,3600
2968,3022711,2,0,3022711,24,21.51,78.38,53.280833333333334,17.491392625294942,64000.0,14952,128,0.032383,15,1,15899.138133333332,84468.6370702222,317.7742666666666,,65.24,77.1,61.57,57.51,36.32,53.26,62.54,61.79,60.65,74.18,74.34,78.38,76.58,69.79,50.72,41.19,37.32,28.31,21.51,27.24,36.86,27.92,43.94,54.48,1289,3600,3600,3600,3600,3600,3600,3600,3600,3600,3600,3600,3600,3600,3600,3600,3600,3600,3600,3600,3600,3600,3600,3600
3302,3022711,8,0,3022711,24,21.51,78.38,53.280833333333334,17.491392625294942,32000.0,22602,64,0.200297,14,2,11733.558933333334,94130.49247644444,468.52846666666665,,65.24,77.1,61.57,57.51,36.32,53.26,62.54,61.79,60.65,74.18,74.34,78.38,76.58,69.79,50.72,41.19,37.32,28.31,21.51,27.24,36.86,27.92,43.94,54.48,1289,3600,3600,3600,3600,3600,3600,3600,3600,3600,3600,3600,3600,3600,3600,3600,3600,3600,3600,3600,3600,3600,3600,3600
3594,3037061,11,10,3037061,24,21.51,78.38,53.28083333333333,17.491392625294942,8000.0,35717,16,0.700014,13,2,5223.094755555556,55295.4651430432,696.6699138888888,,36.32,53.26,62.54,61.79,60.65,74.18,74.34,78.38,76.58,69.79,50.72,41.19,37.32,28.31,21.51,27.24,36.86,27.92,43.94,54.48,65.24,77.1,61.57,57.51,1339,3600,3600,3600,3600,3600,3600,3600,3600,3600,3600,3600,3600,3600,3600,3600,3600,3600,3600,3600,3600,3600,3600,3600
2706,3058661,1,0,3058661,24,21.51,78.38,53.28083333333334,17.491392625294942,64000.0,29251,128,0.044038,11,2,27273.251200000002,310858.76084217284,597.7848722222222,,74.34,78.38,76.58,69.79,50.72,41.19,37.32,28.31,21.51,27.24,36.86,27.92,43.94,54.48,65.24,77.1,61.57,57.51,36.32,53.26,62.54,61.79,60.65,74.18,1339,3600,3600,3600,3600,3600,3600,3600,3600,3600,3600,3600,3600,3600,3600,3600,3600,3600,3600,3600,3600,3600,3600,3600
3399,3058661,6,0,3058661,24,21.51,78.38,53.28083333333334,17.491392625294942,128000.0,11875,256,0.201673,10,3,31652.14933333333,107353.69444444445,254.25875000000002,,74.34,78.38,76.58,69.79,50.72,41.19,37.32,28.31,21.51,27.24,36.86,27.92,43.94,54.48,65.24,77.1,61.57,57.51,36.32,53.26,62.54,61.79,60.65,74.18,1339,3600,3600,3600,3600,3600,3600,3600,3600,3600,3600,3600,3600,3600,3600,3600,3600,3600,3600,3600,3600,3600,3600,3600
3183,3094378,4,0,3094378,24,21.51,78.38,53.280833333333334,17.491392625294942,103000.0,10228,206,0.123873,8,1,11303.729277777778,64348.057796617286,219.89228888888888,,36.86,27.92,43.94,54.48,65.24,77.1,61.57,57.51,36.32,53.26,62.54,61.79,60.65,74.18,74.34,78.38,76.58,69.79,50.72,41.19,37.32,28.31,21.51,27.24,1622,3600,3600,3600,3600,3600,3600,3600,3600,3600,3600,3600,3600,3600,3600,3600,3600,3600,3600,3600,3600,3600,3600,3600
3150,3106253,3,0,3106253,24,21.51,78.38,53.28083333333333,17.491392625294942,64000.0,22987,128,0.134386,7,1,23927.718399999998,194319.03003239507,475.5055222222222,,54.48,65.24,77.1,61.57,57.51,36.32,53.26,62.54,61.79,60.65,74.18,74.34,78.38,76.58,69.79,50.72,41.19,37.32,28.31,21.51,27.24,36.86,27.92,43.94,547,3600,3600,3600,3600,3600,3600,3600,3600,3600,3600,3600,3600,3600,3600,3600,3600,3600,3600,3600,3600,3600,3600,3600
3025,3116481,2,0,3116481,24,21.51,78.38,53.280833333333334,17.491392625294942,82500.0,13704,165,0.101258,6,1,16272.0875625,91711.26778000001,292.0276,,61.57,57.51,36.32,53.26,62.54,61.79,60.65,74.18,74.34,78.38,76.58,69.79,50.72,41.19,37.32,28.31,21.51,27.24,36.86,27.92,43.94,54.48,65.24,77.1,1119,3600,3600,3600,3600,3600,3600,3600,3600,3600,3600,3600,3600,3600,3600,3600,3600,3600,3600,3600,3600,3600,3600,3600
3422,3139468,3,0,3139468,24,21.51,78.38,53.280833333333334,17.491392625294942,128000.0,21820,256,0.099809,5,1,54278.55928888889,356121.75245432096,459.02494444444443,,74.18,74.34,78.38,76.58,69.79,50.72,41.19,37.32,28.31,21.51,27.24,36.86,27.92,43.94,54.48,65.24,77.1,61.57,57.51,36.32,53.26,62.54,61.79,60.65,3332,3600,3600,3600,3600,3600,3600,3600,3600,3600,3600,3600,3600,3600,3600,3600,3600,3600,3600,3600,3600,3600,3600,3600
2981,3153172,1,0,3153172,24,21.51,78.38,53.28083333333334,17.491392625294942,111000.0,11108,222,0.088726,4,1,18806.89773333333,81723.7613494074,238.61184444444444,,76.58,69.79,50.72,41.19,37.32,28.31,21.51,27.24,36.86,27.92,43.94,54.48,65.24,77.1,61.57,57.51,36.32,53.26,62.54,61.79,60.65,74.18,74.34,78.38,428,3600,3600,3600,3600,3600,3600,3600,3600,3600,3600,3600,3600,3600,3600,3600,3600,3600,3600,3600,3600,3600,3600,3600
2682,3174992,0,0,3174992,24,21.51,78.38,53.28083333333333,17.491392625294942,8000.0,46230,16,0.166963,3,1,5229.274355555554,88918.16560000001,865.524,,21.51,27.24,36.86,27.92,43.94,54.48,65.24,77.1,61.57,57.51,36.32,53.26,62.54,61.79,60.65,74.18,74.34,78.38,76.58,69.79,50.72,41.19,37.32,28.31,208,3600,3600,3600,3600,3600,3600,3600,3600,3600,3600,3600,3600,3600,3600,3600,3600,3600,3600,3600,3600,3600,3600,3600
3184,3174992,0,0,3174992,24,21.51,78.38,53.28083333333333,17.491392625294942,128000.0,14942,256,0.030563,2,2,18208.938666666665,168714.81637056792,317.5682111111111,,21.51,27.24,36.86,27.92,43.94,54.48,65.24,77.1,61.57,57.51,36.32,53.26,62.54,61.79,60.65,74.18,74.34,78.38,76.58,69.79,50.72,41.19,37.32,28.31,208,3600,3600,3600,3600,3600,3600,3600,3600,3600,3600,3600,3600,3600,3600,3600,3600,3600,3600,3600,3600,3600,3600,3600
3572,3221222,0,8,3221222,24,21.51,78.38,53.280833333333334,17.491392625294942,1500.0,109441,3,0.838816,1,1,2603.031658333334,66425.66981415624,1456.6899749999998,,61.79,60.65,74.18,74.34,78.38,76.58,69.79,50.72,41.19,37.32,28.31,21.51,27.24,36.86,27.92,43.94,54.48,65.24,77.1,61.57,57.51,36.32,53.26,62.54,778,3600,3600,3600,3600,3600,3600,3600,3600,3600,3600,3600,3600,3600,3600,3600,3600,3600,3600,3600,3600,3600,3600,3600
3215,2564188,0,10,2564188,24,80.12,113.9,94.11375,9.557894560911416,11500.0,7307,23,0.30546,1,0,2436.9560874999997,5250.420025369601,224.93632777777782,,90.33,113.9,106.75,95.89,99.69,107.84,107.54,106.96,85.6,84.42,84.59,85.08,88.35,89.45,95.95,86.96,86.93,97.38,100.04,95.75,85.07,80.12,81.47,102.67,2612,3600,3600,3600,3600,3600,3600,3600,3600,3600,3600,3600,3600,3600,3600,3600,3600,3600,3600,3600,3600,3600,3600,3600
3263,2585788,4,10,2585788,24,80.12,113.9,94.11375000000002,9.557894560911416,43500.0,13775,87,0.534635,9,1,15813.804520833333,69600.17323640046,418.14986111111114,,107.54,106.96,85.6,84.42,84.59,85.08,88.35,89.45,95.95,86.96,86.93,97.38,100.04,95.75,85.07,80.12,81.47,102.67,90.33,113.9,106.75,95.89,99.69,107.84,2612,3600,3600,3600,3600,3600,3600,3600,3600,3600,3600,3600,3600,3600,3600,3600,3600,3600,3600,3600,3600,3600,3600,3600
3271,2610423,0,0,2610423,24,80.12,113.9,94.11375,9.557894560911416,2000.0,10,4,0.181136,1,1,0.49694444444444447,0.0017577160493827163,0.31638888888888894,,89.45,95.95,86.96,86.93,97.38,100.04,95.75,85.07,80.12,81.47,102.67,90.33,113.9,106.75,95.89,99.69,107.84,107.54,106.96,85.6,84.42,84.59,85.08,88.35,3177,3600,3600,3600,3600,3600,3600,3600,3600,3600,3600,3600,3600,3600,3600,3600,3600,3600,3600,3600,3600,3600,3600,3600
3272,2610444,0,0,2610444,24,80.12,113.9,94.11375,9.557894560911416,2000.0,222,4,0.097603,1,1,11.032166666666667,0.8662727777777779,7.023833333333334,,89.45,95.95,86.96,86.93,97.38,100.04,95.75,85.07,80.12,81.47,102.67,90.33,113.9,106.75,95.89,99.69,107.84,107.54,106.96,85.6,84.42,84.59,85.08,88.35,3156,3600,3600,3600,3600,3600,3600,3600,3600,3600,3600,3600,3600,3600,3600,3600,3600,3600,3600,3600,3600,3600,3600,3600
3273,2610658,0,0,2610658,24,80.12,113.9,94.11375,9.557894560911416,1000.0,3,2,0.127944,1,2,0.07454166666666667,7.909722222222224e-05,0.09491666666666668,,89.45,95.95,86.96,86.93,97.38,100.04,95.75,85.07,80.12,81.47,102.67,90.33,113.9,106.75,95.89,99.69,107.84,107.54,106.96,85.6,84.42,84.59,85.08,88.35,2942,3600,3600,3600,3600,3600,3600,3600,3600,3600,3600,3600,3600,3600,3600,3600,3600,3600,3600,3600,3600,3600,3600,3600
3274,2610970,0,0,2610970,24,80.12,113.9,94.11375,9.557894560911416,500.0,18,1,0.258652,1,1,0.22362500000000002,0.00142375,0.5695,,89.45,95.95,86.96,86.93,97.38,100.04,95.75,85.07,80.12,81.47,102.67,90.33,113.9,106.75,95.89,99.69,107.84,107.54,106.96,85.6,84.42,84.59,85.08,88.35,2630,3600,3600,3600,3600,3600,3600,3600,3600,3600,3600,3600,3600,3600,3600,3600,3600,3600,3600,3600,3600,3600,3600,3600
3275,2611030,0,10,2611030,24,80.12,113.9,94.11375,9.557894560911416,1000.0,3580,2,0.808344,1,1,90.77666666666667,112.63795987654322,113.26722222222223,,89.45,95.95,86.96,86.93,97.38,100.04,95.75,85.07,80.12,81.47,102.67,90.33,113.9,106.75,95.89,99.69,107.84,107.54,106.96,85.6,84.42,84.59,85.08,88.35,2570,3600,3600,3600,3600,3600,3600,3600,3600,3600,3600,3600,3600,3600,3600,3600,3600,3600,3600,3600,3600,3600,3600,3600
3343,2632630,16,10,2632630,24,80.12,113.9,94.11374999999998,9.557894560911416,16000.0,16970,32,0.823844,18,1,6682.957777777779,38649.939697530855,512.4476388888888,,95.75,85.07,80.12,81.47,102.67,90.33,113.9,106.75,95.89,99.69,107.84,107.54,106.96,85.6,84.42,84.59,85.08,88.35,89.45,95.95,86.96,86.93,97.38,100.04,2570,3600,3600,3600,3600,3600,3600,3600,3600,3600,3600,3600,3600,3600,3600,3600,3600,3600,3600,3600,3600,3600,3600,3600
3304,2654230,2,10,2654230,24,80.12,113.9,94.11375,9.557894560911416,128000.0,6656,256,0.569404,4,1,25728.908088888893,49837.393287901235,210.58844444444446,,113.9,106.75,95.89,99.69,107.84,107.54,106.96,85.6,84.42,84.59,85.08,88.35,89.45,95.95,86.96,86.93,97.38,100.04,95.75,85.07,80.12,81.47,102.67,90.33,2570,3600,3600,3600,3600,3600,3600,3600,3600,3600,3600,3600,3600,3600,3600,3600,3600,3600,3600,3600,3600,3600,3600,3600
3302,2675830,1,0,2675830,24,80.12,113.9,94.11375000000002,9.557894560911416,32000.0,22602,64,0.200297,3,1,17756.387555555553,136320.49401155557,678.5264833333334,,106.96,85.6,84.42,84.59,85.08,88.35,89.45,95.95,86.96,86.93,97.38,100.04,95.75,85.07,80.12,81.47,102.67,90.33,113.9,106.75,95.89,99.69,107.84,107.54,2570,3600,3600,3600,3600,3600,3600,3600,3600,3600,3600,3600,3600,3600,3600,3600,3600,3600,3600,3600,3600,3600,3600,3600
3292,2682486,0,7,2682486,24,80.12,113.9,94.11375000000002,9.557894560911416,1500.0,23070,3,0.944301,2,1,845.5373499999998,6599.0741708333335,686.5096666666666,,84.42,84.59,85.08,88.35,89.45,95.95,86.96,86.93,97.38,100.04,95.75,85.07,80.12,81.47,102.67,90.33,113.9,106.75,95.89,99.69,107.84,107.54,106.96,85.6,3114,3600,3600,3600,3600,3600,3600,3600,3600,3600,3600,3600,3600,3600,3600,3600,3600,3600,3600,3600,3600,3600,3600,3600
3314,2684686,0,0,2684686,24,80.12,113.9,94.11375000000002,9.557894560911416,128000.0,5354,256,0.004714,1,2,16112.038400000001,31684.647322864195,166.44204444444443,,84.42,84.59,85.08,88.35,89.45,95.95,86.96,86.93,97.38,100.04,95.75,85.07,80.12,81.47,102.67,90.33,113.9,106.75,95.89,99.69,107.84,107.54,106.96,85.6,914,3600,3600,3600,3600,3600,3600,3600,3600,3600,3600,3600,3600,3600,3600,3600,3600,3600,3600,3600,3600,3600,3600,3600
3387,2707756,5,10,2707756,24,80.12,113.9,94.11374999999998,9.557894560911416,32000.0,25660,64,0.605634,10,1,20553.916800000003,172991.31872592593,758.4381666666667,,86.93,97.38,100.04,95.75,85.07,80.12,81.47,102.67,90.33,113.9,106.75,95.89,99.69,107.84,107.54,106.96,85.6,84.42,84.59,85.08,88.35,89.45,95.95,86.96,3044,3600,3600,3600,3600,3600,3600,3600,3600,3600,3600,3600,3600,3600,3600,3600,3600,3600,3600,3600,3600,3600,3600,3600
3429,2729356,5,0,2729356,24,80.12,113.9,94.11375,9.557894560911416,6500.0,18496,13,0.094998,7,1,3318.6309,18605.854366024694,557.1356444444444,,81.47,102.67,90.33,113.9,106.75,95.89,99.69,107.84,107.54,106.96,85.6,84.42,84.59,85.08,88.35,89.45,95.95,86.96,86.93,97.38,100.04,95.75,85.07,80.12,3044,3600,3600,3600,3600,3600,3600,3600,3600,3600,3600,3600,3600,3600,3600,3600,3600,3600,3600,3600,3600,3600,3600,3600
3438,2729356,5,10,2729356,24,80.12,113.9,94.11375,9.557894560911416,32000.0,11637,64,0.878476,6,2,9790.732266666666,36633.089808000004,354.14820000000003,,81.47,102.67,90.33,113.9,106.75,95.89,99.69,107.84,107.54,106.96,85.6,84.42,84.59,85.08,88.35,89.45,95.95,86.96,86.93,97.38,100.04,95.75,85.07,80.12,3044,3600,3600,3600,3600,3600,3600,3600,3600,3600,3600,3600,3600,3600,3600,3600,3600,3600,3600,3600,3600,3600,3600,3600
3489,2750956,7,10,2750956,24,80.12,113.9,94.11375,9.557894560911416,500.0,38256,1,0.839033,14,2,499.53552222222226,5858.421115555556,1102.5886666666668,,99.69,107.84,107.54,106.96,85.6,84.42,84.59,85.08,88.35,89.45,95.95,86.96,86.93,97.38,100.04,95.75,85.07,80.12,81.47,102.67,90.33,113.9,106.75,95.89,3044,3600,3600,3600,3600,3600,3600,3600,3600,3600,3600,3600,3600,3600,3600,3600,3600,3600,3600,3600,3600,3600,3600,3600
3472,2772556,4,7,2772556,24,80.12,113.9,94.11375,9.557894560911416,64000.0,14615,128,0.314238,7,1,22717.10951111111,115001.30310493824,442.61534722222217,,84.59,85.08,88.35,89.45,95.95,86.96,86.93,97.38,100.04,95.75,85.07,80.12,81.47,102.67,90.33,113.9,106.75,95.89,99.69,107.84,107.54,106.96,85.6,84.42,3044,3600,3600,3600,3600,3600,3600,3600,3600,3600,3600,3600,3600,3600,3600,3600,3600,3600,3600,3600,3600,3600,3600,3600
3526,2774756,5,10,2774756,24,80.12,113.9,94.11375,9.557894560911416,128000.0,10251,256,0.950355,6,2,31756.732799999998,114038.55707200001,312.88015,,84.59,85.08,88.35,89.45,95.95,86.96,86.93,97.38,100.04,95.75,85.07,80.12,81.47,102.67,90.33,113.9,106.75,95.89,99.69,107.84,107.54,106.96,85.6,84.42,844,3600,3600,3600,3600,3600,3600,3600,3600,3600,3600,3600,3600,3600,3600,3600,3600,3600,3600,3600,3600,3600,3600,3600
3590,2810812,12,10,2810812,24,80.12,113.9,94.11375,9.557894560911416,128000.0,15977,256,0.970492,14,1,50966.26702222222,274379.72739506175,483.0024305555556,,85.07,80.12,81.47,102.67,90.33,113.9,106.75,95.89,99.69,107.84,107.54,106.96,85.6,84.42,84.59,85.08,88.35,89.45,95.95,86.96,86.93,97.38,100.04,95.75,788,3600,3600,3600,3600,3600,3600,3600,3600,3600,3600,3600,3600,3600,3600,3600,3600,3600,3600,3600,3600,3600,3600,3600
3624,2832412,15,10,2832412,24,80.12,113.9,94.11375,9.557894560911416,32000.0,17041,64,0.52273,22,1,15660.19448888889,77942.1994339506,514.5529861111111,,106.75,95.89,99.69,107.84,107.54,106.96,85.6,84.42,84.59,85.08,88.35,89.45,95.95,86.96,86.93,97.38,100.04,95.75,85.07,80.12,81.47,102.67,90.33,113.9,788,3600,3600,3600,3600,3600,3600,3600,3600,3600,3600,3600,3600,3600,3600,3600,3600,3600,3600,3600,3600,3600,3600,3600
3581,2854012,9,10,2854012,24,80.12,113.9,94.11375000000002,9.557894560911416,64000.0,24906,128,0.600546,36,1,38873.63697777778,326558.6460515555,737.5300666666666,,85.6,84.42,84.59,85.08,88.35,89.45,95.95,86.96,86.93,97.38,100.04,95.75,85.07,80.12,81.47,102.67,90.33,113.9,106.75,95.89,99.69,107.84,107.54,106.96,788,3600,3600,3600,3600,3600,3600,3600,3600,3600,3600,3600,3600,3600,3600,3600,3600,3600,3600,3600,3600,3600,3600,3600
3574,2875612,5,7,2875612,24,80.12,113.9,94.11374999999998,9.557894560911416,64000.0,10702,128,0.508333,21,1,17171.58968888889,62091.10565017285,326.35252222222226,,95.95,86.96,86.93,97.38,100.04,95.75,85.07,80.12,81.47,102.67,90.33,113.9,106.75,95.89,99.69,107.84,107.54,106.96,85.6,84.42,84.59,85.08,88.35,89.45,788,3600,3600,3600,3600,3600,3600,3600,3600,3600,3600,3600,3600,3600,3600,3600,3600,3600,3600,3600,3600,3600,3600,3600
3661,2877812,12,10,2877812,24,80.12,113.9,94.11374999999998,9.557894560911416,104500.0,5792,209,0.829983,25,2,14618.563055555556,30189.65668780247,179.5625777777778,,86.96,86.93,97.38,100.04,95.75,85.07,80.12,81.47,102.67,90.33,113.9,106.75,95.89,99.69,107.84,107.54,106.96,85.6,84.42,84.59,85.08,88.35,89.45,95.95,2188,3600,3600,3600,3600,3600,3600,3600,3600,3600,3600,3600,3600,3600,3600,3600,3600,3600,3600,3600,3600,3600,3600,3600
3701,2900518,19,10,2900518,24,80.12,113.9,94.11375,9.557894560911416,128000.0,12983,256,0.537036,36,1,42673.27075555555,181941.733446321,394.1393555555556,,80.12,81.47,102.67,90.33,113.9,106.75,95.89,99.69,107.84,107.54,106.96,85.6,84.42,84.59,85.08,88.35,89.45,95.95,86.96,86.93,97.38,100.04,95.75,85.07,1082,3600,3600,3600,3600,3600,3600,3600,3600,3600,3600,3600,3600,3600,3600,3600,3600,3600,3600,3600,3600,3600,3600,3600
3686,2922118,13,10,2922118,24,80.12,113.9,94.11375,9.557894560911416,64000.0,9257,128,0.32263,37,1,16990.44408888889,46603.79645165433,283.18716111111115,,95.89,99.69,107.84,107.54,106.96,85.6,84.42,84.59,85.08,88.35,89.45,95.95,86.96,86.93,97.38,100.04,95.75,85.07,80.12,81.47,102.67,90.33,113.9,106.75,1082,3600,3600,3600,3600,3600,3600,3600,3600,3600,3600,3600,3600,3600,3600,3600,3600,3600,3600,3600,3600,3600,3600,3600
3577,2943718,5,10,2943718,24,80.12,113.9,94.11375000000002,9.557894560911416,16000.0,17802,32,0.578554,34,1,6954.837511111111,42496.83550000001,537.1187500000001,,84.42,84.59,85.08,88.35,89.45,95.95,86.96,86.93,97.38,100.04,95.75,85.07,80.12,81.47,102.67,90.33,113.9,106.75,95.89,99.69,107.84,107.54,106.96,85.6,1082,3600,3600,3600,3600,3600,3600,3600,3600,3600,3600,3600,3600,3600,3600,3600,3600,3600,3600,3600,3600,3600,3600,3600
3782,2965318,24,10,2965318,24,80.12,113.9,94.11374999999998,9.557894560911416,64000.0,18716,128,0.437676,30,1,30890.08177777778,187462.7574099753,563.4099222222222,,86.96,86.93,97.38,100.04,95.75,85.07,80.12,81.47,102.67,90.33,113.9,106.75,95.89,99.69,107.84,107.54,106.96,85.6,84.42,84.59,85.08,88.35,89.45,95.95,1082,3600,3600,3600,3600,3600,3600,3600,3600,3600,3600,3600,3600,3600,3600,3600,3600,3600,3600,3600,3600,3600,3600,3600
3736,2986918,15,9,2986918,24,80.12,113.9,94.11375,9.557894560911416,128000.0,26630,256,0.948212,22,1,92826.24568888888,743556.0742814813,785.2990833333332,,80.12,81.47,102.67,90.33,113.9,106.75,95.89,99.69,107.84,107.54,106.96,85.6,84.42,84.59,85.08,88.35,89.45,95.95,86.96,86.93,97.38,100.04,95.75,85.07,1082,3600,3600,3600,3600,3600,3600,3600,3600,3600,3600,3600,3600,3600,3600,3600,3600,3600,3600,3600,3600,3600,3600,3600
3649,3005634,8,10,3005634,24,80.12,113.9,94.11375,9.557894560911416,128000.0,5922,256,0.664494,21,1,20596.200533333333,38628.663808000005,183.45680000000002,,106.75,95.89,99.69,107.84,107.54,106.96,85.6,84.42,84.59,85.08,88.35,89.45,95.95,86.96,86.93,97.38,100.04,95.75,85.07,80.12,81.47,102.67,90.33,113.9,366,3600,3600,3600,3600,3600,3600,3600,3600,3600,3600,3600,3600,3600,3600,3600,3600,3600,3600,3600,3600,3600,3600,3600
3751,3032264,15,10,3032264,24,80.12,113.9,94.11375,9.557894560911416,128000.0,14287,256,0.646561,20,1,44520.415644444445,219896.68768632098,432.88264444444445,,84.59,85.08,88.35,89.45,95.95,86.96,86.93,97.38,100.04,95.75,85.07,80.12,81.47,102.67,90.33,113.9,106.75,95.89,99.69,107.84,107.54,106.96,85.6,84.42,2536,3600,3600,3600,3600,3600,3600,3600,3600,3600,3600,3600,3600,3600,3600,3600,3600,3600,3600,3600,3600,3600,3600,3600
3609,3053864,6,10,3053864,24,80.12,113.9,94.11374999999998,9.557894560911416,64000.0,36538,128,0.958326,24,1,61150.15075555556,684023.9861785677,1053.0502277777775,,86.93,97.38,100.04,95.75,85.07,80.12,81.47,102.67,90.33,113.9,106.75,95.89,99.69,107.84,107.54,106.96,85.6,84.42,84.59,85.08,88.35,89.45,95.95,86.96,2536,3600,3600,3600,3600,3600,3600,3600,3600,3600,3600,3600,3600,3600,3600,3600,3600,3600,3600,3600,3600,3600,3600,3600
3399,3075464,0,0,3075464,24,80.12,113.9,94.11375,9.557894560911416,128000.0,11875,256,0.201673,22,1,40712.534044444445,152514.8765432099,361.2194444444445,,81.47,102.67,90.33,113.9,106.75,95.89,99.69,107.84,107.54,106.96,85.6,84.42,84.59,85.08,88.35,89.45,95.95,86.96,86.93,97.38,100.04,95.75,85.07,80.12,2536,3600,3600,3600,3600,3600,3600,3600,3600,3600,3600,3600,3600,3600,3600,3600,3600,3600,3600,3600,3600,3600,3600,3600
3856,3112002,12,7,3112002,24,80.12,113.9,94.11375000000002,9.557894560911416,64000.0,9793,128,0.305472,13,1,14757.109333333334,52089.823947950616,299.1986722222222,,85.6,84.42,84.59,85.08,88.35,89.45,95.95,86.96,86.93,97.38,100.04,95.75,85.07,80.12,81.47,102.67,90.33,113.9,106.75,95.89,99.69,107.84,107.54,106.96,1998,3600,3600,3600,3600,3600,3600,3600,3600,3600,3600,3600,3600,3600,3600,3600,3600,3600,3600,3600,3600,3600,3600,3600
3748,3123877,6,7,3123877,24,80.12,113.9,94.11375000000002,9.557894560911416,16000.0,40507,32,0.702743,25,1,16142.743644444443,208608.1119922839,1158.7336805555553,,85.08,88.35,89.45,95.95,86.96,86.93,97.38,100.04,95.75,85.07,80.12,81.47,102.67,90.33,113.9,106.75,95.89,99.69,107.84,107.54,106.96,85.6,84.42,84.59,923,3600,3600,3600,3600,3600,3600,3600,3600,3600,3600,3600,3600,3600,3600,3600,3600,3600,3600,3600,3600,3600,3600,3600
3871,3126077,12,7,3126077,24,80.12,113.9,94.11375,9.557894560911416,8000.0,16541,16,0.58189,19,2,3295.243977777777,18368.839210339505,499.7265972222222,,88.35,89.45,95.95,86.96,86.93,97.38,100.04,95.75,85.07,80.12,81.47,102.67,90.33,113.9,106.75,95.89,99.69,107.84,107.54,106.96,85.6,84.42,84.59,85.08,2323,3600,3600,3600,3600,3600,3600,3600,3600,3600,3600,3600,3600,3600,3600,3600,3600,3600,3600,3600,3600,3600,3600,3600
3877,3128277,15,10,3128277,24,80.12,113.9,94.11375,9.557894560911416,8000.0,24557,16,0.998728,19,3,5080.841222222222,39718.5869962716,727.8317444444444,,88.35,89.45,95.95,86.96,86.93,97.38,100.04,95.75,85.07,80.12,81.47,102.67,90.33,113.9,106.75,95.89,99.69,107.84,107.54,106.96,85.6,84.42,84.59,85.08,123,3600,3600,3600,3600,3600,3600,3600,3600,3600,3600,3600,3600,3600,3600,3600,3600,3600,3600,3600,3600,3600,3600,3600
3840,3149877,9,10,3149877,24,80.12,113.9,94.11374999999998,9.557894560911416,128000.0,9327,256,0.58417,22,2,29291.28533333333,94605.86406577779,285.2782166666667,,100.04,95.75,85.07,80.12,81.47,102.67,90.33,113.9,106.75,95.89,99.69,107.84,107.54,106.96,85.6,84.42,84.59,85.08,88.35,89.45,95.95,86.96,86.93,97.38,123,3600,3600,3600,3600,3600,3600,3600,3600,3600,3600,3600,3600,3600,3600,3600,3600,3600,3600,3600,3600,3600,3600,3600
3875,3174434,9,10,3174434,24,80.12,113.9,94.11375,9.557894560911416,128000.0,13017,256,0.551594,23,1,47363.9552,185994.6329191111,401.86671666666666,,113.9,106.75,95.89,99.69,107.84,107.54,106.96,85.6,84.42,84.59,85.08,88.35,89.45,95.95,86.96,86.93,97.38,100.04,95.75,85.07,80.12,81.47,102.67,90.33,766,3600,3600,3600,3600,3600,3600,3600,3600,3600,3600,3600,3600,3600,3600,3600,3600,3600,3600,3600,3600,3600,3600,3600
3889,3196034,9,10,3196034,24,80.12,113.9,94.11375000000002,9.557894560911416,128000.0,23189,256,0.662678,20,1,71959.54524444444,573246.4239710617,695.2673972222223,,106.96,85.6,84.42,84.59,85.08,88.35,89.45,95.95,86.96,86.93,97.38,100.04,95.75,85.07,80.12,81.47,102.67,90.33,113.9,106.75,95.89,99.69,107.84,107.54,766,3600,3600,3600,3600,3600,3600,3600,3600,3600,3600,3600,3600,3600,3600,3600,3600,3600,3600,3600,3600,3600,3600,3600
3766,3217634,6,11,3217634,24,80.12,113.9,94.11375,9.557894560911416,128000.0,13378,256,0.433025,26,1,43249.609244444444,193059.5207174321,405.8752444444445,,89.45,95.95,86.96,86.93,97.38,100.04,95.75,85.07,80.12,81.47,102.67,90.33,113.9,106.75,95.89,99.69,107.84,107.54,106.96,85.6,84.42,84.59,85.08,88.35,766,3600,3600,3600,3600,3600,3600,3600,3600,3600,3600,3600,3600,3600,3600,3600,3600,3600,3600,3600,3600,3600,3600,3600
4005,3260834,18,10,3260834,24,80.12,113.9,94.11375,9.557894560911416,42500.0,10541,85,0.827522,32,1,12672.710798611111,40802.349407345675,327.8815111111111,,113.9,106.75,95.89,99.69,107.84,107.54,106.96,85.6,84.42,84.59,85.08,88.35,89.45,95.95,86.96,86.93,97.38,100.04,95.75,85.07,80.12,81.47,102.67,90.33,766,3600,3600,3600,3600,3600,3600,3600,3600,3600,3600,3600,3600,3600,3600,3600,3600,3600,3600,3600,3600,3600,3600,3600
4090,3282434,29,10,3282434,24,80.12,113.9,94.11375000000002,9.557894560911416,32000.0,8831,64,0.438972,39,1,6819.321866666666,21230.63413812346,270.4615944444445,,106.96,85.6,84.42,84.59,85.08,88.35,89.45,95.95,86.96,86.93,97.38,100.04,95.75,85.07,80.12,81.47,102.67,90.33,113.9,106.75,95.89,99.69,107.84,107.54,766,3600,3600,3600,3600,3600,3600,3600,3600,3600,3600,3600,3600,3600,3600,3600,3600,3600,3600,3600,3600,3600,3600,3600
3769,3304034,6,10,3304034,24,80.12,113.9,94.11375,9.557894560911416,64000.0,21759,128,0.534834,31,1,36217.50133333333,251467.67343822218,650.0784333333332,,89.45,95.95,86.96,86.93,97.38,100.04,95.75,85.07,80.12,81.47,102.67,90.33,113.9,106.75,95.89,99.69,107.84,107.54,106.96,85.6,84.42,84.59,85.08,88.35,766,3600,3600,3600,3600,3600,3600,3600,3600,3600,3600,3600,3600,3600,3600,3600,3600,3600,3600,3600,3600,3600,3600,3600
3706,3325634,3,10,3325634,24,80.12,113.9,94.11374999999998,9.557894560911416,32000.0,27229,64,0.360798,42,1,22858.396177777777,194085.01829948148,801.8863916666667,,95.75,85.07,80.12,81.47,102.67,90.33,113.9,106.75,95.89,99.69,107.84,107.54,106.96,85.6,84.42,84.59,85.08,88.35,89.45,95.95,86.96,86.93,97.38,100.04,766,3600,3600,3600,3600,3600,3600,3600,3600,3600,3600,3600,3600,3600,3600,3600,3600,3600,3600,3600,3600,3600,3600,3600
4085,3347234,18,10,3347234,24,80.12,113.9,94.11375,9.557894560911416,128000.0,17312,256,0.711606,50,2,63809.43075555556,326049.59488632105,529.6987555555556,,113.9,106.75,95.89,99.69,107.84,107.54,106.96,85.6,84.42,84.59,85.08,88.35,89.45,95.95,86.96,86.93,97.38,100.04,95.75,85.07,80.12,81.47,102.67,90.33,766,3600,3600,3600,3600,3600,3600,3600,3600,3600,3600,3600,3600,3600,3600,3600,3600,3600,3600,3600,3600,3600,3600,3600
4161,3374463,22,10,3374463,24,80.12,113.9,94.11375000000002,9.557894560911416,128000.0,17221,256,0.476555,29,1,53142.09208888888,318330.09995802474,519.8904861111112,,84.42,84.59,85.08,88.35,89.45,95.95,86.96,86.93,97.38,100.04,95.75,85.07,80.12,81.47,102.67,90.33,113.9,106.75,95.89,99.69,107.84,107.54,106.96,85.6,2337,3600,3600,3600,3600,3600,3600,3600,3600,3600,3600,3600,3600,3600,3600,3600,3600,3600,3600,3600,3600,3600,3600,3600
4108,3396063,15,7,3396063,24,80.12,113.9,94.11374999999998,9.557894560911416,128000.0,13058,256,0.58608,28,1,43341.59502222222,184027.35223150617,396.3676888888889,,86.96,86.93,97.38,100.04,95.75,85.07,80.12,81.47,102.67,90.33,113.9,106.75,95.89,99.69,107.84,107.54,106.96,85.6,84.42,84.59,85.08,88.35,89.45,95.95,2337,3600,3600,3600,3600,3600,3600,3600,3600,3600,3600,3600,3600,3600,3600,3600,3600,3600,3600,3600,3600,3600,3600,3600
4157,3413284,20,10,3413284,24,80.12,113.9,94.11375,9.557894560911416,96500.0,11568,193,0.673698,27,1,26144.663511111114,109180.93650488889,352.09813333333335,,85.07,80.12,81.47,102.67,90.33,113.9,106.75,95.89,99.69,107.84,107.54,106.96,85.6,84.42,84.59,85.08,88.35,89.45,95.95,86.96,86.93,97.38,100.04,95.75,3116,3600,3600,3600,3600,3600,3600,3600,3600,3600,3600,3600,3600,3600,3600,3600,3600,3600,3600,3600,3600,3600,3600,3600
4196,3434884,21,10,3434884,24,80.12,113.9,94.11375,9.557894560911416,16000.0,22140,32,0.576665,25,1,10154.664,65449.825200000014,665.1405000000001,,106.75,95.89,99.69,107.84,107.54,106.96,85.6,84.42,84.59,85.08,88.35,89.45,95.95,86.96,86.93,97.38,100.04,95.75,85.07,80.12,81.47,102.67,90.33,113.9,3116,3600,3600,3600,3600,3600,3600,3600,3600,3600,3600,3600,3600,3600,3600,3600,3600,3600,3600,3600,3600,3600,3600,3600
3918,3456484,6,10,3456484,24,80.12,113.9,94.11375000000002,9.557894560911416,64000.0,23651,128,0.829647,23,1,36706.966222222225,295439.887427358,702.6550111111111,,85.6,84.42,84.59,85.08,88.35,89.45,95.95,86.96,86.93,97.38,100.04,95.75,85.07,80.12,81.47,102.67,90.33,113.9,106.75,95.89,99.69,107.84,107.54,106.96,3116,3600,3600,3600,3600,3600,3600,3600,3600,3600,3600,3600,3600,3600,3600,3600,3600,3600,3600,3600,3600,3600,3600,3600
4110,3478084,13,7,3478084,24,80.12,113.9,94.11374999999998,9.557894560911416,128000.0,12845,256,0.736926,20,2,41644.73671111111,178135.2465580247,390.03922222222224,,95.95,86.96,86.93,97.38,100.04,95.75,85.07,80.12,81.47,102.67,90.33,113.9,106.75,95.89,99.69,107.84,107.54,106.96,85.6,84.42,84.59,85.08,88.35,89.45,3116,3600,3600,3600,3600,3600,3600,3600,3600,3600,3600,3600,3600,3600,3600,3600,3600,3600,3600,3600,3600,3600,3600,3600
4236,3501735,17,8,3501735,24,80.12,113.9,94.11375,9.557894560911416,64000.0,10500,128,0.959148,18,1,16031.84,59792.75555555555,320.3183333333333,,85.07,80.12,81.47,102.67,90.33,113.9,106.75,95.89,99.69,107.84,107.54,106.96,85.6,84.42,84.59,85.08,88.35,89.45,95.95,86.96,86.93,97.38,100.04,95.75,1065,3600,3600,3600,3600,3600,3600,3600,3600,3600,3600,3600,3600,3600,3600,3600,3600,3600,3600,3600,3600,3600,3600,3600
3923,3514580,6,1,3514580,24,80.12,113.9,94.11375,9.557894560911416,32000.0,25685,64,0.653675,17,1,23708.06222222222,173317.91842037032,759.1304583333332,,90.33,113.9,106.75,95.89,99.69,107.84,107.54,106.96,85.6,84.42,84.59,85.08,88.35,89.45,95.95,86.96,86.93,97.38,100.04,95.75,85.07,80.12,81.47,102.67,2620,3600,3600,3600,3600,3600,3600,3600,3600,3600,3600,3600,3600,3600,3600,3600,3600,3600,3600,3600,3600,3600,3600,3600
4036,3520800,8,10,3520800,24,80.12,113.9,94.11375,9.557894560911416,68000.0,11556,136,0.687767,16,2,22098.395200000003,76778.15644800001,351.7416,,106.75,95.89,99.69,107.84,107.54,106.96,85.6,84.42,84.59,85.08,88.35,89.45,95.95,86.96,86.93,97.38,100.04,95.75,85.07,80.12,81.47,102.67,90.33,113.9,3600,3600,3600,3600,3600,3600,3600,3600,3600,3600,3600,3600,3600,3600,3600,3600,3600,3600,3600,3600,3600,3600,3600,3600
4114,3542400,10,10,3542400,24,80.12,113.9,94.11375000000002,9.557894560911416,128000.0,18002,256,0.829765,14,2,54795.48088888889,347588.72156720987,543.0470388888889,,85.6,84.42,84.59,85.08,88.35,89.45,95.95,86.96,86.93,97.38,100.04,95.75,85.07,80.12,81.47,102.67,90.33,113.9,106.75,95.89,99.69,107.84,107.54,106.96,3600,3600,3600,3600,3600,3600,3600,3600,3600,3600,3600,3600,3600,3600,3600,3600,3600,3600,3600,3600,3600,3600,3600,3600
3724,3564000,4,10,3564000,24,80.12,113.9,94.11374999999998,9.557894560911416,126500.0,17210,253,0.385876,12,1,56331.30738888888,314201.4624650849,519.5643055555556,,95.95,86.96,86.93,97.38,100.04,95.75,85.07,80.12,81.47,102.67,90.33,113.9,106.75,95.89,99.69,107.84,107.54,106.96,85.6,84.42,84.59,85.08,88.35,89.45,3600,3600,3600,3600,3600,3600,3600,3600,3600,3600,3600,3600,3600,3600,3600,3600,3600,3600,3600,3600,3600,3600,3600,3600
4219,3585600,10,10,3585600,24,80.12,113.9,94.11375,9.557894560911416,128000.0,23399,256,0.365924,11,1,77683.88444444444,578757.905343605,695.6522111111111,,85.07,80.12,81.47,102.67,90.33,113.9,106.75,95.89,99.69,107.84,107.54,106.96,85.6,84.42,84.59,85.08,88.35,89.45,95.95,86.96,86.93,97.38,100.04,95.75,3600,3600,3600,3600,3600,3600,3600,3600,3600,3600,3600,3600,3600,3600,3600,3600,3600,3600,3600,3600,3600,3600,3600,3600
3940,3607200,6,7,3607200,24,80.12,113.9,94.11375,9.557894560911416,64000.0,25737,128,0.643477,10,1,46263.2096,351090.4886062222,767.3326333333333,,106.75,95.89,99.69,107.84,107.54,106.96,85.6,84.42,84.59,85.08,88.35,89.45,95.95,86.96,86.93,97.38,100.04,95.75,85.07,80.12,81.47,102.67,90.33,113.9,3600,3600,3600,3600,3600,3600,3600,3600,3600,3600,3600,3600,3600,3600,3600,3600,3600,3600,3600,3600,3600,3600,3600,3600
3422,3630599,0,0,3630599,24,80.12,113.9,94.11375000000002,9.557894560911416,128000.0,21820,256,0.099809,9,1,67651.29422222222,505660.4082567901,651.7735555555555,,85.6,84.42,84.59,85.08,88.35,89.45,95.95,86.96,86.93,97.38,100.04,95.75,85.07,80.12,81.47,102.67,90.33,113.9,106.75,95.89,99.69,107.84,107.54,106.96,1801,3600,3600,3600,3600,3600,3600,3600,3600,3600,3600,3600,3600,3600,3600,3600,3600,3600,3600,3600,3600,3600,3600,3600
3533,3656336,0,10,3656336,24,80.12,113.9,94.11374999999998,9.557894560911416,8000.0,49258,16,0.473134,7,1,10418.316444444446,151251.0097171605,1381.7644722222221,,86.96,86.93,97.38,100.04,95.75,85.07,80.12,81.47,102.67,90.33,113.9,106.75,95.89,99.69,107.84,107.54,106.96,85.6,84.42,84.59,85.08,88.35,89.45,95.95,1264,3600,3600,3600,3600,3600,3600,3600,3600,3600,3600,3600,3600,3600,3600,3600,3600,3600,3600,3600,3600,3600,3600,3600
4144,3678156,5,0,3678156,24,80.12,113.9,94.11375,9.557894560911416,128000.0,36182,256,0.116268,6,1,129364.96924444444,1342519.7914504693,1043.5677722222222,,80.12,81.47,102.67,90.33,113.9,106.75,95.89,99.69,107.84,107.54,106.96,85.6,84.42,84.59,85.08,88.35,89.45,95.95,86.96,86.93,97.38,100.04,95.75,85.07,1044,3600,3600,3600,3600,3600,3600,3600,3600,3600,3600,3600,3600,3600,3600,3600,3600,3600,3600,3600,3600,3600,3600,3600
4101,3727414,2,0,3727414,24,80.12,113.9,94.11375000000002,9.557894560911416,4000.0,94184,8,0.239257,3,1,9793.548866666666,255021.7284341728,2436.927244444444,,85.08,88.35,89.45,95.95,86.96,86.93,97.38,100.04,95.75,85.07,80.12,81.47,102.67,90.33,113.9,106.75,95.89,99.69,107.84,107.54,106.96,85.6,84.42,84.59,2186,3600,3600,3600,3600,3600,3600,3600,3600,3600,3600,3600,3600,3600,3600,3600,3600,3600,3600,3600,3600,3600,3600,3600
3572,3763596,0,7,3763596,24,80.12,113.9,94.11375,9.557894560911416,1500.0,109441,3,0.838816,2,1,4319.016004166668,126382.47845343976,2771.5202555555543,,80.12,81.47,102.67,90.33,113.9,106.75,95.89,99.69,107.84,107.54,106.96,85.6,84.42,84.59,85.08,88.35,89.45,95.95,86.96,86.93,97.38,100.04,95.75,85.07,2004,3600,3600,3600,3600,3600,3600,3600,3600,3600,3600,3600,3600,3600,3600,3600,3600,3600,3600,3600,3600,3600,3600,3600
3712,3765796,0,7,3765796,24,80.12,113.9,94.11375,9.557894560911416,500.0,63601,1,0.981133,1,2,842.3881944444444,15277.229130154317,1729.4704444444442,,81.47,102.67,90.33,113.9,106.75,95.89,99.69,107.84,107.54,106.96,85.6,84.42,84.59,85.08,88.35,89.45,95.95,86.96,86.93,97.38,100.04,95.75,85.07,80.12,3404,3600,3600,3600,3600,3600,3600,3600,3600,3600,3600,3600,3600,3600,3600,3600,3600,3600,3600,3600,3600,3600,3600,3600
8501,6698630,0,6,6698630,24,46.21,122.86,79.13583333333337,21.10886245882415,500.0,1956,1,0.492046,1,0,13.662480555555556,18.134818555555558,66.75393333333334,,54.44,46.21,49.07,49.72,51.7,51.41,63.87,75.69,81.63,99.27,103.24,122.86,104.51,96.27,93.92,103.21,98.66,93.73,85.9,79.4,74.13,76.96,76.47,66.99,970,3600,3600,3600,3600,3600,3600,3600,3600,3600,3600,3600,3600,3600,3600,3600,3600,3600,3600,3600,3600,3600,3600,3600
8502,6699954,0,0,6699954,24,46.21,122.86,79.13583333333334,21.10886245882415,500.0,9735,1,0.084744,1,1,65.31815833333334,405.7171670138889,300.0681666666667,,46.21,49.07,49.72,51.7,51.41,63.87,75.69,81.63,99.27,103.24,122.86,104.51,96.27,93.92,103.21,98.66,93.73,85.9,79.4,74.13,76.96,76.47,66.99,54.44,3246,3600,3600,3600,3600,3600,3600,3600,3600,3600,3600,3600,3600,3600,3600,3600,3600,3600,3600,3600,3600,3600,3600,3600
8503,6705235,0,10,6705235,24,46.21,122.86,79.13583333333337,21.10886245882415,500.0,25,1,0.514319,1,1,0.17038194444444443,0.002962480709876543,0.8531944444444444,,49.07,49.72,51.7,51.41,63.87,75.69,81.63,99.27,103.24,122.86,104.51,96.27,93.92,103.21,98.66,93.73,85.9,79.4,74.13,76.96,76.47,66.99,54.44,46.21,1565,3600,3600,3600,3600,3600,3600,3600,3600,3600,3600,3600,3600,3600,3600,3600,3600,3600,3600,3600,3600,3600,3600,3600
8550,6726835,3,10,6726835,24,46.21,122.86,79.13583333333334,21.10886245882415,4000.0,15494,8,0.767385,10,1,1806.7719333333334,7987.794836333334,463.98705,,81.63,99.27,103.24,122.86,104.51,96.27,93.92,103.21,98.66,93.73,85.9,79.4,74.13,76.96,76.47,66.99,54.44,46.21,49.07,49.72,51.7,51.41,63.87,75.69,1565,3600,3600,3600,3600,3600,3600,3600,3600,3600,3600,3600,3600,3600,3600,3600,3600,3600,3600,3600,3600,3600,3600,3600
8535,6748435,1,10,6748435,24,46.21,122.86,79.13583333333334,21.10886245882415,128000.0,21375,256,0.550124,4,1,68992.00355555557,475443.65,625.58375,,93.92,103.21,98.66,93.73,85.9,79.4,74.13,76.96,76.47,66.99,54.44,46.21,49.07,49.72,51.7,51.41,63.87,75.69,81.63,99.27,103.24,122.86,104.51,96.27,1565,3600,3600,3600,3600,3600,3600,3600,3600,3600,3600,3600,3600,3600,3600,3600,3600,3600,3600,3600,3600,3600,3600,3600
8606,6770035,8,10,6770035,24,46.21,122.86,79.13583333333334,21.10886245882415,32000.0,6866,64,0.472058,10,1,4650.177066666667,13284.87353471605,217.67379444444444,,74.13,76.96,76.47,66.99,54.44,46.21,49.07,49.72,51.7,51.41,63.87,75.69,81.63,99.27,103.24,122.86,104.51,96.27,93.92,103.21,98.66,93.73,85.9,79.4,1565,3600,3600,3600,3600,3600,3600,3600,3600,3600,3600,3600,3600,3600,3600,3600,3600,3600,3600,3600,3600,3600,3600,3600
8598,6791635,5,10,6791635,24,46.21,122.86,79.13583333333337,21.10886245882415,4000.0,17051,8,0.351025,9,1,1043.4598777777778,9603.906125083333,506.92132499999997,,49.07,49.72,51.7,51.41,63.87,75.69,81.63,99.27,103.24,122.86,104.51,96.27,93.92,103.21,98.66,93.73,85.9,79.4,74.13,76.96,76.47,66.99,54.44,46.21,1565,3600,3600,3600,3600,3600,3600,3600,3600,3600,3600,3600,3600,3600,3600,3600,3600,3600,3600,3600,3600,3600,3600,3600
8645,6813235,4,7,6813235,24,46.21,122.86,79.13583333333334,21.10886245882415,500.0,17432,1,0.550496,11,1,252.2982,1252.7492273333335,517.4274,,81.63,99.27,103.24,122.86,104.51,96.27,93.92,103.21,98.66,93.73,85.9,79.4,74.13,76.96,76.47,66.99,54.44,46.21,49.07,49.72,51.7,51.41,63.87,75.69,1565,3600,3600,3600,3600,3600,3600,3600,3600,3600,3600,3600,3600,3600,3600,3600,3600,3600,3600,3600,3600,3600,3600,3600
8657,6815435,7,2,6815435,24,46.21,122.86,79.13583333333334,21.10886245882415,16000.0,9066,32,0.931332,11,2,4325.655155555555,11317.70160177778,280.88273333333336,,99.27,103.24,122.86,104.51,96.27,93.92,103.21,98.66,93.73,85.9,79.4,74.13,76.96,76.47,66.99,54.44,46.21,49.07,49.72,51.7,51.41,63.87,75.69,81.63,2965,3600,3600,3600,3600,3600,3600,3600,3600,3600,3600,3600,3600,3600,3600,3600,3600,3600,3600,3600,3600,3600,3600,3600
8652,6822000,6,7,6822000,24,46.21,122.86,79.13583333333334,21.10886245882415,500.0,12039,1,0.448482,10,3,177.98206666666667,645.0258206805556,385.7617666666667,,122.86,104.51,96.27,93.92,103.21,98.66,93.73,85.9,79.4,74.13,76.96,76.47,66.99,54.44,46.21,49.07,49.72,51.7,51.41,63.87,75.69,81.63,99.27,103.24,3600,3600,3600,3600,3600,3600,3600,3600,3600,3600,3600,3600,3600,3600,3600,3600,3600,3600,3600,3600,3600,3600,3600,3600
8658,6824200,6,10,6824200,24,46.21,122.86,79.13583333333334,21.10886245882415,128000.0,19962,256,0.503869,9,4,71549.59146666666,433508.738784,610.78215,,122.86,104.51,96.27,93.92,103.21,98.66,93.73,85.9,79.4,74.13,76.96,76.47,66.99,54.44,46.21,49.07,49.72,51.7,51.41,63.87,75.69,81.63,99.27,103.24,1400,3600,3600,3600,3600,3600,3600,3600,3600,3600,3600,3600,3600,3600,3600,3600,3600,3600,3600,3600,3600,3600,3600,3600
8664,6845800,6,10,6845800,24,46.21,122.86,79.13583333333334,21.10886245882415,128000.0,21770,256,0.566175,7,1,60596.77511111111,492521.448325926,636.2960833333334,,93.73,85.9,79.4,74.13,76.96,76.47,66.99,54.44,46.21,49.07,49.72,51.7,51.41,63.87,75.69,81.63,99.27,103.24,122.86,104.51,96.27,93.92,103.21,98.66,1400,3600,3600,3600,3600,3600,3600,3600,3600,3600,3600,3600,3600,3600,3600,3600,3600,3600,3600,3600,3600,3600,3600,3600
8699,6867400,19,6,6867400,24,46.21,122.86,79.13583333333335,21.10886245882415,16000.0,19143,32,0.790621,31,1,4376.013777777777,48020.389914,564.41455,,66.99,54.44,46.21,49.07,49.72,51.7,51.41,63.87,75.69,81.63,99.27,103.24,122.86,104.51,96.27,93.92,103.21,98.66,93.73,85.9,79.4,74.13,76.96,76.47,1400,3600,3600,3600,3600,3600,3600,3600,3600,3600,3600,3600,3600,3600,3600,3600,3600,3600,3600,3600,3600,3600,3600,3600
8729,6889170,35,10,6889170,24,46.21,122.86,79.13583333333335,21.10886245882415,32000.0,51,64,0.653825,70,1,23.305866666666663,0.7890342222222221,1.7405166666666665,,51.41,63.87,75.69,81.63,99.27,103.24,122.86,104.51,96.27,93.92,103.21,98.66,93.73,85.9,79.4,74.13,76.96,76.47,66.99,54.44,46.21,49.07,49.72,51.7,1230,3600,3600,3600,3600,3600,3600,3600,3600,3600,3600,3600,3600,3600,3600,3600,3600,3600,3600,3600,3600,3600,3600,3600
8711,6910770,10,10,6910770,24,46.21,122.86,79.13583333333334,21.10886245882415,58500.0,8825,117,0.72208,22,1,14804.143250000001,42002.923799913195,292.89465277777776,,122.86,104.51,96.27,93.92,103.21,98.66,93.73,85.9,79.4,74.13,76.96,76.47,66.99,54.44,46.21,49.07,49.72,51.7,51.41,63.87,75.69,81.63,99.27,103.24,1230,3600,3600,3600,3600,3600,3600,3600,3600,3600,3600,3600,3600,3600,3600,3600,3600,3600,3600,3600,3600,3600,3600,3600
8647,6932370,4,10,6932370,24,46.21,122.86,79.13583333333334,21.10886245882415,17500.0,22853,35,0.877075,19,1,8613.888986111111,73904.08116068867,665.2573083333334,,93.73,85.9,79.4,74.13,76.96,76.47,66.99,54.44,46.21,49.07,49.72,51.7,51.41,63.87,75.69,81.63,99.27,103.24,122.86,104.51,96.27,93.92,103.21,98.66,1230,3600,3600,3600,3600,3600,3600,3600,3600,3600,3600,3600,3600,3600,3600,3600,3600,3600,3600,3600,3600,3600,3600,3600
8805,6953970,20,10,6953970,24,46.21,122.86,79.13583333333335,21.10886245882415,8000.0,22762,16,0.655365,30,1,2595.737377777778,33527.10158881481,662.8238166666666,,66.99,54.44,46.21,49.07,49.72,51.7,51.41,63.87,75.69,81.63,99.27,103.24,122.86,104.51,96.27,93.92,103.21,98.66,93.73,85.9,79.4,74.13,76.96,76.47,1230,3600,3600,3600,3600,3600,3600,3600,3600,3600,3600,3600,3600,3600,3600,3600,3600,3600,3600,3600,3600,3600,3600,3600
8668,6975570,5,2,6975570,24,46.21,122.86,79.13583333333335,21.10886245882415,93000.0,15916,186,0.397494,33,2,32199.104283333334,195559.02590433334,475.6237,,51.41,63.87,75.69,81.63,99.27,103.24,122.86,104.51,96.27,93.92,103.21,98.66,93.73,85.9,79.4,74.13,76.96,76.47,66.99,54.44,46.21,49.07,49.72,51.7,1230,3600,3600,3600,3600,3600,3600,3600,3600,3600,3600,3600,3600,3600,3600,3600,3600,3600,3600,3600,3600,3600,3600,3600
8847,6979340,19,10,6979340,24,46.21,122.86,79.13583333333334,21.10886245882415,64000.0,16776,128,0.478432,32,2,27107.092622222222,148922.624768,499.33820000000003,,63.87,75.69,81.63,99.27,103.24,122.86,104.51,96.27,93.92,103.21,98.66,93.73,85.9,79.4,74.13,76.96,76.47,66.99,54.44,46.21,49.07,49.72,51.7,51.41,1060,3600,3600,3600,3600,3600,3600,3600,3600,3600,3600,3600,3600,3600,3600,3600,3600,3600,3600,3600,3600,3600,3600,3600
8684,7000940,6,10,7000940,24,46.21,122.86,79.13583333333332,21.10886245882415,84000.0,26877,168,0.455441,32,1,58343.66556666666,489854.86467574997,781.105775,,104.51,96.27,93.92,103.21,98.66,93.73,85.9,79.4,74.13,76.96,76.47,66.99,54.44,46.21,49.07,49.72,51.7,51.41,63.87,75.69,81.63,99.27,103.24,122.86,1060,3600,3600,3600,3600,3600,3600,3600,3600,3600,3600,3600,3600,3600,3600,3600,3600,3600,3600,3600,3600,3600,3600,3600
8934,7022540,24,10,7022540,24,46.21,122.86,79.13583333333334,21.10886245882415,128000.0,10870,256,0.875977,28,1,30031.203555555556,128552.72107654321,332.6168611111111,,85.9,79.4,74.13,76.96,76.47,66.99,54.44,46.21,49.07,49.72,51.7,51.41,63.87,75.69,81.63,99.27,103.24,122.86,104.51,96.27,93.92,103.21,98.66,93.73,1060,3600,3600,3600,3600,3600,3600,3600,3600,3600,3600,3600,3600,3600,3600,3600,3600,3600,3600,3600,3600,3600,3600,3600
9027,7049417,34,10,7049417,24,46.21,122.86,79.13583333333337,21.10886245882415,8000.0,5363,16,0.387634,35,1,588.2431333333334,2074.1804062901233,174.04086944444444,,49.07,49.72,51.7,51.41,63.87,75.69,81.63,99.27,103.24,122.86,104.51,96.27,93.92,103.21,98.66,93.73,85.9,79.4,74.13,76.96,76.47,66.99,54.44,46.21,2983,3600,3600,3600,3600,3600,3600,3600,3600,3600,3600,3600,3600,3600,3600,3600,3600,3600,3600,3600,3600,3600,3600,3600
8867,7071017,12,10,7071017,24,46.21,122.86,79.13583333333334,21.10886245882415,99000.0,8940,198,0.533771,31,1,23215.801675,68166.66560000001,277.26933333333335,,81.63,99.27,103.24,122.86,104.51,96.27,93.92,103.21,98.66,93.73,85.9,79.4,74.13,76.96,76.47,66.99,54.44,46.21,49.07,49.72,51.7,51.41,63.87,75.69,2983,3600,3600,3600,3600,3600,3600,3600,3600,3600,3600,3600,3600,3600,3600,3600,3600,3600,3600,3600,3600,3600,3600,3600
9053,7092617,22,10,7092617,24,46.21,122.86,79.13583333333334,21.10886245882415,49000.0,13729,98,0.876658,26,1,18228.843072222222,77471.82157429708,414.58280277777783,,93.92,103.21,98.66,93.73,85.9,79.4,74.13,76.96,76.47,66.99,54.44,46.21,49.07,49.72,51.7,51.41,63.87,75.69,81.63,99.27,103.24,122.86,104.51,96.27,2983,3600,3600,3600,3600,3600,3600,3600,3600,3600,3600,3600,3600,3600,3600,3600,3600,3600,3600,3600,3600,3600,3600,3600
8992,7114217,17,7,7114217,24,46.21,122.86,79.13583333333334,21.10886245882415,64000.0,20380,128,0.702657,27,1,23984.305066666668,216776.2529580247,598.3152222222222,,74.13,76.96,76.47,66.99,54.44,46.21,49.07,49.72,51.7,51.41,63.87,75.69,81.63,99.27,103.24,122.86,104.51,96.27,93.92,103.21,98.66,93.73,85.9,79.4,2983,3600,3600,3600,3600,3600,3600,3600,3600,3600,3600,3600,3600,3600,3600,3600,3600,3600,3600,3600,3600,3600,3600,3600
9084,7116417,24,10,7116417,24,46.21,122.86,79.13583333333334,21.10886245882415,64000.0,7824,128,0.388223,27,2,10635.254399999998,34114.717127111115,245.26493333333335,,74.13,76.96,76.47,66.99,54.44,46.21,49.07,49.72,51.7,51.41,63.87,75.69,81.63,99.27,103.24,122.86,104.51,96.27,93.92,103.21,98.66,93.73,85.9,79.4,783,3600,3600,3600,3600,3600,3600,3600,3600,3600,3600,3600,3600,3600,3600,3600,3600,3600,3600,3600,3600,3600,3600,3600
8683,7138017,2,7,7138017,24,46.21,122.86,79.13583333333337,21.10886245882415,64000.0,18923,128,0.790647,38,1,19599.1824,187845.78768958026,558.3853277777778,,49.07,49.72,51.7,51.41,63.87,75.69,81.63,99.27,103.24,122.86,104.51,96.27,93.92,103.21,98.66,93.73,85.9,79.4,74.13,76.96,76.47,66.99,54.44,46.21,783,3600,3600,3600,3600,3600,3600,3600,3600,3600,3600,3600,3600,3600,3600,3600,3600,3600,3600,3600,3600,3600,3600,3600
8727,7140217,3,10,7140217,24,46.21,122.86,79.13583333333335,21.10886245882415,128000.0,11471,256,0.74577,45,2,21798.94471111111,142687.9004208395,349.84719722222223,,49.72,51.7,51.41,63.87,75.69,81.63,99.27,103.24,122.86,104.51,96.27,93.92,103.21,98.66,93.73,85.9,79.4,74.13,76.96,76.47,66.99,54.44,46.21,49.07,2183,3600,3600,3600,3600,3600,3600,3600,3600,3600,3600,3600,3600,3600,3600,3600,3600,3600,3600,3600,3600,3600,3600,3600
8936,7161817,12,10,7161817,24,46.21,122.86,79.13583333333334,21.10886245882415,128000.0,9386,256,0.829518,48,1,36657.06453333333,96799.98628187654,290.05962222222223,,99.27,103.24,122.86,104.51,96.27,93.92,103.21,98.66,93.73,85.9,79.4,74.13,76.96,76.47,66.99,54.44,46.21,49.07,49.72,51.7,51.41,63.87,75.69,81.63,2183,3600,3600,3600,3600,3600,3600,3600,3600,3600,3600,3600,3600,3600,3600,3600,3600,3600,3600,3600,3600,3600,3600,3600
9026,7183417,16,10,7183417,24,46.21,122.86,79.13583333333334,21.10886245882415,79000.0,10889,158,0.774175,42,1,22981.90821388889,79609.97766746835,333.16158055555553,,103.21,98.66,93.73,85.9,79.4,74.13,76.96,76.47,66.99,54.44,46.21,49.07,49.72,51.7,51.41,63.87,75.69,81.63,99.27,103.24,122.86,104.51,96.27,93.92,2183,3600,3600,3600,3600,3600,3600,3600,3600,3600,3600,3600,3600,3600,3600,3600,3600,3600,3600,3600,3600,3600,3600,3600
9168,7205017,30,10,7205017,24,46.21,122.86,79.13583333333334,21.10886245882415,128000.0,3596,256,0.832511,55,1,9815.316977777777,15691.152570469138,122.7234888888889,,76.96,76.47,66.99,54.44,46.21,49.07,49.72,51.7,51.41,63.87,75.69,81.63,99.27,103.24,122.86,104.51,96.27,93.92,103.21,98.66,93.73,85.9,79.4,74.13,2183,3600,3600,3600,3600,3600,3600,3600,3600,3600,3600,3600,3600,3600,3600,3600,3600,3600,3600,3600,3600,3600,3600,3600
9234,7226617,32,10,7226617,24,46.21,122.86,79.13583333333335,21.10886245882415,64000.0,17197,128,0.412935,44,1,18351.494755555555,156209.07178977778,510.947275,,49.72,51.7,51.41,63.87,75.69,81.63,99.27,103.24,122.86,104.51,96.27,93.92,103.21,98.66,93.73,85.9,79.4,74.13,76.96,76.47,66.99,54.44,46.21,49.07,2183,3600,3600,3600,3600,3600,3600,3600,3600,3600,3600,3600,3600,3600,3600,3600,3600,3600,3600,3600,3600,3600,3600,3600
9163,7248217,24,10,7248217,24,46.21,122.86,79.13583333333334,21.10886245882415,32000.0,33807,64,0.969976,37,1,30207.36008888889,287838.1495228888,957.8428083333332,,99.27,103.24,122.86,104.51,96.27,93.92,103.21,98.66,93.73,85.9,79.4,74.13,76.96,76.47,66.99,54.44,46.21,49.07,49.72,51.7,51.41,63.87,75.69,81.63,2183,3600,3600,3600,3600,3600,3600,3600,3600,3600,3600,3600,3600,3600,3600,3600,3600,3600,3600,3600,3600,3600,3600,3600
9201,7269817,24,10,7269817,24,46.21,122.86,79.13583333333334,21.10886245882415,16000.0,37473,32,0.594892,33,1,12901.788133333333,175544.7528211111,1054.0274166666666,,103.21,98.66,93.73,85.9,79.4,74.13,76.96,76.47,66.99,54.44,46.21,49.07,49.72,51.7,51.41,63.87,75.69,81.63,99.27,103.24,122.86,104.51,96.27,93.92,2183,3600,3600,3600,3600,3600,3600,3600,3600,3600,3600,3600,3600,3600,3600,3600,3600,3600,3600,3600,3600,3600,3600,3600
9171,7291417,21,2,7291417,24,46.21,122.86,79.13583333333334,21.10886245882415,79000.0,7296,158,0.969458,38,2,11952.075680555554,36844.23712711112,230.1230666666667,,76.96,76.47,66.99,54.44,46.21,49.07,49.72,51.7,51.41,63.87,75.69,81.63,99.27,103.24,122.86,104.51,96.27,93.92,103.21,98.66,93.73,85.9,79.4,74.13,2183,3600,3600,3600,3600,3600,3600,3600,3600,3600,3600,3600,3600,3600,3600,3600,3600,3600,3600,3600,3600,3600,3600,3600
9328,7295021,33,10,7295021,24,46.21,122.86,79.13583333333334,21.10886245882415,32000.0,4867,64,0.687336,43,3,3081.753333333333,6906.455302197531,159.6417138888889,,76.47,66.99,54.44,46.21,49.07,49.72,51.7,51.41,63.87,75.69,81.63,99.27,103.24,122.86,104.51,96.27,93.92,103.21,98.66,93.73,85.9,79.4,74.13,76.96,2179,3600,3600,3600,3600,3600,3600,3600,3600,3600,3600,3600,3600,3600,3600,3600,3600,3600,3600,3600,3600,3600,3600,3600
9368,7316621,38,10,7316621,24,46.21,122.86,79.13583333333334,21.10886245882415,6500.0,15433,13,0.399942,45,2,1806.397522222222,12882.192337399303,462.30497499999996,,51.7,51.41,63.87,75.69,81.63,99.27,103.24,122.86,104.51,96.27,93.92,103.21,98.66,93.73,85.9,79.4,74.13,76.96,76.47,66.99,54.44,46.21,49.07,49.72,2179,3600,3600,3600,3600,3600,3600,3600,3600,3600,3600,3600,3600,3600,3600,3600,3600,3600,3600,3600,3600,3600,3600,3600
9301,7338221,27,10,7338221,24,46.21,122.86,79.13583333333334,21.10886245882415,112500.0,15842,225,0.535417,37,1,51842.40375,235249.41220868062,475.19133888888894,,103.24,122.86,104.51,96.27,93.92,103.21,98.66,93.73,85.9,79.4,74.13,76.96,76.47,66.99,54.44,46.21,49.07,49.72,51.7,51.41,63.87,75.69,81.63,99.27,2179,3600,3600,3600,3600,3600,3600,3600,3600,3600,3600,3600,3600,3600,3600,3600,3600,3600,3600,3600,3600,3600,3600,3600
8870,7359821,8,10,7359821,24,46.21,122.86,79.13583333333334,21.10886245882415,128000.0,9961,256,0.384627,34,1,32279.428977777778,108570.24071150617,306.54934444444444,,98.66,93.73,85.9,79.4,74.13,76.96,76.47,66.99,54.44,46.21,49.07,49.72,51.7,51.41,63.87,75.69,81.63,99.27,103.24,122.86,104.51,96.27,93.92,103.21,2179,3600,3600,3600,3600,3600,3600,3600,3600,3600,3600,3600,3600,3600,3600,3600,3600,3600,3600,3600,3600,3600,3600,3600
9343,7381421,27,10,7381421,24,46.21,122.86,79.13583333333334,21.10886245882415,128000.0,12457,256,0.546483,35,1,26524.81813333333,167473.1346300247,378.11526944444444,,76.47,66.99,54.44,46.21,49.07,49.72,51.7,51.41,63.87,75.69,81.63,99.27,103.24,122.86,104.51,96.27,93.92,103.21,98.66,93.73,85.9,79.4,74.13,76.96,2179,3600,3600,3600,3600,3600,3600,3600,3600,3600,3600,3600,3600,3600,3600,3600,3600,3600,3600,3600,3600,3600,3600,3600
9456,7403021,43,10,7403021,24,46.21,122.86,79.13583333333334,21.10886245882415,500.0,38573,1,0.802513,56,1,467.62931111111106,5678.335481954861,1059.912775,,51.7,51.41,63.87,75.69,81.63,99.27,103.24,122.86,104.51,96.27,93.92,103.21,98.66,93.73,85.9,79.4,74.13,76.96,76.47,66.99,54.44,46.21,49.07,49.72,2179,3600,3600,3600,3600,3600,3600,3600,3600,3600,3600,3600,3600,3600,3600,3600,3600,3600,3600,3600,3600,3600,3600,3600
9357,7424621,28,10,7424621,24,46.21,122.86,79.13583333333334,21.10886245882415,83500.0,18650,167,0.727744,56,1,45041.84531805555,240072.86646701387,554.98375,,103.24,122.86,104.51,96.27,93.92,103.21,98.66,93.73,85.9,79.4,74.13,76.96,76.47,66.99,54.44,46.21,49.07,49.72,51.7,51.41,63.87,75.69,81.63,99.27,2179,3600,3600,3600,3600,3600,3600,3600,3600,3600,3600,3600,3600,3600,3600,3600,3600,3600,3600,3600,3600,3600,3600,3600
9233,7446221,20,10,7446221,24,46.21,122.86,79.13583333333334,21.10886245882415,32000.0,30690,64,0.914029,39,2,21227.724266666664,238969.5264,875.9879999999999,,98.66,93.73,85.9,79.4,74.13,76.96,76.47,66.99,54.44,46.21,49.07,49.72,51.7,51.41,63.87,75.69,81.63,99.27,103.24,122.86,104.51,96.27,93.92,103.21,2179,3600,3600,3600,3600,3600,3600,3600,3600,3600,3600,3600,3600,3600,3600,3600,3600,3600,3600,3600,3600,3600,3600,3600
9126,7467821,16,9,7467821,24,46.21,122.86,79.13583333333334,21.10886245882415,64000.0,32562,128,0.712207,40,1,32830.602666666666,532300.7102399999,919.5355,,76.47,66.99,54.44,46.21,49.07,49.72,51.7,51.41,63.87,75.69,81.63,99.27,103.24,122.86,104.51,96.27,93.92,103.21,98.66,93.73,85.9,79.4,74.13,76.96,2179,3600,3600,3600,3600,3600,3600,3600,3600,3600,3600,3600,3600,3600,3600,3600,3600,3600,3600,3600,3600,3600,3600,3600
9331,7478621,24,2,7478621,24,46.21,122.86,79.13583333333334,21.10886245882415,64000.0,17545,128,0.908302,37,2,15808.533511111113,162363.26247777775,520.543375,,46.21,49.07,49.72,51.7,51.41,63.87,75.69,81.63,99.27,103.24,122.86,104.51,96.27,93.92,103.21,98.66,93.73,85.9,79.4,74.13,76.96,76.47,66.99,54.44,2179,3600,3600,3600,3600,3600,3600,3600,3600,3600,3600,3600,3600,3600,3600,3600,3600,3600,3600,3600,3600,3600,3600,3600
9394,7498511,27,10,7498511,24,46.21,122.86,79.13583333333334,21.10886245882415,91500.0,30244,183,0.511357,36,2,74630.195325,660726.8667946851,859.5361444444444,,63.87,75.69,81.63,99.27,103.24,122.86,104.51,96.27,93.92,103.21,98.66,93.73,85.9,79.4,74.13,76.96,76.47,66.99,54.44,46.21,49.07,49.72,51.7,51.41,289,3600,3600,3600,3600,3600,3600,3600,3600,3600,3600,3600,3600,3600,3600,3600,3600,3600,3600,3600,3600,3600,3600,3600
9504,7520111,32,7,7520111,24,46.21,122.86,79.13583333333332,21.10886245882415,128000.0,18468,256,0.413294,35,1,63801.72408888889,361963.01606399997,551.2351,,104.51,96.27,93.92,103.21,98.66,93.73,85.9,79.4,74.13,76.96,76.47,66.99,54.44,46.21,49.07,49.72,51.7,51.41,63.87,75.69,81.63,99.27,103.24,122.86,289,3600,3600,3600,3600,3600,3600,3600,3600,3600,3600,3600,3600,3600,3600,3600,3600,3600,3600,3600,3600,3600,3600,3600
9098,7550355,13,10,7550355,24,46.21,122.86,79.13583333333334,21.10886245882415,71500.0,12493,143,0.317285,27,1,17073.96802222222,94075.8883840459,379.14736944444445,,76.96,76.47,66.99,54.44,46.21,49.07,49.72,51.7,51.41,63.87,75.69,81.63,99.27,103.24,122.86,104.51,96.27,93.92,103.21,98.66,93.73,85.9,79.4,74.13,2445,3600,3600,3600,3600,3600,3600,3600,3600,3600,3600,3600,3600,3600,3600,3600,3600,3600,3600,3600,3600,3600,3600,3600
9381,7571955,19,6,7571955,24,46.21,122.86,79.13583333333335,21.10886245882415,16000.0,30020,32,0.882857,26,1,10266.106222222223,113903.09221234565,853.7040555555554,,49.72,51.7,51.41,63.87,75.69,81.63,99.27,103.24,122.86,104.51,96.27,93.92,103.21,98.66,93.73,85.9,79.4,74.13,76.96,76.47,66.99,54.44,46.21,49.07,2445,3600,3600,3600,3600,3600,3600,3600,3600,3600,3600,3600,3600,3600,3600,3600,3600,3600,3600,3600,3600,3600,3600,3600
9470,7573055,22,10,7573055,24,46.21,122.86,79.13583333333335,21.10886245882415,128000.0,16729,256,0.373906,25,2,36295.44248888889,296239.9127315555,498.042175,,49.72,51.7,51.41,63.87,75.69,81.63,99.27,103.24,122.86,104.51,96.27,93.92,103.21,98.66,93.73,85.9,79.4,74.13,76.96,76.47,66.99,54.44,46.21,49.07,1345,3600,3600,3600,3600,3600,3600,3600,3600,3600,3600,3600,3600,3600,3600,3600,3600,3600,3600,3600,3600,3600,3600,3600
9354,7603075,16,0,7603075,24,46.21,122.86,79.13583333333334,21.10886245882415,64000.0,16218,128,0.216958,21,1,28708.708977777776,145772.011536,505.59105,,122.86,104.51,96.27,93.92,103.21,98.66,93.73,85.9,79.4,74.13,76.96,76.47,66.99,54.44,46.21,49.07,49.72,51.7,51.41,63.87,75.69,81.63,99.27,103.24,125,3600,3600,3600,3600,3600,3600,3600,3600,3600,3600,3600,3600,3600,3600,3600,3600,3600,3600,3600,3600,3600,3600,3600
9489,7619804,18,0,7619804,24,46.21,122.86,79.13583333333334,21.10886245882415,57000.0,14489,114,0.110804,20,1,19636.77629166667,100085.29492493751,436.274175,,98.66,93.73,85.9,79.4,74.13,76.96,76.47,66.99,54.44,46.21,49.07,49.72,51.7,51.41,63.87,75.69,81.63,99.27,103.24,122.86,104.51,96.27,93.92,103.21,1396,3600,3600,3600,3600,3600,3600,3600,3600,3600,3600,3600,3600,3600,3600,3600,3600,3600,3600,3600,3600,3600,3600,3600
8998,7619804,9,0,7619804,24,46.21,122.86,79.13583333333334,21.10886245882415,92000.0,21850,184,0.150187,19,2,46046.47891111111,356587.9199845679,638.6013888888889,,98.66,93.73,85.9,79.4,74.13,76.96,76.47,66.99,54.44,46.21,49.07,49.72,51.7,51.41,63.87,75.69,81.63,99.27,103.24,122.86,104.51,96.27,93.92,103.21,1396,3600,3600,3600,3600,3600,3600,3600,3600,3600,3600,3600,3600,3600,3600,3600,3600,3600,3600,3600,3600,3600,3600,3600
8746,7636022,2,0,7636022,24,46.21,122.86,79.13583333333334,21.10886245882415,500.0,31581,1,0.185028,18,1,254.13959861111107,3922.827006656251,894.3464250000001,,76.96,76.47,66.99,54.44,46.21,49.07,49.72,51.7,51.41,63.87,75.69,81.63,99.27,103.24,122.86,104.51,96.27,93.92,103.21,98.66,93.73,85.9,79.4,74.13,3178,3600,3600,3600,3600,3600,3600,3600,3600,3600,3600,3600,3600,3600,3600,3600,3600,3600,3600,3600,3600,3600,3600,3600
8629,7636022,1,0,7636022,24,46.21,122.86,79.13583333333334,21.10886245882415,31000.0,30161,62,0.120354,17,2,15128.025058333335,222677.23507679242,857.3751472222222,,76.96,76.47,66.99,54.44,46.21,49.07,49.72,51.7,51.41,63.87,75.69,81.63,99.27,103.24,122.86,104.51,96.27,93.92,103.21,98.66,93.73,85.9,79.4,74.13,3178,3600,3600,3600,3600,3600,3600,3600,3600,3600,3600,3600,3600,3600,3600,3600,3600,3600,3600,3600,3600,3600,3600,3600
9158,7636022,9,0,7636022,24,46.21,122.86,79.13583333333334,21.10886245882415,64000.0,23347,128,0.150506,16,3,25028.792177777774,281603.2923971852,678.4676916666667,,76.96,76.47,66.99,54.44,46.21,49.07,49.72,51.7,51.41,63.87,75.69,81.63,99.27,103.24,122.86,104.51,96.27,93.92,103.21,98.66,93.73,85.9,79.4,74.13,3178,3600,3600,3600,3600,3600,3600,3600,3600,3600,3600,3600,3600,3600,3600,3600,3600,3600,3600,3600,3600,3600,3600,3600
9455,7657872,13,0,7657872,24,46.21,122.86,79.13583333333335,21.10886245882415,32000.0,28032,64,0.09512,15,3,18063.867733333333,199813.02624711112,801.9037333333333,,49.72,51.7,51.41,63.87,75.69,81.63,99.27,103.24,122.86,104.51,96.27,93.92,103.21,98.66,93.73,85.9,79.4,74.13,76.96,76.47,66.99,54.44,46.21,49.07,2928,3600,3600,3600,3600,3600,3600,3600,3600,3600,3600,3600,3600,3600,3600,3600,3600,3600,3600,3600,3600,3600,3600,3600
9081,7657872,8,0,7657872,24,46.21,122.86,79.13583333333335,21.10886245882415,64000.0,34188,128,0.158206,14,4,48737.5424,582462.4248177777,958.3336666666665,,49.72,51.7,51.41,63.87,75.69,81.63,99.27,103.24,122.86,104.51,96.27,93.92,103.21,98.66,93.73,85.9,79.4,74.13,76.96,76.47,66.99,54.44,46.21,49.07,2928,3600,3600,3600,3600,3600,3600,3600,3600,3600,3600,3600,3600,3600,3600,3600,3600,3600,3600,3600,3600,3600,3600,3600
9187,7681219,8,10,7681219,24,46.21,122.86,79.13583333333334,21.10886245882415,1000.0,31580,2,0.502085,13,2,887.1199916666666,7893.395658024691,899.8171111111111,,99.27,103.24,122.86,104.51,96.27,93.92,103.21,98.66,93.73,85.9,79.4,74.13,76.96,76.47,66.99,54.44,46.21,49.07,49.72,51.7,51.41,63.87,75.69,81.63,1181,3600,3600,3600,3600,3600,3600,3600,3600,3600,3600,3600,3600,3600,3600,3600,3600,3600,3600,3600,3600,3600,3600,3600
8780,7702819,2,0,7702819,24,46.21,122.86,79.13583333333334,21.10886245882415,500.0,32347,1,0.106339,12,2,360.9388958333334,4150.152846345679,923.7672888888889,,103.21,98.66,93.73,85.9,79.4,74.13,76.96,76.47,66.99,54.44,46.21,49.07,49.72,51.7,51.41,63.87,75.69,81.63,99.27,103.24,122.86,104.51,96.27,93.92,1181,3600,3600,3600,3600,3600,3600,3600,3600,3600,3600,3600,3600,3600,3600,3600,3600,3600,3600,3600,3600,3600,3600,3600
8759,7702819,1,0,7702819,24,46.21,122.86,79.13583333333334,21.10886245882415,1000.0,31257,2,0.245254,11,3,705.3945694444445,7773.706197999998,895.3303999999998,,103.21,98.66,93.73,85.9,79.4,74.13,76.96,76.47,66.99,54.44,46.21,49.07,49.72,51.7,51.41,63.87,75.69,81.63,99.27,103.24,122.86,104.51,96.27,93.92,1181,3600,3600,3600,3600,3600,3600,3600,3600,3600,3600,3600,3600,3600,3600,3600,3600,3600,3600,3600,3600,3600,3600,3600
8516,7702819,0,10,7702819,24,46.21,122.86,79.13583333333334,21.10886245882415,4000.0,32855,8,0.438572,10,4,2918.2395222222226,34205.57525100307,936.9964305555553,,103.21,98.66,93.73,85.9,79.4,74.13,76.96,76.47,66.99,54.44,46.21,49.07,49.72,51.7,51.41,63.87,75.69,81.63,99.27,103.24,122.86,104.51,96.27,93.92,1181,3600,3600,3600,3600,3600,3600,3600,3600,3600,3600,3600,3600,3600,3600,3600,3600,3600,3600,3600,3600,3600,3600,3600
9516,7724419,8,0,7724419,24,46.21,122.86,79.13583333333334,21.10886245882415,64000.0,22056,128,0.082794,9,4,22920.5824,252494.81378133336,643.9442,,76.96,76.47,66.99,54.44,46.21,49.07,49.72,51.7,51.41,63.87,75.69,81.63,99.27,103.24,122.86,104.51,96.27,93.92,103.21,98.66,93.73,85.9,79.4,74.13,1181,3600,3600,3600,3600,3600,3600,3600,3600,3600,3600,3600,3600,3600,3600,3600,3600,3600,3600,3600,3600,3600,3600,3600
9273,7724419,6,0,7724419,24,46.21,122.86,79.13583333333334,21.10886245882415,128000.0,11697,256,0.099578,8,5,28013.112888888885,148193.8123742222,356.32649166666664,,76.96,76.47,66.99,54.44,46.21,49.07,49.72,51.7,51.41,63.87,75.69,81.63,99.27,103.24,122.86,104.51,96.27,93.92,103.21,98.66,93.73,85.9,79.4,74.13,1181,3600,3600,3600,3600,3600,3600,3600,3600,3600,3600,3600,3600,3600,3600,3600,3600,3600,3600,3600,3600,3600,3600,3600
9080,7757274,2,0,7757274,24,46.21,122.86,79.13583333333334,21.10886245882415,500.0,34284,1,0.290661,5,1,462.6080416666667,4574.1728672222225,960.6243333333333,,63.87,75.69,81.63,99.27,103.24,122.86,104.51,96.27,93.92,103.21,98.66,93.73,85.9,79.4,74.13,76.96,76.47,66.99,54.44,46.21,49.07,49.72,51.7,51.41,726,3600,3600,3600,3600,3600,3600,3600,3600,3600,3600,3600,3600,3600,3600,3600,3600,3600,3600,3600,3600,3600,3600,3600
8814,7768971,1,0,7768971,24,46.21,122.86,79.13583333333334,21.10886245882415,1000.0,86559,2,0.101736,4,1,1903.8197666666667,47086.43554992361,1958.3309416666668,,103.24,122.86,104.51,96.27,93.92,103.21,98.66,93.73,85.9,79.4,74.13,76.96,76.47,66.99,54.44,46.21,49.07,49.72,51.7,51.41,63.87,75.69,81.63,99.27,3429,3600,3600,3600,3600,3600,3600,3600,3600,3600,3600,3600,3600,3600,3600,3600,3600,3600,3600,3600,3600,3600,3600,3600
9418,7768971,2,10,7768971,24,46.21,122.86,79.13583333333334,21.10886245882415,4000.0,35569,8,0.385591,3,2,3884.246622222222,39824.96664892901,1007.6884361111111,,103.24,122.86,104.51,96.27,93.92,103.21,98.66,93.73,85.9,79.4,74.13,76.96,76.47,66.99,54.44,46.21,49.07,49.72,51.7,51.41,63.87,75.69,81.63,99.27,3429,3600,3600,3600,3600,3600,3600,3600,3600,3600,3600,3600,3600,3600,3600,3600,3600,3600,3600,3600,3600,3600,3600,3600
8794,7790571,0,0,7790571,24,46.21,122.86,79.13583333333334,21.10886245882415,8000.0,38934,16,0.123076,2,3,6324.212199999999,93816.96701999998,1084.3384999999998,,98.66,93.73,85.9,79.4,74.13,76.96,76.47,66.99,54.44,46.21,49.07,49.72,51.7,51.41,63.87,75.69,81.63,99.27,103.24,122.86,104.51,96.27,93.92,103.21,3429,3600,3600,3600,3600,3600,3600,3600,3600,3600,3600,3600,3600,3600,3600,3600,3600,3600,3600,3600,3600,3600,3600,3600
9272,7790571,0,2,7790571,24,46.21,122.86,79.13583333333334,21.10886245882415,2000.0,58272,4,0.437402,1,4,2217.55735,48696.537770666684,1504.2176000000004,,98.66,93.73,85.9,79.4,74.13,76.96,76.47,66.99,54.44,46.21,49.07,49.72,51.7,51.41,63.87,75.69,81.63,99.27,103.24,122.86,104.51,96.27,93.92,103.21,3429,3600,3600,3600,3600,3600,3600,3600,3600,3600,3600,3600,3600,3600,3600,3600,3600,3600,3600,3600,3600,3600,3600,3600
4273,3455026,0,9,3455026,24,86.11,127.98,103.44500000000001,12.437209628101204,2000.0,7566,4,0.736526,1,0,403.7862888888889,1116.2984285555556,265.57456666666667,,120.34,95.59,88.73,92.01,107.68,119.23,125.36,116.57,101.54,95.57,94.04,94.14,92.64,102.69,98.31,110.63,127.98,112.57,96.34,97.19,86.11,86.15,101.03,120.24,974,3600,3600,3600,3600,3600,3600,3600,3600,3600,3600,3600,3600,3600,3600,3600,3600,3600,3600,3600,3600,3600,3600,3600
4275,3465826,1,1,3465826,24,86.11,127.98,103.445,12.437209628101204,12000.0,15840,24,0.381071,2,1,6082.531266666667,28597.113600000008,541.6120000000001,,92.01,107.68,119.23,125.36,116.57,101.54,95.57,94.04,94.14,92.64,102.69,98.31,110.63,127.98,112.57,96.34,97.19,86.11,86.15,101.03,120.24,120.34,95.59,88.73,974,3600,3600,3600,3600,3600,3600,3600,3600,3600,3600,3600,3600,3600,3600,3600,3600,3600,3600,3600,3600,3600,3600,3600
4274,3470400,0,10,3470400,24,86.11,127.98,103.445,12.437209628101204,2000.0,12627,4,0.889632,1,2,825.3830999999999,3049.433127,434.7018,,119.23,125.36,116.57,101.54,95.57,94.04,94.14,92.64,102.69,98.31,110.63,127.98,112.57,96.34,97.19,86.11,86.15,101.03,120.24,120.34,95.59,88.73,92.01,107.68,3600,3600,3600,3600,3600,3600,3600,3600,3600,3600,3600,3600,3600,3600,3600,3600,3600,3600,3600,3600,3600,3600,3600,3600
4290,3492000,3,0,3492000,24,86.11,127.98,103.44500000000001,12.437209628101204,16000.0,12142,32,0.267472,7,1,5217.884533333334,22584.271100444446,418.50280000000004,,94.14,92.64,102.69,98.31,110.63,127.98,112.57,96.34,97.19,86.11,86.15,101.03,120.24,120.34,95.59,88.73,92.01,107.68,119.23,125.36,116.57,101.54,95.57,94.04,3600,3600,3600,3600,3600,3600,3600,3600,3600,3600,3600,3600,3600,3600,3600,3600,3600,3600,3600,3600,3600,3600,3600,3600
4303,3492000,4,2,3492000,24,86.11,127.98,103.44500000000001,12.437209628101204,1000.0,14196,2,0.940437,6,2,382.20910000000003,1920.822904,487.1064,,94.14,92.64,102.69,98.31,110.63,127.98,112.57,96.34,97.19,86.11,86.15,101.03,120.24,120.34,95.59,88.73,92.01,107.68,119.23,125.36,116.57,101.54,95.57,94.04,3600,3600,3600,3600,3600,3600,3600,3600,3600,3600,3600,3600,3600,3600,3600,3600,3600,3600,3600,3600,3600,3600,3600,3600
4277,3495600,0,7,3495600,24,86.11,127.98,103.445,12.437209628101206,13500.0,17378,27,0.631712,5,3,6886.86165,38614.98293679166,592.5497055555555,,92.64,102.69,98.31,110.63,127.98,112.57,96.34,97.19,86.11,86.15,101.03,120.24,120.34,95.59,88.73,92.01,107.68,119.23,125.36,116.57,101.54,95.57,94.04,94.14,3600,3600,3600,3600,3600,3600,3600,3600,3600,3600,3600,3600,3600,3600,3600,3600,3600,3600,3600,3600,3600,3600,3600,3600
4311,3497800,4,0,3497800,24,86.11,127.98,103.445,12.437209628101206,19000.0,15975,38,0.026365,8,4,9141.067569444445,46041.6334765625,546.083125,,92.64,102.69,98.31,110.63,127.98,112.57,96.34,97.19,86.11,86.15,101.03,120.24,120.34,95.59,88.73,92.01,107.68,119.23,125.36,116.57,101.54,95.57,94.04,94.14,1400,3600,3600,3600,3600,3600,3600,3600,3600,3600,3600,3600,3600,3600,3600,3600,3600,3600,3600,3600,3600,3600,3600,3600
4319,3497800,6,10,3497800,24,86.11,127.98,103.445,12.437209628101206,64000.0,8833,128,0.309371,7,5,15627.96071111111,48354.20706301234,307.9275611111111,,92.64,102.69,98.31,110.63,127.98,112.57,96.34,97.19,86.11,86.15,101.03,120.24,120.34,95.59,88.73,92.01,107.68,119.23,125.36,116.57,101.54,95.57,94.04,94.14,1400,3600,3600,3600,3600,3600,3600,3600,3600,3600,3600,3600,3600,3600,3600,3600,3600,3600,3600,3600,3600,3600,3600,3600
4284,3519400,0,10,3519400,24,86.11,127.98,103.44500000000001,12.437209628101206,1000.0,24235,2,0.848901,13,1,681.3182361111111,5467.112969000771,812.1149861111111,,96.34,97.19,86.11,86.15,101.03,120.24,120.34,95.59,88.73,92.01,107.68,119.23,125.36,116.57,101.54,95.57,94.04,94.14,92.64,102.69,98.31,110.63,127.98,112.57,1400,3600,3600,3600,3600,3600,3600,3600,3600,3600,3600,3600,3600,3600,3600,3600,3600,3600,3600,3600,3600,3600,3600,3600
4357,3541000,6,7,3541000,24,86.11,127.98,103.44500000000001,12.437209628101204,128000.0,6296,256,0.922088,11,1,22314.456177777778,49665.24576553087,221.86071111111113,,120.34,95.59,88.73,92.01,107.68,119.23,125.36,116.57,101.54,95.57,94.04,94.14,92.64,102.69,98.31,110.63,127.98,112.57,96.34,97.19,86.11,86.15,101.03,120.24,1400,3600,3600,3600,3600,3600,3600,3600,3600,3600,3600,3600,3600,3600,3600,3600,3600,3600,3600,3600,3600,3600,3600,3600
4322,3565235,1,10,3565235,24,86.11,127.98,103.445,12.437209628101204,128000.0,9531,256,0.626481,7,1,34916.78826666666,112257.43963200001,331.26015,,116.57,101.54,95.57,94.04,94.14,92.64,102.69,98.31,110.63,127.98,112.57,96.34,97.19,86.11,86.15,101.03,120.24,120.34,95.59,88.73,92.01,107.68,119.23,125.36,2365,3600,3600,3600,3600,3600,3600,3600,3600,3600,3600,3600,3600,3600,3600,3600,3600,3600,3600,3600,3600,3600,3600,3600
4396,3586835,3,0,3586835,24,86.11,127.98,103.445,12.437209628101204,104000.0,44886,208,0.102273,4,1,135398.87804444446,1834626.906039778,1414.8357166666667,,102.69,98.31,110.63,127.98,112.57,96.34,97.19,86.11,86.15,101.03,120.24,120.34,95.59,88.73,92.01,107.68,119.23,125.36,116.57,101.54,95.57,94.04,94.14,92.64,2365,3600,3600,3600,3600,3600,3600,3600,3600,3600,3600,3600,3600,3600,3600,3600,3600,3600,3600,3600,3600,3600,3600,3600
4410,3596366,15,6,3596366,24,86.11,127.98,103.44499999999998,12.437209628101204,1000.0,152,2,0.843546,17,1,5.23973888888889,0.228152,5.4036,,110.63,127.98,112.57,96.34,97.19,86.11,86.15,101.03,120.24,120.34,95.59,88.73,92.01,107.68,119.23,125.36,116.57,101.54,95.57,94.04,94.14,92.64,102.69,98.31,34,3600,3600,3600,3600,3600,3600,3600,3600,3600,3600,3600,3600,3600,3600,3600,3600,3600,3600,3600,3600,3600,3600,3600
4411,3597466,5,10,3597466,24,86.11,127.98,103.445,12.437209628101206,64000.0,18725,128,0.951644,8,2,33609.8128,215016.7939197531,645.9115972222222,,127.98,112.57,96.34,97.19,86.11,86.15,101.03,120.24,120.34,95.59,88.73,92.01,107.68,119.23,125.36,116.57,101.54,95.57,94.04,94.14,92.64,102.69,98.31,110.63,2534,3600,3600,3600,3600,3600,3600,3600,3600,3600,3600,3600,3600,3600,3600,3600,3600,3600,3600,3600,3600,3600,3600,3600
4423,3641252,6,10,3641252,24,86.11,127.98,103.44500000000001,12.437209628101204,64000.0,9968,128,0.771225,16,1,21082.1696,61290.89973412346,345.8680888888889,,107.68,119.23,125.36,116.57,101.54,95.57,94.04,94.14,92.64,102.69,98.31,110.63,127.98,112.57,96.34,97.19,86.11,86.15,101.03,120.24,120.34,95.59,88.73,92.01,1948,3600,3600,3600,3600,3600,3600,3600,3600,3600,3600,3600,3600,3600,3600,3600,3600,3600,3600,3600,3600,3600,3600,3600
4461,3662852,9,10,3662852,24,86.11,127.98,103.44500000000001,12.437209628101204,128000.0,16582,256,0.618645,19,1,57069.70097777778,333813.57019772835,566.1866277777777,,94.04,94.14,92.64,102.69,98.31,110.63,127.98,112.57,96.34,97.19,86.11,86.15,101.03,120.24,120.34,95.59,88.73,92.01,107.68,119.23,125.36,116.57,101.54,95.57,1948,3600,3600,3600,3600,3600,3600,3600,3600,3600,3600,3600,3600,3600,3600,3600,3600,3600,3600,3600,3600,3600,3600,3600
4587,3684452,35,10,3684452,24,86.11,127.98,103.445,12.437209628101206,105000.0,12027,210,0.765708,42,1,37368.072291666664,148150.14867479168,422.3358833333333,,127.98,112.57,96.34,97.19,86.11,86.15,101.03,120.24,120.34,95.59,88.73,92.01,107.68,119.23,125.36,116.57,101.54,95.57,94.04,94.14,92.64,102.69,98.31,110.63,1948,3600,3600,3600,3600,3600,3600,3600,3600,3600,3600,3600,3600,3600,3600,3600,3600,3600,3600,3600,3600,3600,3600,3600
4534,3706052,16,10,3706052,24,86.11,127.98,103.44500000000004,12.437209628101206,128000.0,12081,256,0.930211,49,1,47760.35235555556,178891.32435200003,416.46540000000005,,101.03,120.24,120.34,95.59,88.73,92.01,107.68,119.23,125.36,116.57,101.54,95.57,94.04,94.14,92.64,102.69,98.31,110.63,127.98,112.57,96.34,97.19,86.11,86.15,1948,3600,3600,3600,3600,3600,3600,3600,3600,3600,3600,3600,3600,3600,3600,3600,3600,3600,3600,3600,3600,3600,3600,3600
4406,3727652,2,10,3727652,24,86.11,127.98,103.44500000000001,12.437209628101204,64000.0,14213,128,0.997963,37,1,29487.87093333333,123223.34941511111,487.6742,,107.68,119.23,125.36,116.57,101.54,95.57,94.04,94.14,92.64,102.69,98.31,110.63,127.98,112.57,96.34,97.19,86.11,86.15,101.03,120.24,120.34,95.59,88.73,92.01,1948,3600,3600,3600,3600,3600,3600,3600,3600,3600,3600,3600,3600,3600,3600,3600,3600,3600,3600,3600,3600,3600,3600,3600
4619,3749252,29,10,3749252,24,86.11,127.98,103.44500000000001,12.437209628101204,128000.0,16952,256,0.917882,46,1,58525.10008888889,348648.1357621728,578.4408222222222,,94.04,94.14,92.64,102.69,98.31,110.63,127.98,112.57,96.34,97.19,86.11,86.15,101.03,120.24,120.34,95.59,88.73,92.01,107.68,119.23,125.36,116.57,101.54,95.57,1948,3600,3600,3600,3600,3600,3600,3600,3600,3600,3600,3600,3600,3600,3600,3600,3600,3600,3600,3600,3600,3600,3600,3600
4515,3770852,9,10,3770852,24,86.11,127.98,103.445,12.437209628101206,60500.0,16150,121,0.640904,41,1,27631.883674999997,152019.29951388884,560.1099999999999,,127.98,112.57,96.34,97.19,86.11,86.15,101.03,120.24,120.34,95.59,88.73,92.01,107.68,119.23,125.36,116.57,101.54,95.57,94.04,94.14,92.64,102.69,98.31,110.63,1948,3600,3600,3600,3600,3600,3600,3600,3600,3600,3600,3600,3600,3600,3600,3600,3600,3600,3600,3600,3600,3600,3600,3600
4443,3792452,5,7,3792452,24,86.11,127.98,103.44500000000004,12.437209628101206,64000.0,9617,128,0.863658,55,1,19692.909333333333,57126.67924079012,334.1349388888889,,101.03,120.24,120.34,95.59,88.73,92.01,107.68,119.23,125.36,116.57,101.54,95.57,94.04,94.14,92.64,102.69,98.31,110.63,127.98,112.57,96.34,97.19,86.11,86.15,1948,3600,3600,3600,3600,3600,3600,3600,3600,3600,3600,3600,3600,3600,3600,3600,3600,3600,3600,3600,3600,3600,3600,3600
4718,3794652,33,8,3794652,24,86.11,127.98,103.44500000000001,12.437209628101204,8000.0,15506,16,0.729924,55,2,3609.5313333333334,18292.269694222225,530.8604,,120.24,120.34,95.59,88.73,92.01,107.68,119.23,125.36,116.57,101.54,95.57,94.04,94.14,92.64,102.69,98.31,110.63,127.98,112.57,96.34,97.19,86.11,86.15,101.03,3348,3600,3600,3600,3600,3600,3600,3600,3600,3600,3600,3600,3600,3600,3600,3600,3600,3600,3600,3600,3600,3600,3600,3600
4594,3804269,21,2,3804269,24,86.11,127.98,103.44500000000001,12.437209628101204,43000.0,11742,86,0.982956,65,2,13480.712850000002,56821.952938,405.1428,,95.59,88.73,92.01,107.68,119.23,125.36,116.57,101.54,95.57,94.04,94.14,92.64,102.69,98.31,110.63,127.98,112.57,96.34,97.19,86.11,86.15,101.03,120.24,120.34,931,3600,3600,3600,3600,3600,3600,3600,3600,3600,3600,3600,3600,3600,3600,3600,3600,3600,3600,3600,3600,3600,3600,3600
4557,3808602,15,10,3808602,24,86.11,127.98,103.445,12.437209628101204,16000.0,12598,32,0.526192,62,2,6072.25128888889,24285.20379377778,433.7332,,88.73,92.01,107.68,119.23,125.36,116.57,101.54,95.57,94.04,94.14,92.64,102.69,98.31,110.63,127.98,112.57,96.34,97.19,86.11,86.15,101.03,120.24,120.34,95.59,198,3600,3600,3600,3600,3600,3600,3600,3600,3600,3600,3600,3600,3600,3600,3600,3600,3600,3600,3600,3600,3600,3600,3600
4545,3830202,12,10,3830202,24,86.11,127.98,103.44500000000001,12.437209628101206,64000.0,26577,128,0.708434,40,1,47073.1616,417958.631068,884.605975,,101.54,95.57,94.04,94.14,92.64,102.69,98.31,110.63,127.98,112.57,96.34,97.19,86.11,86.15,101.03,120.24,120.34,95.59,88.73,92.01,107.68,119.23,125.36,116.57,198,3600,3600,3600,3600,3600,3600,3600,3600,3600,3600,3600,3600,3600,3600,3600,3600,3600,3600,3600,3600,3600,3600,3600
4582,3851802,16,10,3851802,24,86.11,127.98,103.44499999999998,12.437209628101204,64000.0,14913,128,0.430588,48,1,29531.5952,135452.532108,510.910275,,98.31,110.63,127.98,112.57,96.34,97.19,86.11,86.15,101.03,120.24,120.34,95.59,88.73,92.01,107.68,119.23,125.36,116.57,101.54,95.57,94.04,94.14,92.64,102.69,198,3600,3600,3600,3600,3600,3600,3600,3600,3600,3600,3600,3600,3600,3600,3600,3600,3600,3600,3600,3600,3600,3600,3600
4782,3873402,30,1,3873402,24,86.11,127.98,103.44500000000001,12.437209628101206,64000.0,12567,128,0.970537,40,2,23334.670933333335,96670.457824,432.6978,,86.11,86.15,101.03,120.24,120.34,95.59,88.73,92.01,107.68,119.23,125.36,116.57,101.54,95.57,94.04,94.14,92.64,102.69,98.31,110.63,127.98,112.57,96.34,97.19,198,3600,3600,3600,3600,3600,3600,3600,3600,3600,3600,3600,3600,3600,3600,3600,3600,3600,3600,3600,3600,3600,3600,3600
4671,3878379,21,10,3878379,24,86.11,127.98,103.44500000000004,12.437209628101206,128000.0,11773,256,0.559296,42,2,46805.02435555556,170024.38928355556,406.1782,,101.03,120.24,120.34,95.59,88.73,92.01,107.68,119.23,125.36,116.57,101.54,95.57,94.04,94.14,92.64,102.69,98.31,110.63,127.98,112.57,96.34,97.19,86.11,86.15,2421,3600,3600,3600,3600,3600,3600,3600,3600,3600,3600,3600,3600,3600,3600,3600,3600,3600,3600,3600,3600,3600,3600,3600
4739,3899979,24,10,3899979,24,86.11,127.98,103.44500000000001,12.437209628101204,64000.0,8667,128,0.649411,36,1,18162.2016,46590.48698400001,302.37855,,107.68,119.23,125.36,116.57,101.54,95.57,94.04,94.14,92.64,102.69,98.31,110.63,127.98,112.57,96.34,97.19,86.11,86.15,101.03,120.24,120.34,95.59,88.73,92.01,2421,3600,3600,3600,3600,3600,3600,3600,3600,3600,3600,3600,3600,3600,3600,3600,3600,3600,3600,3600,3600,3600,3600,3600
4340,3921579,0,7,3921579,24,86.11,127.98,103.44500000000001,12.437209628101204,128000.0,10898,256,0.563984,43,1,36665.3856,146063.50128355555,376.9532,,94.04,94.14,92.64,102.69,98.31,110.63,127.98,112.57,96.34,97.19,86.11,86.15,101.03,120.24,120.34,95.59,88.73,92.01,107.68,119.23,125.36,116.57,101.54,95.57,2421,3600,3600,3600,3600,3600,3600,3600,3600,3600,3600,3600,3600,3600,3600,3600,3600,3600,3600,3600,3600,3600,3600,3600
4941,3930246,44,10,3930246,24,86.11,127.98,103.445,12.437209628101206,6500.0,26913,13,0.588862,54,1,5124.693979166666,43487.328967288195,894.9314416666666,,92.64,102.69,98.31,110.63,127.98,112.57,96.34,97.19,86.11,86.15,101.03,120.24,120.34,95.59,88.73,92.01,107.68,119.23,125.36,116.57,101.54,95.57,94.04,94.14,954,3600,3600,3600,3600,3600,3600,3600,3600,3600,3600,3600,3600,3600,3600,3600,3600,3600,3600,3600,3600,3600,3600,3600
4924,3951846,37,10,3951846,24,86.11,127.98,103.44500000000001,12.437209628101206,32000.0,12674,64,0.712047,59,1,10265.564088888888,49149.38896355556,436.27160000000003,,96.34,97.19,86.11,86.15,101.03,120.24,120.34,95.59,88.73,92.01,107.68,119.23,125.36,116.57,101.54,95.57,94.04,94.14,92.64,102.69,98.31,110.63,127.98,112.57,954,3600,3600,3600,3600,3600,3600,3600,3600,3600,3600,3600,3600,3600,3600,3600,3600,3600,3600,3600,3600,3600,3600,3600
4904,3973446,31,10,3973446,24,86.11,127.98,103.44500000000001,12.437209628101204,64000.0,9558,128,0.796486,47,2,16134.016000000001,56441.08598399999,332.1627,,120.34,95.59,88.73,92.01,107.68,119.23,125.36,116.57,101.54,95.57,94.04,94.14,92.64,102.69,98.31,110.63,127.98,112.57,96.34,97.19,86.11,86.15,101.03,120.24,954,3600,3600,3600,3600,3600,3600,3600,3600,3600,3600,3600,3600,3600,3600,3600,3600,3600,3600,3600,3600,3600,3600,3600
4467,3995046,4,10,3995046,24,86.11,127.98,103.445,12.437209628101204,128000.0,12820,256,0.701328,44,1,47967.57617777777,203398.86593580243,446.2241111111111,,125.36,116.57,101.54,95.57,94.04,94.14,92.64,102.69,98.31,110.63,127.98,112.57,96.34,97.19,86.11,86.15,101.03,120.24,120.34,95.59,88.73,92.01,107.68,119.23,954,3600,3600,3600,3600,3600,3600,3600,3600,3600,3600,3600,3600,3600,3600,3600,3600,3600,3600,3600,3600,3600,3600,3600
5046,4016646,43,10,4016646,24,86.11,127.98,103.445,12.437209628101206,20500.0,18562,41,0.783989,66,1,11571.675544444442,66733.64546829785,631.3478722222222,,92.64,102.69,98.31,110.63,127.98,112.57,96.34,97.19,86.11,86.15,101.03,120.24,120.34,95.59,88.73,92.01,107.68,119.23,125.36,116.57,101.54,95.57,94.04,94.14,954,3600,3600,3600,3600,3600,3600,3600,3600,3600,3600,3600,3600,3600,3600,3600,3600,3600,3600,3600,3600,3600,3600,3600
5148,4038246,63,10,4038246,24,86.11,127.98,103.44500000000001,12.437209628101206,16000.0,61186,32,0.699365,82,1,27867.790399999998,502883.1820637531,1849.2582611111109,,96.34,97.19,86.11,86.15,101.03,120.24,120.34,95.59,88.73,92.01,107.68,119.23,125.36,116.57,101.54,95.57,94.04,94.14,92.64,102.69,98.31,110.63,127.98,112.57,954,3600,3600,3600,3600,3600,3600,3600,3600,3600,3600,3600,3600,3600,3600,3600,3600,3600,3600,3600,3600,3600,3600,3600
5076,4059846,44,10,4059846,24,86.11,127.98,103.44500000000001,12.437209628101204,64000.0,6102,128,0.451906,64,1,10600.576000000001,23334.612096000004,215.10520000000002,,120.34,95.59,88.73,92.01,107.68,119.23,125.36,116.57,101.54,95.57,94.04,94.14,92.64,102.69,98.31,110.63,127.98,112.57,96.34,97.19,86.11,86.15,101.03,120.24,954,3600,3600,3600,3600,3600,3600,3600,3600,3600,3600,3600,3600,3600,3600,3600,3600,3600,3600,3600,3600,3600,3600,3600
4631,4081446,13,10,4081446,24,86.11,127.98,103.445,12.437209628101204,16000.0,22116,32,0.576284,66,2,9863.1872,74232.93065422223,755.2183666666667,,125.36,116.57,101.54,95.57,94.04,94.14,92.64,102.69,98.31,110.63,127.98,112.57,96.34,97.19,86.11,86.15,101.03,120.24,120.34,95.59,88.73,92.01,107.68,119.23,954,3600,3600,3600,3600,3600,3600,3600,3600,3600,3600,3600,3600,3600,3600,3600,3600,3600,3600,3600,3600,3600,3600,3600
5111,4103046,42,10,4103046,24,86.11,127.98,103.445,12.437209628101206,128000.0,13362,256,0.658984,66,2,50348.032,218186.99340799998,459.25079999999997,,92.64,102.69,98.31,110.63,127.98,112.57,96.34,97.19,86.11,86.15,101.03,120.24,120.34,95.59,88.73,92.01,107.68,119.23,125.36,116.57,101.54,95.57,94.04,94.14,954,3600,3600,3600,3600,3600,3600,3600,3600,3600,3600,3600,3600,3600,3600,3600,3600,3600,3600,3600,3600,3600,3600,3600
4953,4125162,32,10,4125162,24,86.11,127.98,103.44500000000001,12.437209628101206,64000.0,16639,128,0.653277,59,1,28310.70506666667,168038.9429769383,568.0744361111111,,96.34,97.19,86.11,86.15,101.03,120.24,120.34,95.59,88.73,92.01,107.68,119.23,125.36,116.57,101.54,95.57,94.04,94.14,92.64,102.69,98.31,110.63,127.98,112.57,438,3600,3600,3600,3600,3600,3600,3600,3600,3600,3600,3600,3600,3600,3600,3600,3600,3600,3600,3600,3600,3600,3600,3600
4905,4146762,27,10,4146762,24,86.11,127.98,103.44500000000001,12.437209628101204,128000.0,6946,256,0.718375,57,1,23283.90257777778,60382.696906271616,244.49515555555558,,120.34,95.59,88.73,92.01,107.68,119.23,125.36,116.57,101.54,95.57,94.04,94.14,92.64,102.69,98.31,110.63,127.98,112.57,96.34,97.19,86.11,86.15,101.03,120.24,438,3600,3600,3600,3600,3600,3600,3600,3600,3600,3600,3600,3600,3600,3600,3600,3600,3600,3600,3600,3600,3600,3600,3600
5105,4168362,37,11,4168362,24,86.11,127.98,103.445,12.437209628101204,108000.0,38791,216,0.687052,54,1,121277.4267,1472785.5873157496,1265.5732749999997,,125.36,116.57,101.54,95.57,94.04,94.14,92.64,102.69,98.31,110.63,127.98,112.57,96.34,97.19,86.11,86.15,101.03,120.24,120.34,95.59,88.73,92.01,107.68,119.23,438,3600,3600,3600,3600,3600,3600,3600,3600,3600,3600,3600,3600,3600,3600,3600,3600,3600,3600,3600,3600,3600,3600,3600
4998,4211562,21,10,4211562,24,86.11,127.98,103.44500000000001,12.437209628101206,67500.0,14632,135,0.525391,31,1,25408.363875,137614.97814333337,501.6037111111112,,96.34,97.19,86.11,86.15,101.03,120.24,120.34,95.59,88.73,92.01,107.68,119.23,125.36,116.57,101.54,95.57,94.04,94.14,92.64,102.69,98.31,110.63,127.98,112.57,438,3600,3600,3600,3600,3600,3600,3600,3600,3600,3600,3600,3600,3600,3600,3600,3600,3600,3600,3600,3600,3600,3600,3600
4866,4250353,16,10,4250353,24,86.11,127.98,103.445,12.437209628101204,17000.0,31092,34,0.82701,29,1,15170.581644444443,151514.9897501111,1031.9544333333333,,119.23,125.36,116.57,101.54,95.57,94.04,94.14,92.64,102.69,98.31,110.63,127.98,112.57,96.34,97.19,86.11,86.15,101.03,120.24,120.34,95.59,88.73,92.01,107.68,1247,3600,3600,3600,3600,3600,3600,3600,3600,3600,3600,3600,3600,3600,3600,3600,3600,3600,3600,3600,3600,3600,3600,3600
4431,4271953,2,10,4271953,24,86.11,127.98,103.44500000000001,12.437209628101204,25000.0,40369,50,0.472826,28,1,28270.862777777777,360632.8536763696,1286.4111305555555,,94.14,92.64,102.69,98.31,110.63,127.98,112.57,96.34,97.19,86.11,86.15,101.03,120.24,120.34,95.59,88.73,92.01,107.68,119.23,125.36,116.57,101.54,95.57,94.04,1247,3600,3600,3600,3600,3600,3600,3600,3600,3600,3600,3600,3600,3600,3600,3600,3600,3600,3600,3600,3600,3600,3600,3600
4620,4293553,7,2,4293553,24,86.11,127.98,103.44500000000001,12.437209628101206,32000.0,21615,64,0.734266,25,2,18716.93431111111,140293.6545388889,730.1890416666666,,112.57,96.34,97.19,86.11,86.15,101.03,120.24,120.34,95.59,88.73,92.01,107.68,119.23,125.36,116.57,101.54,95.57,94.04,94.14,92.64,102.69,98.31,110.63,127.98,1247,3600,3600,3600,3600,3600,3600,3600,3600,3600,3600,3600,3600,3600,3600,3600,3600,3600,3600,3600,3600,3600,3600,3600
4992,4298400,15,7,4298400,24,86.11,127.98,103.44500000000001,12.437209628101204,128000.0,9369,256,0.688654,24,3,30106.288,108545.436432,325.84485,,97.19,86.11,86.15,101.03,120.24,120.34,95.59,88.73,92.01,107.68,119.23,125.36,116.57,101.54,95.57,94.04,94.14,92.64,102.69,98.31,110.63,127.98,112.57,96.34,3600,3600,3600,3600,3600,3600,3600,3600,3600,3600,3600,3600,3600,3600,3600,3600,3600,3600,3600,3600,3600,3600,3600,3600
5044,4333922,14,10,4333922,24,86.11,127.98,103.44500000000001,12.437209628101204,128000.0,17425,256,0.536968,21,1,69710.50062222223,368081.87080246914,594.1063194444445,,107.68,119.23,125.36,116.57,101.54,95.57,94.04,94.14,92.64,102.69,98.31,110.63,127.98,112.57,96.34,97.19,86.11,86.15,101.03,120.24,120.34,95.59,88.73,92.01,478,3600,3600,3600,3600,3600,3600,3600,3600,3600,3600,3600,3600,3600,3600,3600,3600,3600,3600,3600,3600,3600,3600,3600
5178,4355522,15,10,4355522,24,86.11,127.98,103.44500000000001,12.437209628101204,64000.0,22086,128,0.475334,19,1,40904.10097777778,292484.191248,744.91695,,94.04,94.14,92.64,102.69,98.31,110.63,127.98,112.57,96.34,97.19,86.11,86.15,101.03,120.24,120.34,95.59,88.73,92.01,107.68,119.23,125.36,116.57,101.54,95.57,478,3600,3600,3600,3600,3600,3600,3600,3600,3600,3600,3600,3600,3600,3600,3600,3600,3600,3600,3600,3600,3600,3600,3600
4804,4377122,10,10,4377122,24,86.11,127.98,103.445,12.437209628101206,64000.0,22609,128,0.317598,18,1,39303.5712,311020.2485045432,773.8019805555556,,127.98,112.57,96.34,97.19,86.11,86.15,101.03,120.24,120.34,95.59,88.73,92.01,107.68,119.23,125.36,116.57,101.54,95.57,94.04,94.14,92.64,102.69,98.31,110.63,478,3600,3600,3600,3600,3600,3600,3600,3600,3600,3600,3600,3600,3600,3600,3600,3600,3600,3600,3600,3600,3600,3600,3600
5113,4398722,11,2,4398722,24,86.11,127.98,103.44500000000004,12.437209628101206,2000.0,47166,4,0.57756,16,2,2763.0514777777776,38699.3060195,1476.88485,,101.03,120.24,120.34,95.59,88.73,92.01,107.68,119.23,125.36,116.57,101.54,95.57,94.04,94.14,92.64,102.69,98.31,110.63,127.98,112.57,96.34,97.19,86.11,86.15,478,3600,3600,3600,3600,3600,3600,3600,3600,3600,3600,3600,3600,3600,3600,3600,3600,3600,3600,3600,3600,3600,3600,3600
4779,4402800,7,0,4402800,24,86.11,127.98,103.44500000000001,12.437209628101204,8000.0,40203,16,0.227428,15,2,9379.427599999999,116198.99445299999,1300.6379499999998,,120.34,95.59,88.73,92.01,107.68,119.23,125.36,116.57,101.54,95.57,94.04,94.14,92.64,102.69,98.31,110.63,127.98,112.57,96.34,97.19,86.11,86.15,101.03,120.24,3600,3600,3600,3600,3600,3600,3600,3600,3600,3600,3600,3600,3600,3600,3600,3600,3600,3600,3600,3600,3600,3600,3600,3600
5144,4402800,10,0,4402800,24,86.11,127.98,103.44500000000001,12.437209628101204,64000.0,25226,128,0.178983,14,3,47986.041244444445,381584.39890034567,850.8730055555556,,120.34,95.59,88.73,92.01,107.68,119.23,125.36,116.57,101.54,95.57,94.04,94.14,92.64,102.69,98.31,110.63,127.98,112.57,96.34,97.19,86.11,86.15,101.03,120.24,3600,3600,3600,3600,3600,3600,3600,3600,3600,3600,3600,3600,3600,3600,3600,3600,3600,3600,3600,3600,3600,3600,3600,3600
4540,4421331,3,0,4421331,24,86.11,127.98,103.445,12.437209628101204,32000.0,33704,64,0.0607,13,3,31177.739733333332,332891.88810587657,1111.154088888889,,119.23,125.36,116.57,101.54,95.57,94.04,94.14,92.64,102.69,98.31,110.63,127.98,112.57,96.34,97.19,86.11,86.15,101.03,120.24,120.34,95.59,88.73,92.01,107.68,3069,3600,3600,3600,3600,3600,3600,3600,3600,3600,3600,3600,3600,3600,3600,3600,3600,3600,3600,3600,3600,3600,3600,3600
4743,4421331,5,0,4421331,24,86.11,127.98,103.445,12.437209628101204,64000.0,22841,128,0.099604,12,4,43587.928,313709.16406009876,772.5642694444444,,119.23,125.36,116.57,101.54,95.57,94.04,94.14,92.64,102.69,98.31,110.63,127.98,112.57,96.34,97.19,86.11,86.15,101.03,120.24,120.34,95.59,88.73,92.01,107.68,3069,3600,3600,3600,3600,3600,3600,3600,3600,3600,3600,3600,3600,3600,3600,3600,3600,3600,3600,3600,3600,3600,3600,3600
4392,4446557,0,0,4446557,24,86.11,127.98,103.445,12.437209628101206,128000.0,17642,256,0.019395,11,3,67089.81155555556,377173.87806143216,601.2932388888889,,92.64,102.69,98.31,110.63,127.98,112.57,96.34,97.19,86.11,86.15,101.03,120.24,120.34,95.59,88.73,92.01,107.68,119.23,125.36,116.57,101.54,95.57,94.04,94.14,3043,3600,3600,3600,3600,3600,3600,3600,3600,3600,3600,3600,3600,3600,3600,3600,3600,3600,3600,3600,3600,3600,3600,3600
4922,4469398,6,10,4469398,24,86.11,127.98,103.44500000000001,12.437209628101206,2000.0,43987,4,0.868819,10,1,2505.0779333333335,33903.020775060184,1387.3516583333333,,96.34,97.19,86.11,86.15,101.03,120.24,120.34,95.59,88.73,92.01,107.68,119.23,125.36,116.57,101.54,95.57,94.04,94.14,92.64,102.69,98.31,110.63,127.98,112.57,1802,3600,3600,3600,3600,3600,3600,3600,3600,3600,3600,3600,3600,3600,3600,3600,3600,3600,3600,3600,3600,3600,3600,3600
4548,4490998,2,0,4490998,24,86.11,127.98,103.44500000000001,12.437209628101204,64000.0,28250,128,0.040653,9,1,53798.87288888889,474816.86234567896,945.4318055555555,,120.34,95.59,88.73,92.01,107.68,119.23,125.36,116.57,101.54,95.57,94.04,94.14,92.64,102.69,98.31,110.63,127.98,112.57,96.34,97.19,86.11,86.15,101.03,120.24,1802,3600,3600,3600,3600,3600,3600,3600,3600,3600,3600,3600,3600,3600,3600,3600,3600,3600,3600,3600,3600,3600,3600,3600
5275,4490998,7,0,4490998,24,86.11,127.98,103.44500000000001,12.437209628101204,128000.0,10481,256,0.134277,8,2,36141.77671111111,135280.93667891357,363.0165388888889,,120.34,95.59,88.73,92.01,107.68,119.23,125.36,116.57,101.54,95.57,94.04,94.14,92.64,102.69,98.31,110.63,127.98,112.57,96.34,97.19,86.11,86.15,101.03,120.24,1802,3600,3600,3600,3600,3600,3600,3600,3600,3600,3600,3600,3600,3600,3600,3600,3600,3600,3600,3600,3600,3600,3600,3600
4733,4534985,1,0,4534985,24,86.11,127.98,103.445,12.437209628101206,4000.0,74203,8,0.27131,5,1,8655.789733333333,180261.39187214812,2186.3705333333332,,92.64,102.69,98.31,110.63,127.98,112.57,96.34,97.19,86.11,86.15,101.03,120.24,120.34,95.59,88.73,92.01,107.68,119.23,125.36,116.57,101.54,95.57,94.04,94.14,1015,3600,3600,3600,3600,3600,3600,3600,3600,3600,3600,3600,3600,3600,3600,3600,3600,3600,3600,3600,3600,3600,3600,3600
4412,4545466,0,0,4545466,24,86.11,127.98,103.44499999999998,12.437209628101204,64000.0,17606,128,0.056038,4,1,33270.512711111114,187828.92675693825,600.1009388888889,,110.63,127.98,112.57,96.34,97.19,86.11,86.15,101.03,120.24,120.34,95.59,88.73,92.01,107.68,119.23,125.36,116.57,101.54,95.57,94.04,94.14,92.64,102.69,98.31,1334,3600,3600,3600,3600,3600,3600,3600,3600,3600,3600,3600,3600,3600,3600,3600,3600,3600,3600,3600,3600,3600,3600,3600
5248,4545466,2,0,4545466,24,86.11,127.98,103.44499999999998,12.437209628101204,4000.0,90689,8,0.404197,3,2,10514.899244444445,262976.98933620675,2609.7904972222223,,110.63,127.98,112.57,96.34,97.19,86.11,86.15,101.03,120.24,120.34,95.59,88.73,92.01,107.68,119.23,125.36,116.57,101.54,95.57,94.04,94.14,92.64,102.69,98.31,1334,3600,3600,3600,3600,3600,3600,3600,3600,3600,3600,3600,3600,3600,3600,3600,3600,3600,3600,3600,3600,3600,3600,3600
5224,4545466,1,0,4545466,24,86.11,127.98,103.44499999999998,12.437209628101204,4000.0,63821,8,0.090533,2,3,7479.283344444444,137108.800773571,1933.5002694444445,,110.63,127.98,112.57,96.34,97.19,86.11,86.15,101.03,120.24,120.34,95.59,88.73,92.01,107.68,119.23,125.36,116.57,101.54,95.57,94.04,94.14,92.64,102.69,98.31,1334,3600,3600,3600,3600,3600,3600,3600,3600,3600,3600,3600,3600,3600,3600,3600,3600,3600,3600,3600,3600,3600,3600,3600
4857,4545466,0,2,4545466,24,86.11,127.98,103.44499999999998,12.437209628101204,500.0,48779,1,0.312897,1,4,697.158301388889,10369.149799487268,1530.5331916666667,,110.63,127.98,112.57,96.34,97.19,86.11,86.15,101.03,120.24,120.34,95.59,88.73,92.01,107.68,119.23,125.36,116.57,101.54,95.57,94.04,94.14,92.64,102.69,98.31,1334,3600,3600,3600,3600,3600,3600,3600,3600,3600,3600,3600,3600,3600,3600,3600,3600,3600,3600,3600,3600,3600,3600,3600
2848,2389034,0,11,2389034,24,123.56,173.8,136.72916666666666,11.017545445283579,8000.0,92,16,0.573884,1,0,26.92328888888889,0.9080513580246916,4.441555555555556,,131.69,131.81,127.99,132.1,123.75,125.41,133.24,133.66,132.95,142.69,152.37,136.93,127.48,123.56,173.8,158.14,132.41,137.38,134.01,135.53,138.89,140.84,135.08,139.79,1366,3600,3600,3600,3600,3600,3600,3600,3600,3600,3600,3600,3600,3600,3600,3600,3600,3600,3600,3600,3600,3600,3600,3600
2867,2432234,0,0,2432234,24,123.56,173.8,136.72916666666663,11.017545445283579,64000.0,29622,128,0.199458,2,1,74310.64035555556,639922.4510524445,1215.1656833333334,,127.48,123.56,173.8,158.14,132.41,137.38,134.01,135.53,138.89,140.84,135.08,139.79,131.69,131.81,127.99,132.1,123.75,125.41,133.24,133.66,132.95,142.69,152.37,136.93,1366,3600,3600,3600,3600,3600,3600,3600,3600,3600,3600,3600,3600,3600,3600,3600,3600,3600,3600,3600,3600,3600,3600,3600
2899,2432234,0,0,2432234,24,123.56,173.8,136.72916666666663,11.017545445283579,2000.0,9291,4,0.219412,1,2,755.1584333333333,2170.1792629583338,420.44157500000006,,127.48,123.56,173.8,158.14,132.41,137.38,134.01,135.53,138.89,140.84,135.08,139.79,131.69,131.81,127.99,132.1,123.75,125.41,133.24,133.66,132.95,142.69,152.37,136.93,1366,3600,3600,3600,3600,3600,3600,3600,3600,3600,3600,3600,3600,3600,3600,3600,3600,3600,3600,3600,3600,3600,3600,3600
2900,2433622,0,10,2433622,24,123.56,173.8,136.7291666666666,11.017545445283577,8000.0,16897,16,0.846505,1,2,5466.262,27211.236283679013,724.6881888888889,,123.56,173.8,158.14,132.41,137.38,134.01,135.53,138.89,140.84,135.08,139.79,131.69,131.81,127.99,132.1,123.75,125.41,133.24,133.66,132.95,142.69,152.37,136.93,127.48,3578,3600,3600,3600,3600,3600,3600,3600,3600,3600,3600,3600,3600,3600,3600,3600,3600,3600,3600,3600,3600,3600,3600,3600
2907,2455222,2,8,2455222,24,123.56,173.8,136.72916666666666,11.017545445283577,64000.0,9906,128,0.80621,3,2,24340.299733333333,78626.59882133333,446.47145,,135.53,138.89,140.84,135.08,139.79,131.69,131.81,127.99,132.1,123.75,125.41,133.24,133.66,132.95,142.69,152.37,136.93,127.48,123.56,173.8,158.14,132.41,137.38,134.01,3578,3600,3600,3600,3600,3600,3600,3600,3600,3600,3600,3600,3600,3600,3600,3600,3600,3600,3600,3600,3600,3600,3600,3600
2927,2461856,8,0,2461856,24,123.56,173.8,136.72916666666669,11.017545445283577,32000.0,10389,64,0.201464,16,2,12787.668533333333,43117.99076733333,466.914425,,138.89,140.84,135.08,139.79,131.69,131.81,127.99,132.1,123.75,125.41,133.24,133.66,132.95,142.69,152.37,136.93,127.48,123.56,173.8,158.14,132.41,137.38,134.01,135.53,544,3600,3600,3600,3600,3600,3600,3600,3600,3600,3600,3600,3600,3600,3600,3600,3600,3600,3600,3600,3600,3600,3600,3600
2923,2461856,5,0,2461856,24,123.56,173.8,136.72916666666669,11.017545445283577,16000.0,9012,32,0.218809,15,3,5538.319466666666,16367.109754666668,408.6329,,138.89,140.84,135.08,139.79,131.69,131.81,127.99,132.1,123.75,125.41,133.24,133.66,132.95,142.69,152.37,136.93,127.48,123.56,173.8,158.14,132.41,137.38,134.01,135.53,544,3600,3600,3600,3600,3600,3600,3600,3600,3600,3600,3600,3600,3600,3600,3600,3600,3600,3600,3600,3600,3600,3600,3600
2948,2461856,13,10,2461856,24,123.56,173.8,136.72916666666669,11.017545445283577,500.0,1054,1,0.791843,14,4,20.470077777777774,7.448966080246915,50.884777777777785,,138.89,140.84,135.08,139.79,131.69,131.81,127.99,132.1,123.75,125.41,133.24,133.66,132.95,142.69,152.37,136.93,127.48,123.56,173.8,158.14,132.41,137.38,134.01,135.53,544,3600,3600,3600,3600,3600,3600,3600,3600,3600,3600,3600,3600,3600,3600,3600,3600,3600,3600,3600,3600,3600,3600,3600
2926,2483456,4,7,2483456,24,123.56,173.8,136.72916666666666,11.017545445283579,49000.0,13360,98,0.917896,21,1,23285.540444444443,106520.55579753086,585.7784444444444,,127.99,132.1,123.75,125.41,133.24,133.66,132.95,142.69,152.37,136.93,127.48,123.56,173.8,158.14,132.41,137.38,134.01,135.53,138.89,140.84,135.08,139.79,131.69,131.81,544,3600,3600,3600,3600,3600,3600,3600,3600,3600,3600,3600,3600,3600,3600,3600,3600,3600,3600,3600,3600,3600,3600,3600
2916,2485656,1,10,2485656,24,123.56,173.8,136.72916666666666,11.017545445283577,8000.0,13261,16,0.988006,21,1,3783.432488888889,17146.60470956173,581.8544694444445,,132.1,123.75,125.41,133.24,133.66,132.95,142.69,152.37,136.93,127.48,123.56,173.8,158.14,132.41,137.38,134.01,135.53,138.89,140.84,135.08,139.79,131.69,131.81,127.99,1944,3600,3600,3600,3600,3600,3600,3600,3600,3600,3600,3600,3600,3600,3600,3600,3600,3600,3600,3600,3600,3600,3600,3600
3035,2507256,12,7,2507256,24,123.56,173.8,136.72916666666663,11.017545445283577,500.0,14215,1,0.57177,19,1,272.16029444444445,1223.412631375386,619.6673194444445,,142.69,152.37,136.93,127.48,123.56,173.8,158.14,132.41,137.38,134.01,135.53,138.89,140.84,135.08,139.79,131.69,131.81,127.99,132.1,123.75,125.41,133.24,133.66,132.95,1944,3600,3600,3600,3600,3600,3600,3600,3600,3600,3600,3600,3600,3600,3600,3600,3600,3600,3600,3600,3600,3600,3600,3600
3042,2509456,15,2,2509456,24,123.56,173.8,136.7291666666666,11.017545445283577,500.0,29407,1,0.600216,18,2,581.6799874999998,4991.241101837193,1222.0537944444447,,152.37,136.93,127.48,123.56,173.8,158.14,132.41,137.38,134.01,135.53,138.89,140.84,135.08,139.79,131.69,131.81,127.99,132.1,123.75,125.41,133.24,133.66,132.95,142.69,3344,3600,3600,3600,3600,3600,3600,3600,3600,3600,3600,3600,3600,3600,3600,3600,3600,3600,3600,3600,3600,3600,3600,3600
3034,2516400,11,0,2516400,24,123.56,173.8,136.72916666666663,11.017545445283579,75000.0,14005,150,0.049635,17,3,42422.13958333333,178372.27133825235,611.3437361111112,,127.48,123.56,173.8,158.14,132.41,137.38,134.01,135.53,138.89,140.84,135.08,139.79,131.69,131.81,127.99,132.1,123.75,125.41,133.24,133.66,132.95,142.69,152.37,136.93,3600,3600,3600,3600,3600,3600,3600,3600,3600,3600,3600,3600,3600,3600,3600,3600,3600,3600,3600,3600,3600,3600,3600,3600
3048,2516400,15,10,2516400,24,123.56,173.8,136.72916666666663,11.017545445283579,64000.0,12631,128,0.843769,16,4,32337.39271111111,125048.85796093826,556.8837194444444,,127.48,123.56,173.8,158.14,132.41,137.38,134.01,135.53,138.89,140.84,135.08,139.79,131.69,131.81,127.99,132.1,123.75,125.41,133.24,133.66,132.95,142.69,152.37,136.93,3600,3600,3600,3600,3600,3600,3600,3600,3600,3600,3600,3600,3600,3600,3600,3600,3600,3600,3600,3600,3600,3600,3600,3600
3033,2538000,8,0,2538000,24,123.56,173.8,136.72916666666666,11.017545445283577,128000.0,11942,256,0.237548,20,2,57997.76995555555,224859.66041639503,529.5744388888888,,134.01,135.53,138.89,140.84,135.08,139.79,131.69,131.81,127.99,132.1,123.75,125.41,133.24,133.66,132.95,142.69,152.37,136.93,127.48,123.56,173.8,158.14,132.41,137.38,3600,3600,3600,3600,3600,3600,3600,3600,3600,3600,3600,3600,3600,3600,3600,3600,3600,3600,3600,3600,3600,3600,3600,3600
3129,2550631,21,10,2550631,24,123.56,173.8,136.72916666666666,11.017545445283577,32000.0,8730,64,0.608962,31,1,10713.494666666666,30783.706599999994,396.69724999999994,,140.84,135.08,139.79,131.69,131.81,127.99,132.1,123.75,125.41,133.24,133.66,132.95,142.69,152.37,136.93,127.48,123.56,173.8,158.14,132.41,137.38,134.01,135.53,138.89,1769,3600,3600,3600,3600,3600,3600,3600,3600,3600,3600,3600,3600,3600,3600,3600,3600,3600,3600,3600,3600,3600,3600,3600
3021,2572231,5,10,2572231,24,123.56,173.8,136.72916666666666,11.017545445283577,128000.0,15733,256,0.942442,47,1,72292.44942222223,379913.4480470124,679.1499222222222,,132.1,123.75,125.41,133.24,133.66,132.95,142.69,152.37,136.93,127.48,123.56,173.8,158.14,132.41,137.38,134.01,135.53,138.89,140.84,135.08,139.79,131.69,131.81,127.99,1769,3600,3600,3600,3600,3600,3600,3600,3600,3600,3600,3600,3600,3600,3600,3600,3600,3600,3600,3600,3600,3600,3600,3600
3238,2593831,29,6,2593831,24,123.56,173.8,136.72916666666663,11.017545445283577,64000.0,6299,128,0.861492,34,1,16503.031288888888,32739.242558716047,292.3610722222222,,142.69,152.37,136.93,127.48,123.56,173.8,158.14,132.41,137.38,134.01,135.53,138.89,140.84,135.08,139.79,131.69,131.81,127.99,132.1,123.75,125.41,133.24,133.66,132.95,1769,3600,3600,3600,3600,3600,3600,3600,3600,3600,3600,3600,3600,3600,3600,3600,3600,3600,3600,3600,3600,3600,3600,3600
3268,2609564,32,10,2609564,24,123.56,173.8,136.7291666666666,11.017545445283577,16000.0,11879,32,0.845419,33,1,8061.633333333332,27827.3422472716,527.0773638888888,,123.56,173.8,158.14,132.41,137.38,134.01,135.53,138.89,140.84,135.08,139.79,131.69,131.81,127.99,132.1,123.75,125.41,133.24,133.66,132.95,142.69,152.37,136.93,127.48,436,3600,3600,3600,3600,3600,3600,3600,3600,3600,3600,3600,3600,3600,3600,3600,3600,3600,3600,3600,3600,3600,3600,3600
3166,2631164,17,10,2631164,24,123.56,173.8,136.72916666666666,11.017545445283577,65000.0,9635,130,0.311123,40,1,24124.82222222222,75675.13503559027,435.001375,,135.53,138.89,140.84,135.08,139.79,131.69,131.81,127.99,132.1,123.75,125.41,133.24,133.66,132.95,142.69,152.37,136.93,127.48,123.56,173.8,158.14,132.41,137.38,134.01,436,3600,3600,3600,3600,3600,3600,3600,3600,3600,3600,3600,3600,3600,3600,3600,3600,3600,3600,3600,3600,3600,3600,3600
3263,2652764,24,10,2652764,24,123.56,173.8,136.72916666666666,11.017545445283577,43500.0,13775,87,0.534635,31,1,21238.985562500002,100239.5011754919,602.2274305555555,,131.81,127.99,132.1,123.75,125.41,133.24,133.66,132.95,142.69,152.37,136.93,127.48,123.56,173.8,158.14,132.41,137.38,134.01,135.53,138.89,140.84,135.08,139.79,131.69,436,3600,3600,3600,3600,3600,3600,3600,3600,3600,3600,3600,3600,3600,3600,3600,3600,3600,3600,3600,3600,3600,3600,3600
3214,2674364,20,10,2674364,24,123.56,173.8,136.72916666666663,11.017545445283577,64000.0,12807,128,0.805086,27,1,32252.956266666664,128379.57080400002,563.859675,,133.66,132.95,142.69,152.37,136.93,127.48,123.56,173.8,158.14,132.41,137.38,134.01,135.53,138.89,140.84,135.08,139.79,131.69,131.81,127.99,132.1,123.75,125.41,133.24,436,3600,3600,3600,3600,3600,3600,3600,3600,3600,3600,3600,3600,3600,3600,3600,3600,3600,3600,3600,3600,3600,3600,3600
3096,2695964,10,10,2695964,24,123.56,173.8,136.7291666666666,11.017545445283577,128000.0,18642,256,0.98828,24,1,97082.85653333332,525468.5773191112,792.7692166666667,,123.56,173.8,158.14,132.41,137.38,134.01,135.53,138.89,140.84,135.08,139.79,131.69,131.81,127.99,132.1,123.75,125.41,133.24,133.66,132.95,142.69,152.37,136.93,127.48,436,3600,3600,3600,3600,3600,3600,3600,3600,3600,3600,3600,3600,3600,3600,3600,3600,3600,3600,3600,3600,3600,3600,3600
3182,2717564,12,10,2717564,24,123.56,173.8,136.72916666666666,11.017545445283577,128000.0,9770,256,0.63541,40,1,48155.72622222222,153094.6841777778,440.71525,,135.53,138.89,140.84,135.08,139.79,131.69,131.81,127.99,132.1,123.75,125.41,133.24,133.66,132.95,142.69,152.37,136.93,127.48,123.56,173.8,158.14,132.41,137.38,134.01,436,3600,3600,3600,3600,3600,3600,3600,3600,3600,3600,3600,3600,3600,3600,3600,3600,3600,3600,3600,3600,3600,3600,3600
2920,2739164,1,10,2739164,24,123.56,173.8,136.72916666666666,11.017545445283577,128000.0,6838,256,0.490436,48,1,31586.750577777777,76838.00290528395,316.03814444444447,,131.81,127.99,132.1,123.75,125.41,133.24,133.66,132.95,142.69,152.37,136.93,127.48,123.56,173.8,158.14,132.41,137.38,134.01,135.53,138.89,140.84,135.08,139.79,131.69,436,3600,3600,3600,3600,3600,3600,3600,3600,3600,3600,3600,3600,3600,3600,3600,3600,3600,3600,3600,3600,3600,3600,3600
3438,2760764,32,10,2760764,24,123.56,173.8,136.72916666666663,11.017545445283577,32000.0,11637,64,0.878476,42,1,14702.406133333332,53528.692361999994,517.485425,,133.66,132.95,142.69,152.37,136.93,127.48,123.56,173.8,158.14,132.41,137.38,134.01,135.53,138.89,140.84,135.08,139.79,131.69,131.81,127.99,132.1,123.75,125.41,133.24,436,3600,3600,3600,3600,3600,3600,3600,3600,3600,3600,3600,3600,3600,3600,3600,3600,3600,3600,3600,3600,3600,3600,3600
3076,2782364,6,10,2782364,24,123.56,173.8,136.7291666666666,11.017545445283577,2000.0,22606,4,0.866894,38,1,1816.4508111111109,11886.260406179012,946.4420388888889,,123.56,173.8,158.14,132.41,137.38,134.01,135.53,138.89,140.84,135.08,139.79,131.69,131.81,127.99,132.1,123.75,125.41,133.24,133.66,132.95,142.69,152.37,136.93,127.48,436,3600,3600,3600,3600,3600,3600,3600,3600,3600,3600,3600,3600,3600,3600,3600,3600,3600,3600,3600,3600,3600,3600,3600
3387,2803964,18,10,2803964,24,123.56,173.8,136.72916666666666,11.017545445283577,32000.0,25660,64,0.605634,40,1,30828.315377777777,242703.48169876542,1064.074111111111,,135.53,138.89,140.84,135.08,139.79,131.69,131.81,127.99,132.1,123.75,125.41,133.24,133.66,132.95,142.69,152.37,136.93,127.48,123.56,173.8,158.14,132.41,137.38,134.01,436,3600,3600,3600,3600,3600,3600,3600,3600,3600,3600,3600,3600,3600,3600,3600,3600,3600,3600,3600,3600,3600,3600,3600
3526,2825564,25,10,2825564,24,123.56,173.8,136.72916666666666,11.017545445283577,128000.0,10251,256,0.950355,41,2,46840.86791111111,168052.09661600002,461.073575,,131.81,127.99,132.1,123.75,125.41,133.24,133.66,132.95,142.69,152.37,136.93,127.48,123.56,173.8,158.14,132.41,137.38,134.01,135.53,138.89,140.84,135.08,139.79,131.69,436,3600,3600,3600,3600,3600,3600,3600,3600,3600,3600,3600,3600,3600,3600,3600,3600,3600,3600,3600,3600,3600,3600,3600
3304,2851224,11,10,2851224,24,123.56,173.8,136.72916666666663,11.017545445283577,128000.0,6656,256,0.569404,38,1,34828.76586666667,72900.84020780247,308.04328888888887,,142.69,152.37,136.93,127.48,123.56,173.8,158.14,132.41,137.38,134.01,135.53,138.89,140.84,135.08,139.79,131.69,131.81,127.99,132.1,123.75,125.41,133.24,133.66,132.95,3576,3600,3600,3600,3600,3600,3600,3600,3600,3600,3600,3600,3600,3600,3600,3600,3600,3600,3600,3600,3600,3600,3600,3600
3636,2872824,27,10,2872824,24,123.56,173.8,136.72916666666666,11.017545445283577,25500.0,12269,51,0.753594,38,1,12302.542787499999,47993.98781605208,552.255425,,158.14,132.41,137.38,134.01,135.53,138.89,140.84,135.08,139.79,131.69,131.81,127.99,132.1,123.75,125.41,133.24,133.66,132.95,142.69,152.37,136.93,127.48,123.56,173.8,3576,3600,3600,3600,3600,3600,3600,3600,3600,3600,3600,3600,3600,3600,3600,3600,3600,3600,3600,3600,3600,3600,3600,3600
3609,2894424,25,10,2894424,24,123.56,173.8,136.72916666666666,11.017545445283577,64000.0,36538,128,0.958326,48,1,85864.12017777779,962605.2732904694,1481.924205555556,,140.84,135.08,139.79,131.69,131.81,127.99,132.1,123.75,125.41,133.24,133.66,132.95,142.69,152.37,136.93,127.48,123.56,173.8,158.14,132.41,137.38,134.01,135.53,138.89,3576,3600,3600,3600,3600,3600,3600,3600,3600,3600,3600,3600,3600,3600,3600,3600,3600,3600,3600,3600,3600,3600,3600,3600
3649,2916024,26,10,2916024,24,123.56,173.8,136.72916666666666,11.017545445283577,128000.0,5922,256,0.664494,53,1,27118.47466666666,58072.511168,275.8003,,132.1,123.75,125.41,133.24,133.66,132.95,142.69,152.37,136.93,127.48,123.56,173.8,158.14,132.41,137.38,134.01,135.53,138.89,140.84,135.08,139.79,131.69,131.81,127.99,3576,3600,3600,3600,3600,3600,3600,3600,3600,3600,3600,3600,3600,3600,3600,3600,3600,3600,3600,3600,3600,3600,3600,3600
3751,2952562,30,10,2952562,24,123.56,173.8,136.7291666666666,11.017545445283577,128000.0,14287,256,0.646561,37,1,74976.672,316229.66163565434,622.5211194444445,,123.56,173.8,158.14,132.41,137.38,134.01,135.53,138.89,140.84,135.08,139.79,131.69,131.81,127.99,132.1,123.75,125.41,133.24,133.66,132.95,142.69,152.37,136.93,127.48,3038,3600,3600,3600,3600,3600,3600,3600,3600,3600,3600,3600,3600,3600,3600,3600,3600,3600,3600,3600,3600,3600,3600,3600
3701,2974162,21,10,2974162,24,123.56,173.8,136.72916666666666,11.017545445283577,128000.0,12983,256,0.537036,40,1,63628.89742222223,263507.87525343214,570.8356305555556,,135.53,138.89,140.84,135.08,139.79,131.69,131.81,127.99,132.1,123.75,125.41,133.24,133.66,132.95,142.69,152.37,136.93,127.48,123.56,173.8,158.14,132.41,137.38,134.01,3038,3600,3600,3600,3600,3600,3600,3600,3600,3600,3600,3600,3600,3600,3600,3600,3600,3600,3600,3600,3600,3600,3600,3600
3136,2995762,4,10,2995762,24,123.56,173.8,136.72916666666666,11.017545445283577,128000.0,4039,256,0.889574,35,1,18793.1296,27728.620987061728,193.08429444444445,,131.81,127.99,132.1,123.75,125.41,133.24,133.66,132.95,142.69,152.37,136.93,127.48,123.56,173.8,158.14,132.41,137.38,134.01,135.53,138.89,140.84,135.08,139.79,131.69,3038,3600,3600,3600,3600,3600,3600,3600,3600,3600,3600,3600,3600,3600,3600,3600,3600,3600,3600,3600,3600,3600,3600,3600
3184,3017362,6,0,3017362,24,123.56,173.8,136.72916666666663,11.017545445283577,128000.0,14942,256,0.030563,33,1,74597.8951111111,344372.18917293835,648.2042444444445,,133.66,132.95,142.69,152.37,136.93,127.48,123.56,173.8,158.14,132.41,137.38,134.01,135.53,138.89,140.84,135.08,139.79,131.69,131.81,127.99,132.1,123.75,125.41,133.24,3038,3600,3600,3600,3600,3600,3600,3600,3600,3600,3600,3600,3600,3600,3600,3600,3600,3600,3600,3600,3600,3600,3600,3600
3736,3021401,20,10,3021401,24,123.56,173.8,136.72916666666663,11.017545445283579,128000.0,26630,256,0.948212,32,1,135628.92053333332,1042561.3175506172,1101.0903888888888,,132.95,142.69,152.37,136.93,127.48,123.56,173.8,158.14,132.41,137.38,134.01,135.53,138.89,140.84,135.08,139.79,131.69,131.81,127.99,132.1,123.75,125.41,133.24,133.66,2599,3600,3600,3600,3600,3600,3600,3600,3600,3600,3600,3600,3600,3600,3600,3600,3600,3600,3600,3600,3600,3600,3600,3600
3590,3043001,16,10,3043001,24,123.56,173.8,136.72916666666663,11.017545445283577,128000.0,15977,256,0.970492,34,1,83119.35928888888,409361.21543713583,720.6161472222223,,173.8,158.14,132.41,137.38,134.01,135.53,138.89,140.84,135.08,139.79,131.69,131.81,127.99,132.1,123.75,125.41,133.24,133.66,132.95,142.69,152.37,136.93,127.48,123.56,2599,3600,3600,3600,3600,3600,3600,3600,3600,3600,3600,3600,3600,3600,3600,3600,3600,3600,3600,3600,3600,3600,3600,3600
3082,3069631,3,10,3069631,24,123.56,173.8,136.72916666666666,11.017545445283577,16000.0,31646,32,0.714306,45,1,18486.74417777778,182276.2513877531,1295.9665222222222,,140.84,135.08,139.79,131.69,131.81,127.99,132.1,123.75,125.41,133.24,133.66,132.95,142.69,152.37,136.93,127.48,123.56,173.8,158.14,132.41,137.38,134.01,135.53,138.89,1169,3600,3600,3600,3600,3600,3600,3600,3600,3600,3600,3600,3600,3600,3600,3600,3600,3600,3600,3600,3600,3600,3600,3600
3851,3091231,39,0,3091231,24,123.56,173.8,136.72916666666666,11.017545445283577,1000.0,14413,2,0.134306,45,1,516.0360944444445,2512.30035879321,627.5085888888889,,132.1,123.75,125.41,133.24,133.66,132.95,142.69,152.37,136.93,127.48,123.56,173.8,158.14,132.41,137.38,134.01,135.53,138.89,140.84,135.08,139.79,131.69,131.81,127.99,1169,3600,3600,3600,3600,3600,3600,3600,3600,3600,3600,3600,3600,3600,3600,3600,3600,3600,3600,3600,3600,3600,3600,3600
3769,3091231,23,10,3091231,24,123.56,173.8,136.72916666666666,11.017545445283577,64000.0,21759,128,0.534834,44,2,50852.05333333334,353468.40151155554,913.7643083333332,,132.1,123.75,125.41,133.24,133.66,132.95,142.69,152.37,136.93,127.48,123.56,173.8,158.14,132.41,137.38,134.01,135.53,138.89,140.84,135.08,139.79,131.69,131.81,127.99,1169,3600,3600,3600,3600,3600,3600,3600,3600,3600,3600,3600,3600,3600,3600,3600,3600,3600,3600,3600,3600,3600,3600,3600
3574,3112831,13,10,3112831,24,123.56,173.8,136.72916666666663,11.017545445283577,64000.0,10702,128,0.508333,27,2,26767.919111111114,91354.58363200001,480.16215,,142.69,152.37,136.93,127.48,123.56,173.8,158.14,132.41,137.38,134.01,135.53,138.89,140.84,135.08,139.79,131.69,131.81,127.99,132.1,123.75,125.41,133.24,133.66,132.95,1169,3600,3600,3600,3600,3600,3600,3600,3600,3600,3600,3600,3600,3600,3600,3600,3600,3600,3600,3600,3600,3600,3600,3600
3766,3134431,19,10,3134431,24,123.56,173.8,136.72916666666666,11.017545445283577,128000.0,13378,256,0.433025,25,2,65049.15306666666,285013.8782328889,599.19385,,158.14,132.41,137.38,134.01,135.53,138.89,140.84,135.08,139.79,131.69,131.81,127.99,132.1,123.75,125.41,133.24,133.66,132.95,142.69,152.37,136.93,127.48,123.56,173.8,1169,3600,3600,3600,3600,3600,3600,3600,3600,3600,3600,3600,3600,3600,3600,3600,3600,3600,3600,3600,3600,3600,3600,3600
3581,3156031,12,1,3156031,24,123.56,173.8,136.72916666666666,11.017545445283577,64000.0,24906,128,0.600546,22,1,58729.808177777784,459179.77525155555,1037.0538166666668,,140.84,135.08,139.79,131.69,131.81,127.99,132.1,123.75,125.41,133.24,133.66,132.95,142.69,152.37,136.93,127.48,123.56,173.8,158.14,132.41,137.38,134.01,135.53,138.89,1169,3600,3600,3600,3600,3600,3600,3600,3600,3600,3600,3600,3600,3600,3600,3600,3600,3600,3600,3600,3600,3600,3600,3600
3855,3169409,20,11,3169409,24,123.56,173.8,136.72916666666666,11.017545445283577,65000.0,11740,130,0.358742,21,1,27368.76386111111,110557.91622376545,521.5679444444445,,131.81,127.99,132.1,123.75,125.41,133.24,133.66,132.95,142.69,152.37,136.93,127.48,123.56,173.8,158.14,132.41,137.38,134.01,135.53,138.89,140.84,135.08,139.79,131.69,2191,3600,3600,3600,3600,3600,3600,3600,3600,3600,3600,3600,3600,3600,3600,3600,3600,3600,3600,3600,3600,3600,3600,3600
3840,3212609,15,10,3212609,24,123.56,173.8,136.7291666666666,11.017545445283577,128000.0,9327,256,0.58417,16,1,51754.06222222222,139934.93759733334,421.965275,,123.56,173.8,158.14,132.41,137.38,134.01,135.53,138.89,140.84,135.08,139.79,131.69,131.81,127.99,132.1,123.75,125.41,133.24,133.66,132.95,142.69,152.37,136.93,127.48,2191,3600,3600,3600,3600,3600,3600,3600,3600,3600,3600,3600,3600,3600,3600,3600,3600,3600,3600,3600,3600,3600,3600,3600
3782,3234209,13,10,3234209,24,123.56,173.8,136.72916666666666,11.017545445283577,64000.0,18716,128,0.437676,15,1,45748.39964444444,264733.30412958027,795.6426777777779,,135.53,138.89,140.84,135.08,139.79,131.69,131.81,127.99,132.1,123.75,125.41,133.24,133.66,132.95,142.69,152.37,136.93,127.48,123.56,173.8,158.14,132.41,137.38,134.01,2191,3600,3600,3600,3600,3600,3600,3600,3600,3600,3600,3600,3600,3600,3600,3600,3600,3600,3600,3600,3600,3600,3600,3600
3706,3255809,9,10,3255809,24,123.56,173.8,136.72916666666666,11.017545445283577,32000.0,27229,64,0.360798,13,1,31466.824977777775,272035.5950829136,1123.9488944444445,,131.81,127.99,132.1,123.75,125.41,133.24,133.66,132.95,142.69,152.37,136.93,127.48,123.56,173.8,158.14,132.41,137.38,134.01,135.53,138.89,140.84,135.08,139.79,131.69,2191,3600,3600,3600,3600,3600,3600,3600,3600,3600,3600,3600,3600,3600,3600,3600,3600,3600,3600,3600,3600,3600,3600,3600
3221,3277409,2,0,3277409,24,123.56,173.8,136.72916666666663,11.017545445283577,64000.0,18202,128,0.251999,11,1,45013.39271111111,251004.37372424692,775.6837722222223,,133.66,132.95,142.69,152.37,136.93,127.48,123.56,173.8,158.14,132.41,137.38,134.01,135.53,138.89,140.84,135.08,139.79,131.69,131.81,127.99,132.1,123.75,125.41,133.24,2191,3600,3600,3600,3600,3600,3600,3600,3600,3600,3600,3600,3600,3600,3600,3600,3600,3600,3600,3600,3600,3600,3600,3600
3533,3277409,5,10,3277409,24,123.56,173.8,136.72916666666663,11.017545445283577,8000.0,49258,16,0.473134,10,2,15343.460755555552,213491.84286928395,1950.3700777777779,,133.66,132.95,142.69,152.37,136.93,127.48,123.56,173.8,158.14,132.41,137.38,134.01,135.53,138.89,140.84,135.08,139.79,131.69,131.81,127.99,132.1,123.75,125.41,133.24,2191,3600,3600,3600,3600,3600,3600,3600,3600,3600,3600,3600,3600,3600,3600,3600,3600,3600,3600,3600,3600,3600,3600,3600
3302,3299009,2,0,3299009,24,123.56,173.8,136.7291666666666,11.017545445283577,32000.0,22602,64,0.200297,9,2,28854.63813333333,190115.51086311112,946.2877166666667,,123.56,173.8,158.14,132.41,137.38,134.01,135.53,138.89,140.84,135.08,139.79,131.69,131.81,127.99,132.1,123.75,125.41,133.24,133.66,132.95,142.69,152.37,136.93,127.48,2191,3600,3600,3600,3600,3600,3600,3600,3600,3600,3600,3600,3600,3600,3600,3600,3600,3600,3600,3600,3600,3600,3600,3600
3399,3299009,2,0,3299009,24,123.56,173.8,136.7291666666666,11.017545445283577,128000.0,11875,256,0.201673,8,3,63808.36977777777,222476.83487654323,526.9188194444445,,123.56,173.8,158.14,132.41,137.38,134.01,135.53,138.89,140.84,135.08,139.79,131.69,131.81,127.99,132.1,123.75,125.41,133.24,133.66,132.95,142.69,152.37,136.93,127.48,2191,3600,3600,3600,3600,3600,3600,3600,3600,3600,3600,3600,3600,3600,3600,3600,3600,3600,3600,3600,3600,3600,3600,3600
3724,3348267,4,10,3348267,24,123.56,173.8,136.72916666666666,11.017545445283577,126500.0,17210,253,0.385876,5,1,78296.51157777777,445653.33589706797,736.9334444444445,,132.1,123.75,125.41,133.24,133.66,132.95,142.69,152.37,136.93,127.48,123.56,173.8,158.14,132.41,137.38,134.01,135.53,138.89,140.84,135.08,139.79,131.69,131.81,127.99,3333,3600,3600,3600,3600,3600,3600,3600,3600,3600,3600,3600,3600,3600,3600,3600,3600,3600,3600,3600,3600,3600,3600,3600
3150,3369867,0,0,3369867,24,123.56,173.8,136.72916666666663,11.017545445283577,64000.0,22987,128,0.134386,4,1,58809.83697777778,394104.64904943213,964.3879805555556,,142.69,152.37,136.93,127.48,123.56,173.8,158.14,132.41,137.38,134.01,135.53,138.89,140.84,135.08,139.79,131.69,131.81,127.99,132.1,123.75,125.41,133.24,133.66,132.95,3333,3600,3600,3600,3600,3600,3600,3600,3600,3600,3600,3600,3600,3600,3600,3600,3600,3600,3600,3600,3600,3600,3600,3600
3712,3387077,2,7,3387077,24,123.56,173.8,136.7291666666666,11.017545445283577,500.0,63601,1,0.981133,3,1,1209.7682444444445,21886.870328233406,2477.719947222222,,123.56,173.8,158.14,132.41,137.38,134.01,135.53,138.89,140.84,135.08,139.79,131.69,131.81,127.99,132.1,123.75,125.41,133.24,133.66,132.95,142.69,152.37,136.93,127.48,523,3600,3600,3600,3600,3600,3600,3600,3600,3600,3600,3600,3600,3600,3600,3600,3600,3600,3600,3600,3600,3600,3600,3600
3422,3389277,0,0,3389277,24,123.56,173.8,136.72916666666663,11.017545445283577,128000.0,21820,256,0.099809,2,2,110527.4215111111,737172.8710716049,950.1827222222222,,173.8,158.14,132.41,137.38,134.01,135.53,138.89,140.84,135.08,139.79,131.69,131.81,127.99,132.1,123.75,125.41,133.24,133.66,132.95,142.69,152.37,136.93,127.48,123.56,1923,3600,3600,3600,3600,3600,3600,3600,3600,3600,3600,3600,3600,3600,3600,3600,3600,3600,3600,3600,3600,3600,3600,3600
3572,3452878,0,10,3452878,24,123.56,173.8,136.72916666666663,11.017545445283579,1500.0,109441,3,0.838816,1,1,6258.708375,186127.60020513425,4081.708322222222,,132.95,142.69,152.37,136.93,127.48,123.56,173.8,158.14,132.41,137.38,134.01,135.53,138.89,140.84,135.08,139.79,131.69,131.81,127.99,132.1,123.75,125.41,133.24,133.66,3122,3600,3600,3600,3600,3600,3600,3600,3600,3600,3600,3600,3600,3600,3600,3600,3600,3600,3600,3600,3600,3600,3600,3600
8109,6378238,0,9,6378238,24,83.93,174.33,138.69833333333335,20.41682571366622,500.0,10,1,0.897511,1,0,0.1788611111111111,0.0006725694444444446,0.48425000000000007,,128.78,104.76,83.93,137.79,133.7,160.05,154.98,156.15,150.41,146.62,139.46,146.02,148.45,162.47,166.2,143.0,174.33,139.47,107.84,119.94,123.84,125.27,141.92,133.38,962,3600,3600,3600,3600,3600,3600,3600,3600,3600,3600,3600,3600,3600,3600,3600,3600,3600,3600,3600,3600,3600,3600,3600
8115,6389038,0,7,6389038,24,83.93,174.33,138.69833333333335,20.41682571366622,2000.0,12873,4,0.691785,1,1,1067.48035,4256.4011306249995,595.162125,,137.79,133.7,160.05,154.98,156.15,150.41,146.62,139.46,146.02,148.45,162.47,166.2,143.0,174.33,139.47,107.84,119.94,123.84,125.27,141.92,133.38,128.78,104.76,83.93,962,3600,3600,3600,3600,3600,3600,3600,3600,3600,3600,3600,3600,3600,3600,3600,3600,3600,3600,3600,3600,3600,3600,3600
8116,6391925,0,10,6391925,24,83.93,174.33,138.69833333333335,20.41682571366622,1500.0,24763,3,0.871941,1,1,1545.3488583333335,11415.040321214117,1106.331897222222,,133.7,160.05,154.98,156.15,150.41,146.62,139.46,146.02,148.45,162.47,166.2,143.0,174.33,139.47,107.84,119.94,123.84,125.27,141.92,133.38,128.78,104.76,83.93,137.79,1675,3600,3600,3600,3600,3600,3600,3600,3600,3600,3600,3600,3600,3600,3600,3600,3600,3600,3600,3600,3600,3600,3600,3600
8125,6413525,3,10,6413525,24,83.93,174.33,138.69833333333332,20.41682571366622,64000.0,10245,128,0.642102,6,1,26955.936,87051.08958888888,477.95254166666666,,139.46,146.02,148.45,162.47,166.2,143.0,174.33,139.47,107.84,119.94,123.84,125.27,141.92,133.38,128.78,104.76,83.93,137.79,133.7,160.05,154.98,156.15,150.41,146.62,1675,3600,3600,3600,3600,3600,3600,3600,3600,3600,3600,3600,3600,3600,3600,3600,3600,3600,3600,3600,3600,3600,3600,3600
8147,6435125,2,7,6435125,24,83.93,174.33,138.6983333333333,20.41682571366622,50500.0,23216,101,0.365024,6,2,42271.83117638889,346218.2049751111,1063.0988,,174.33,139.47,107.84,119.94,123.84,125.27,141.92,133.38,128.78,104.76,83.93,137.79,133.7,160.05,154.98,156.15,150.41,146.62,139.46,146.02,148.45,162.47,166.2,143.0,1675,3600,3600,3600,3600,3600,3600,3600,3600,3600,3600,3600,3600,3600,3600,3600,3600,3600,3600,3600,3600,3600,3600,3600
8153,6437325,2,10,6437325,24,83.93,174.33,138.6983333333333,20.41682571366622,32000.0,25172,64,0.395312,5,3,28451.18142222222,251366.50556404935,1123.4201444444443,,139.47,107.84,119.94,123.84,125.27,141.92,133.38,128.78,104.76,83.93,137.79,133.7,160.05,154.98,156.15,150.41,146.62,139.46,146.02,148.45,162.47,166.2,143.0,174.33,3075,3600,3600,3600,3600,3600,3600,3600,3600,3600,3600,3600,3600,3600,3600,3600,3600,3600,3600,3600,3600,3600,3600,3600
8166,6458925,2,7,6458925,24,83.93,174.33,138.69833333333335,20.41682571366622,2000.0,21180,4,0.59888,4,2,1415.1137500000002,11250.098233333334,956.0989999999999,,133.38,128.78,104.76,83.93,137.79,133.7,160.05,154.98,156.15,150.41,146.62,139.46,146.02,148.45,162.47,166.2,143.0,174.33,139.47,107.84,119.94,123.84,125.27,141.92,3075,3600,3600,3600,3600,3600,3600,3600,3600,3600,3600,3600,3600,3600,3600,3600,3600,3600,3600,3600,3600,3600,3600,3600
8119,6461125,0,10,6461125,24,83.93,174.33,138.69833333333335,20.41682571366622,128000.0,34078,256,0.600679,3,2,163286.16391111113,1802615.992589432,1487.7215444444444,,133.38,128.78,104.76,83.93,137.79,133.7,160.05,154.98,156.15,150.41,146.62,139.46,146.02,148.45,162.47,166.2,143.0,174.33,139.47,107.84,119.94,123.84,125.27,141.92,875,3600,3600,3600,3600,3600,3600,3600,3600,3600,3600,3600,3600,3600,3600,3600,3600,3600,3600,3600,3600,3600,3600,3600
8168,6484097,0,11,6484097,24,83.93,174.33,138.69833333333335,20.41682571366622,64000.0,29177,128,0.990335,4,1,78304.88426666668,671779.554439753,1295.1160138888888,,154.98,156.15,150.41,146.62,139.46,146.02,148.45,162.47,166.2,143.0,174.33,139.47,107.84,119.94,123.84,125.27,141.92,133.38,128.78,104.76,83.93,137.79,133.7,160.05,3103,3600,3600,3600,3600,3600,3600,3600,3600,3600,3600,3600,3600,3600,3600,3600,3600,3600,3600,3600,3600,3600,3600,3600
8207,6527297,9,10,6527297,24,83.93,174.33,138.6983333333333,20.41682571366622,8000.0,10238,16,0.580384,22,1,2675.968711111111,10866.763989308642,477.6366277777778,,107.84,119.94,123.84,125.27,141.92,133.38,128.78,104.76,83.93,137.79,133.7,160.05,154.98,156.15,150.41,146.62,139.46,146.02,148.45,162.47,166.2,143.0,174.33,139.47,3103,3600,3600,3600,3600,3600,3600,3600,3600,3600,3600,3600,3600,3600,3600,3600,3600,3600,3600,3600,3600,3600,3600,3600
8175,6548897,0,10,6548897,24,83.93,174.33,138.69833333333335,20.41682571366622,8000.0,23944,16,0.70414,11,2,6828.290044444444,57045.97460108641,1072.1136222222221,,128.78,104.76,83.93,137.79,133.7,160.05,154.98,156.15,150.41,146.62,139.46,146.02,148.45,162.47,166.2,143.0,174.33,139.47,107.84,119.94,123.84,125.27,141.92,133.38,3103,3600,3600,3600,3600,3600,3600,3600,3600,3600,3600,3600,3600,3600,3600,3600,3600,3600,3600,3600,3600,3600,3600,3600
8251,6570497,6,10,6570497,24,83.93,174.33,138.69833333333335,20.41682571366622,64000.0,12228,128,0.864896,10,1,33186.88782222222,123146.61194666666,566.4865,,154.98,156.15,150.41,146.62,139.46,146.02,148.45,162.47,166.2,143.0,174.33,139.47,107.84,119.94,123.84,125.27,141.92,133.38,128.78,104.76,83.93,137.79,133.7,160.05,3103,3600,3600,3600,3600,3600,3600,3600,3600,3600,3600,3600,3600,3600,3600,3600,3600,3600,3600,3600,3600,3600,3600,3600
8260,6592097,6,6,6592097,24,83.93,174.33,138.69833333333335,20.41682571366622,8000.0,30122,16,0.509748,10,2,9630.234022222223,88863.5239369136,1327.554138888889,,148.45,162.47,166.2,143.0,174.33,139.47,107.84,119.94,123.84,125.27,141.92,133.38,128.78,104.76,83.93,137.79,133.7,160.05,154.98,156.15,150.41,146.62,139.46,146.02,3103,3600,3600,3600,3600,3600,3600,3600,3600,3600,3600,3600,3600,3600,3600,3600,3600,3600,3600,3600,3600,3600,3600,3600
8261,6593197,6,0,6593197,24,83.93,174.33,138.69833333333335,20.41682571366622,4000.0,24923,8,0.023027,9,3,4079.5357222222224,30821.90817805247,1113.016786111111,,148.45,162.47,166.2,143.0,174.33,139.47,107.84,119.94,123.84,125.27,141.92,133.38,128.78,104.76,83.93,137.79,133.7,160.05,154.98,156.15,150.41,146.62,139.46,146.02,2003,3600,3600,3600,3600,3600,3600,3600,3600,3600,3600,3600,3600,3600,3600,3600,3600,3600,3600,3600,3600,3600,3600,3600
8263,6593197,6,10,6593197,24,83.93,174.33,138.69833333333335,20.41682571366622,16000.0,8636,32,0.572631,8,4,6161.430888888888,15557.75314706173,405.3374777777778,,148.45,162.47,166.2,143.0,174.33,139.47,107.84,119.94,123.84,125.27,141.92,133.38,128.78,104.76,83.93,137.79,133.7,160.05,154.98,156.15,150.41,146.62,139.46,146.02,2003,3600,3600,3600,3600,3600,3600,3600,3600,3600,3600,3600,3600,3600,3600,3600,3600,3600,3600,3600,3600,3600,3600,3600
8315,6614797,14,10,6614797,24,83.93,174.33,138.6983333333333,20.41682571366622,64000.0,9106,128,0.44492,23,3,19228.427377777778,69051.62181195062,426.5488388888889,,107.84,119.94,123.84,125.27,141.92,133.38,128.78,104.76,83.93,137.79,133.7,160.05,154.98,156.15,150.41,146.62,139.46,146.02,148.45,162.47,166.2,143.0,174.33,139.47,2003,3600,3600,3600,3600,3600,3600,3600,3600,3600,3600,3600,3600,3600,3600,3600,3600,3600,3600,3600,3600,3600,3600,3600
8214,6636397,0,10,6636397,24,83.93,174.33,138.69833333333335,20.41682571366622,128000.0,9030,256,0.695956,17,1,32807.48266666666,135849.38017777776,423.1189166666666,,128.78,104.76,83.93,137.79,133.7,160.05,154.98,156.15,150.41,146.62,139.46,146.02,148.45,162.47,166.2,143.0,174.33,139.47,107.84,119.94,123.84,125.27,141.92,133.38,2003,3600,3600,3600,3600,3600,3600,3600,3600,3600,3600,3600,3600,3600,3600,3600,3600,3600,3600,3600,3600,3600,3600,3600
8312,6657997,10,10,6657997,24,83.93,174.33,138.69833333333335,20.41682571366622,64000.0,13375,128,0.519443,19,1,35940.33884444444,146823.07175925924,617.4802083333333,,154.98,156.15,150.41,146.62,139.46,146.02,148.45,162.47,166.2,143.0,174.33,139.47,107.84,119.94,123.84,125.27,141.92,133.38,128.78,104.76,83.93,137.79,133.7,160.05,2003,3600,3600,3600,3600,3600,3600,3600,3600,3600,3600,3600,3600,3600,3600,3600,3600,3600,3600,3600,3600,3600,3600,3600
8415,6679597,16,10,6679597,24,83.93,174.33,138.69833333333335,20.41682571366622,76000.0,22390,152,0.502229,21,1,71407.30796666666,476074.742277469,1007.1866388888888,,148.45,162.47,166.2,143.0,174.33,139.47,107.84,119.94,123.84,125.27,141.92,133.38,128.78,104.76,83.93,137.79,133.7,160.05,154.98,156.15,150.41,146.62,139.46,146.02,2003,3600,3600,3600,3600,3600,3600,3600,3600,3600,3600,3600,3600,3600,3600,3600,3600,3600,3600,3600,3600,3600,3600,3600
8486,6701197,26,10,6701197,24,83.93,174.33,138.6983333333333,20.41682571366622,128000.0,7916,256,0.642974,33,1,33217.04675555556,104939.6967142716,372.84347777777776,,107.84,119.94,123.84,125.27,141.92,133.38,128.78,104.76,83.93,137.79,133.7,160.05,154.98,156.15,150.41,146.62,139.46,146.02,148.45,162.47,166.2,143.0,174.33,139.47,2003,3600,3600,3600,3600,3600,3600,3600,3600,3600,3600,3600,3600,3600,3600,3600,3600,3600,3600,3600,3600,3600,3600,3600
8463,6723587,17,10,6723587,24,83.93,174.33,138.69833333333335,20.41682571366622,64000.0,13127,128,0.523516,35,1,26319.64337777778,141527.62255037035,606.4545416666666,,128.78,104.76,83.93,137.79,133.7,160.05,154.98,156.15,150.41,146.62,139.46,146.02,148.45,162.47,166.2,143.0,174.33,139.47,107.84,119.94,123.84,125.27,141.92,133.38,1213,3600,3600,3600,3600,3600,3600,3600,3600,3600,3600,3600,3600,3600,3600,3600,3600,3600,3600,3600,3600,3600,3600,3600
8563,6745187,28,0,6745187,24,83.93,174.33,138.69833333333335,20.41682571366622,8000.0,16026,16,0.249467,29,1,5292.891111111111,26125.148936666672,733.57775,,154.98,156.15,150.41,146.62,139.46,146.02,148.45,162.47,166.2,143.0,174.33,139.47,107.84,119.94,123.84,125.27,141.92,133.38,128.78,104.76,83.93,137.79,133.7,160.05,1213,3600,3600,3600,3600,3600,3600,3600,3600,3600,3600,3600,3600,3600,3600,3600,3600,3600,3600,3600,3600,3600,3600,3600
8535,6745187,24,10,6745187,24,83.93,174.33,138.69833333333335,20.41682571366622,128000.0,21375,256,0.550124,28,2,112644.11164444443,733015.2499999999,964.4937499999999,,154.98,156.15,150.41,146.62,139.46,146.02,148.45,162.47,166.2,143.0,174.33,139.47,107.84,119.94,123.84,125.27,141.92,133.38,128.78,104.76,83.93,137.79,133.7,160.05,1213,3600,3600,3600,3600,3600,3600,3600,3600,3600,3600,3600,3600,3600,3600,3600,3600,3600,3600,3600,3600,3600,3600,3600
8298,6766787,7,0,6766787,24,83.93,174.33,138.69833333333335,20.41682571366622,128000.0,9451,256,0.20623,32,1,53749.89688888889,148567.6636490864,442.1188805555555,,148.45,162.47,166.2,143.0,174.33,139.47,107.84,119.94,123.84,125.27,141.92,133.38,128.78,104.76,83.93,137.79,133.7,160.05,154.98,156.15,150.41,146.62,139.46,146.02,1213,3600,3600,3600,3600,3600,3600,3600,3600,3600,3600,3600,3600,3600,3600,3600,3600,3600,3600,3600,3600,3600,3600,3600
8606,6788162,29,10,6788162,24,83.93,174.33,138.6983333333333,20.41682571366622,32000.0,6866,64,0.472058,31,1,7228.777244444444,19841.844877037034,325.1103333333333,,107.84,119.94,123.84,125.27,141.92,133.38,128.78,104.76,83.93,137.79,133.7,160.05,154.98,156.15,150.41,146.62,139.46,146.02,148.45,162.47,166.2,143.0,174.33,139.47,1438,3600,3600,3600,3600,3600,3600,3600,3600,3600,3600,3600,3600,3600,3600,3600,3600,3600,3600,3600,3600,3600,3600,3600
8645,6809762,29,7,6809762,24,83.93,174.33,138.69833333333335,20.41682571366622,500.0,17432,1,0.550496,34,1,291.2435194444445,1923.7253077777777,794.563,,128.78,104.76,83.93,137.79,133.7,160.05,154.98,156.15,150.41,146.62,139.46,146.02,148.45,162.47,166.2,143.0,174.33,139.47,107.84,119.94,123.84,125.27,141.92,133.38,1438,3600,3600,3600,3600,3600,3600,3600,3600,3600,3600,3600,3600,3600,3600,3600,3600,3600,3600,3600,3600,3600,3600,3600
8618,6811962,25,7,6811962,24,83.93,174.33,138.69833333333335,20.41682571366622,2000.0,12183,4,0.741292,35,2,767.9374333333333,3820.628563958334,564.4858750000001,,104.76,83.93,137.79,133.7,160.05,154.98,156.15,150.41,146.62,139.46,146.02,148.45,162.47,166.2,143.0,174.33,139.47,107.84,119.94,123.84,125.27,141.92,133.38,128.78,2838,3600,3600,3600,3600,3600,3600,3600,3600,3600,3600,3600,3600,3600,3600,3600,3600,3600,3600,3600,3600,3600,3600,3600
8652,6814162,30,10,6814162,24,83.93,174.33,138.69833333333335,20.41682571366622,500.0,12039,1,0.448482,36,3,200.35262916666665,933.1627459895834,558.083875,,104.76,83.93,137.79,133.7,160.05,154.98,156.15,150.41,146.62,139.46,146.02,148.45,162.47,166.2,143.0,174.33,139.47,107.84,119.94,123.84,125.27,141.92,133.38,128.78,638,3600,3600,3600,3600,3600,3600,3600,3600,3600,3600,3600,3600,3600,3600,3600,3600,3600,3600,3600,3600,3600,3600,3600
8639,6835762,21,1,6835762,24,83.93,174.33,138.69833333333335,20.41682571366622,64000.0,13965,128,0.725351,25,1,36266.315377777784,159811.8911666667,643.710625,,156.15,150.41,146.62,139.46,146.02,148.45,162.47,166.2,143.0,174.33,139.47,107.84,119.94,123.84,125.27,141.92,133.38,128.78,104.76,83.93,137.79,133.7,160.05,154.98,638,3600,3600,3600,3600,3600,3600,3600,3600,3600,3600,3600,3600,3600,3600,3600,3600,3600,3600,3600,3600,3600,3600,3600
8348,6840000,10,10,6840000,24,83.93,174.33,138.69833333333335,20.41682571366622,32000.0,33909,64,0.696803,25,2,45159.13386666666,446428.77874622226,1481.1182166666667,,146.62,139.46,146.02,148.45,162.47,166.2,143.0,174.33,139.47,107.84,119.94,123.84,125.27,141.92,133.38,128.78,104.76,83.93,137.79,133.7,160.05,154.98,156.15,150.41,3600,3600,3600,3600,3600,3600,3600,3600,3600,3600,3600,3600,3600,3600,3600,3600,3600,3600,3600,3600,3600,3600,3600,3600
8457,6861600,13,10,6861600,24,83.93,174.33,138.6983333333333,20.41682571366622,16000.0,26055,32,0.528111,40,1,15478.336000000003,134310.268125,1159.846875,,143.0,174.33,139.47,107.84,119.94,123.84,125.27,141.92,133.38,128.78,104.76,83.93,137.79,133.7,160.05,154.98,156.15,150.41,146.62,139.46,146.02,148.45,162.47,166.2,3600,3600,3600,3600,3600,3600,3600,3600,3600,3600,3600,3600,3600,3600,3600,3600,3600,3600,3600,3600,3600,3600,3600,3600
8658,6883200,21,10,6883200,24,83.93,174.33,138.69833333333332,20.41682571366622,128000.0,19962,256,0.503869,48,2,87021.0368,641384.631616,903.6641,,125.27,141.92,133.38,128.78,104.76,83.93,137.79,133.7,160.05,154.98,156.15,150.41,146.62,139.46,146.02,148.45,162.47,166.2,143.0,174.33,139.47,107.84,119.94,123.84,3600,3600,3600,3600,3600,3600,3600,3600,3600,3600,3600,3600,3600,3600,3600,3600,3600,3600,3600,3600,3600,3600,3600,3600
8727,6909255,22,10,6909255,24,83.93,174.33,138.69833333333335,20.41682571366622,128000.0,11471,256,0.74577,30,1,61845.312000000005,217319.48851407407,532.8315416666667,,133.7,160.05,154.98,156.15,150.41,146.62,139.46,146.02,148.45,162.47,166.2,143.0,174.33,139.47,107.84,119.94,123.84,125.27,141.92,133.38,128.78,104.76,83.93,137.79,2745,3600,3600,3600,3600,3600,3600,3600,3600,3600,3600,3600,3600,3600,3600,3600,3600,3600,3600,3600,3600,3600,3600,3600
8717,6930855,21,10,6930855,24,83.93,174.33,138.69833333333332,20.41682571366622,74500.0,7471,149,0.823932,34,1,22259.863277777782,54539.64550922956,352.76038055555557,,139.46,146.02,148.45,162.47,166.2,143.0,174.33,139.47,107.84,119.94,123.84,125.27,141.92,133.38,128.78,104.76,83.93,137.79,133.7,160.05,154.98,156.15,150.41,146.62,2745,3600,3600,3600,3600,3600,3600,3600,3600,3600,3600,3600,3600,3600,3600,3600,3600,3600,3600,3600,3600,3600,3600,3600
8815,6952455,36,10,6952455,24,83.93,174.33,138.6983333333333,20.41682571366622,500.0,14418,1,0.955849,40,1,265.1039125,1357.955825625,678.13025,,174.33,139.47,107.84,119.94,123.84,125.27,141.92,133.38,128.78,104.76,83.93,137.79,133.7,160.05,154.98,156.15,150.41,146.62,139.46,146.02,148.45,162.47,166.2,143.0,2745,3600,3600,3600,3600,3600,3600,3600,3600,3600,3600,3600,3600,3600,3600,3600,3600,3600,3600,3600,3600,3600,3600,3600
8870,6974055,36,10,6974055,24,83.93,174.33,138.69833333333332,20.41682571366622,128000.0,9961,256,0.384627,48,1,47467.4688,164736.51042834567,465.13546388888886,,141.92,133.38,128.78,104.76,83.93,137.79,133.7,160.05,154.98,156.15,150.41,146.62,139.46,146.02,148.45,162.47,166.2,143.0,174.33,139.47,107.84,119.94,123.84,125.27,2745,3600,3600,3600,3600,3600,3600,3600,3600,3600,3600,3600,3600,3600,3600,3600,3600,3600,3600,3600,3600,3600,3600,3600
8934,6995655,39,6,6995655,24,83.93,174.33,138.69833333333335,20.41682571366622,128000.0,10870,256,0.875977,42,1,58508.560000000005,195606.69674074074,506.1120833333333,,133.7,160.05,154.98,156.15,150.41,146.62,139.46,146.02,148.45,162.47,166.2,143.0,174.33,139.47,107.84,119.94,123.84,125.27,141.92,133.38,128.78,104.76,83.93,137.79,2745,3600,3600,3600,3600,3600,3600,3600,3600,3600,3600,3600,3600,3600,3600,3600,3600,3600,3600,3600,3600,3600,3600,3600
8668,7005616,17,10,7005616,24,83.93,174.33,138.69833333333335,20.41682571366622,93000.0,15916,186,0.397494,52,1,60829.96286666667,299658.50989499997,728.8064999999999,,156.15,150.41,146.62,139.46,146.02,148.45,162.47,166.2,143.0,174.33,139.47,107.84,119.94,123.84,125.27,141.92,133.38,128.78,104.76,83.93,137.79,133.7,160.05,154.98,3584,3600,3600,3600,3600,3600,3600,3600,3600,3600,3600,3600,3600,3600,3600,3600,3600,3600,3600,3600,3600,3600,3600,3600
8847,7027216,29,10,7027216,24,83.93,174.33,138.69833333333332,20.41682571366622,64000.0,16776,128,0.478432,41,1,47228.67057777778,229973.75872,771.1030000000001,,162.47,166.2,143.0,174.33,139.47,107.84,119.94,123.84,125.27,141.92,133.38,128.78,104.76,83.93,137.79,133.7,160.05,154.98,156.15,150.41,146.62,139.46,146.02,148.45,3584,3600,3600,3600,3600,3600,3600,3600,3600,3600,3600,3600,3600,3600,3600,3600,3600,3600,3600,3600,3600,3600,3600,3600
9027,7048816,51,10,7048816,24,83.93,174.33,138.6983333333333,20.41682571366622,8000.0,5363,16,0.387634,52,1,1444.8362666666667,3047.6359825925924,255.72183333333334,,119.94,123.84,125.27,141.92,133.38,128.78,104.76,83.93,137.79,133.7,160.05,154.98,156.15,150.41,146.62,139.46,146.02,148.45,162.47,166.2,143.0,174.33,139.47,107.84,3584,3600,3600,3600,3600,3600,3600,3600,3600,3600,3600,3600,3600,3600,3600,3600,3600,3600,3600,3600,3600,3600,3600,3600
8683,7070416,17,6,7070416,24,83.93,174.33,138.69833333333335,20.41682571366622,64000.0,18923,128,0.790647,45,1,42252.0544,288953.4194391111,858.9351499999999,,104.76,83.93,137.79,133.7,160.05,154.98,156.15,150.41,146.62,139.46,146.02,148.45,162.47,166.2,143.0,174.33,139.47,107.84,119.94,123.84,125.27,141.92,133.38,128.78,3584,3600,3600,3600,3600,3600,3600,3600,3600,3600,3600,3600,3600,3600,3600,3600,3600,3600,3600,3600,3600,3600,3600,3600
9047,7071516,42,0,7071516,24,83.93,174.33,138.69833333333335,20.41682571366622,1000.0,2821,2,0.089229,44,2,80.14118055555555,107.04670428472224,136.60692500000002,,104.76,83.93,137.79,133.7,160.05,154.98,156.15,150.41,146.62,139.46,146.02,148.45,162.47,166.2,143.0,174.33,139.47,107.84,119.94,123.84,125.27,141.92,133.38,128.78,2484,3600,3600,3600,3600,3600,3600,3600,3600,3600,3600,3600,3600,3600,3600,3600,3600,3600,3600,3600,3600,3600,3600,3600
8983,7071516,34,3,7071516,24,83.93,174.33,138.69833333333335,20.41682571366622,16000.0,14749,32,0.943509,43,3,7885.373733333334,44455.96874833333,678.187875,,104.76,83.93,137.79,133.7,160.05,154.98,156.15,150.41,146.62,139.46,146.02,148.45,162.47,166.2,143.0,174.33,139.47,107.84,119.94,123.84,125.27,141.92,133.38,128.78,2484,3600,3600,3600,3600,3600,3600,3600,3600,3600,3600,3600,3600,3600,3600,3600,3600,3600,3600,3600,3600,3600,3600,3600
8647,7075408,15,10,7075408,24,83.93,174.33,138.69833333333338,20.41682571366622,17500.0,22853,35,0.877075,49,3,15836.66179861111,114038.33081786842,1026.531036111111,,83.93,137.79,133.7,160.05,154.98,156.15,150.41,146.62,139.46,146.02,148.45,162.47,166.2,143.0,174.33,139.47,107.84,119.94,123.84,125.27,141.92,133.38,128.78,104.76,2192,3600,3600,3600,3600,3600,3600,3600,3600,3600,3600,3600,3600,3600,3600,3600,3600,3600,3600,3600,3600,3600,3600,3600
9026,7097008,38,10,7097008,24,83.93,174.33,138.69833333333335,20.41682571366622,79000.0,10889,158,0.774175,42,1,34632.253927777776,121138.8744033912,506.9567916666666,,150.41,146.62,139.46,146.02,148.45,162.47,166.2,143.0,174.33,139.47,107.84,119.94,123.84,125.27,141.92,133.38,128.78,104.76,83.93,137.79,133.7,160.05,154.98,156.15,2192,3600,3600,3600,3600,3600,3600,3600,3600,3600,3600,3600,3600,3600,3600,3600,3600,3600,3600,3600,3600,3600,3600,3600
9097,7118608,45,10,7118608,24,83.93,174.33,138.69833333333332,20.41682571366622,16000.0,11342,32,0.328721,48,2,7905.177333333333,26776.73605565432,531.1907611111111,,166.2,143.0,174.33,139.47,107.84,119.94,123.84,125.27,141.92,133.38,128.78,104.76,83.93,137.79,133.7,160.05,154.98,156.15,150.41,146.62,139.46,146.02,148.45,162.47,2192,3600,3600,3600,3600,3600,3600,3600,3600,3600,3600,3600,3600,3600,3600,3600,3600,3600,3600,3600,3600,3600,3600,3600
9098,7140208,41,10,7140208,24,83.93,174.33,138.6983333333333,20.41682571366622,71500.0,12493,143,0.317285,46,1,32710.309775,143482.65684646412,578.2679583333334,,123.84,125.27,141.92,133.38,128.78,104.76,83.93,137.79,133.7,160.05,154.98,156.15,150.41,146.62,139.46,146.02,148.45,162.47,166.2,143.0,174.33,139.47,107.84,119.94,2192,3600,3600,3600,3600,3600,3600,3600,3600,3600,3600,3600,3600,3600,3600,3600,3600,3600,3600,3600,3600,3600,3600,3600
9126,7161808,39,10,7161808,24,83.93,174.33,138.69833333333338,20.41682571366622,64000.0,32562,128,0.712207,40,1,82812.47928888889,825616.5433919999,1426.2308999999998,,83.93,137.79,133.7,160.05,154.98,156.15,150.41,146.62,139.46,146.02,148.45,162.47,166.2,143.0,174.33,139.47,107.84,119.94,123.84,125.27,141.92,133.38,128.78,104.76,2192,3600,3600,3600,3600,3600,3600,3600,3600,3600,3600,3600,3600,3600,3600,3600,3600,3600,3600,3600,3600,3600,3600,3600
8747,7183408,20,10,7183408,24,83.93,174.33,138.69833333333335,20.41682571366622,64000.0,15377,128,0.862352,38,1,39809.990577777775,192841.89769555556,705.427375,,150.41,146.62,139.46,146.02,148.45,162.47,166.2,143.0,174.33,139.47,107.84,119.94,123.84,125.27,141.92,133.38,128.78,104.76,83.93,137.79,133.7,160.05,154.98,156.15,2192,3600,3600,3600,3600,3600,3600,3600,3600,3600,3600,3600,3600,3600,3600,3600,3600,3600,3600,3600,3600,3600,3600,3600
8684,7205008,16,10,7205008,24,83.93,174.33,138.69833333333332,20.41682571366622,84000.0,26877,168,0.455441,36,2,85425.20816666666,759106.9947539165,1210.4459916666665,,166.2,143.0,174.33,139.47,107.84,119.94,123.84,125.27,141.92,133.38,128.78,104.76,83.93,137.79,133.7,160.05,154.98,156.15,150.41,146.62,139.46,146.02,148.45,162.47,2192,3600,3600,3600,3600,3600,3600,3600,3600,3600,3600,3600,3600,3600,3600,3600,3600,3600,3600,3600,3600,3600,3600,3600
8742,7226608,17,10,7226608,24,83.93,174.33,138.6983333333333,20.41682571366622,64000.0,14564,128,0.36864,35,1,34061.35893333333,173515.75491555556,670.1635,,123.84,125.27,141.92,133.38,128.78,104.76,83.93,137.79,133.7,160.05,154.98,156.15,150.41,146.62,139.46,146.02,148.45,162.47,166.2,143.0,174.33,139.47,107.84,119.94,2192,3600,3600,3600,3600,3600,3600,3600,3600,3600,3600,3600,3600,3600,3600,3600,3600,3600,3600,3600,3600,3600,3600,3600
8992,7253485,24,10,7253485,24,83.93,174.33,138.69833333333335,20.41682571366622,64000.0,20380,128,0.702657,29,1,54461.371555555554,333927.2963555556,921.659,,137.79,133.7,160.05,154.98,156.15,150.41,146.62,139.46,146.02,148.45,162.47,166.2,143.0,174.33,139.47,107.84,119.94,123.84,125.27,141.92,133.38,128.78,104.76,83.93,515,3600,3600,3600,3600,3600,3600,3600,3600,3600,3600,3600,3600,3600,3600,3600,3600,3600,3600,3600,3600,3600,3600,3600
8936,7275085,21,10,7275085,24,83.93,174.33,138.69833333333335,20.41682571366622,128000.0,9386,256,0.829518,27,1,48046.124444444446,146566.9017690864,439.1853944444444,,146.62,139.46,146.02,148.45,162.47,166.2,143.0,174.33,139.47,107.84,119.94,123.84,125.27,141.92,133.38,128.78,104.76,83.93,137.79,133.7,160.05,154.98,156.15,150.41,515,3600,3600,3600,3600,3600,3600,3600,3600,3600,3600,3600,3600,3600,3600,3600,3600,3600,3600,3600,3600,3600,3600,3600
8440,7296685,9,10,7296685,24,83.93,174.33,138.6983333333333,20.41682571366622,128000.0,14349,256,0.479656,26,1,69527.00302222223,337122.48484000005,660.782625,,143.0,174.33,139.47,107.84,119.94,123.84,125.27,141.92,133.38,128.78,104.76,83.93,137.79,133.7,160.05,154.98,156.15,150.41,146.62,139.46,146.02,148.45,162.47,166.2,515,3600,3600,3600,3600,3600,3600,3600,3600,3600,3600,3600,3600,3600,3600,3600,3600,3600,3600,3600,3600,3600,3600,3600
8664,7318285,11,10,7318285,24,83.93,174.33,138.69833333333332,20.41682571366622,128000.0,21770,256,0.566175,24,1,94115.28888888888,759556.4180641976,981.2826944444445,,125.27,141.92,133.38,128.78,104.76,83.93,137.79,133.7,160.05,154.98,156.15,150.41,146.62,139.46,146.02,148.45,162.47,166.2,143.0,174.33,139.47,107.84,119.94,123.84,515,3600,3600,3600,3600,3600,3600,3600,3600,3600,3600,3600,3600,3600,3600,3600,3600,3600,3600,3600,3600,3600,3600,3600
8220,7339885,1,0,7339885,24,83.93,174.33,138.69833333333335,20.41682571366622,64000.0,25123,128,0.009133,23,1,66441.48497777779,500840.0230562469,1121.3728972222223,,137.79,133.7,160.05,154.98,156.15,150.41,146.62,139.46,146.02,148.45,162.47,166.2,143.0,174.33,139.47,107.84,119.94,123.84,125.27,141.92,133.38,128.78,104.76,83.93,515,3600,3600,3600,3600,3600,3600,3600,3600,3600,3600,3600,3600,3600,3600,3600,3600,3600,3600,3600,3600,3600,3600,3600
8629,7361655,9,0,7361655,24,83.93,174.33,138.69833333333335,20.41682571366622,31000.0,30161,62,0.120354,22,1,39180.46376111111,345029.99068330403,1328.4705055555555,,146.62,139.46,146.02,148.45,162.47,166.2,143.0,174.33,139.47,107.84,119.94,123.84,125.27,141.92,133.38,128.78,104.76,83.93,137.79,133.7,160.05,154.98,156.15,150.41,345,3600,3600,3600,3600,3600,3600,3600,3600,3600,3600,3600,3600,3600,3600,3600,3600,3600,3600,3600,3600,3600,3600,3600
8794,7361655,13,0,7361655,24,83.93,174.33,138.69833333333335,20.41682571366622,8000.0,38934,16,0.123076,21,2,12402.341466666667,145810.97067599997,1685.2862999999998,,146.62,139.46,146.02,148.45,162.47,166.2,143.0,174.33,139.47,107.84,119.94,123.84,125.27,141.92,133.38,128.78,104.76,83.93,137.79,133.7,160.05,154.98,156.15,150.41,345,3600,3600,3600,3600,3600,3600,3600,3600,3600,3600,3600,3600,3600,3600,3600,3600,3600,3600,3600,3600,3600,3600,3600
8516,7361655,8,11,7361655,24,83.93,174.33,138.69833333333335,20.41682571366622,4000.0,32855,8,0.438572,20,3,5379.823666666666,52501.96652021604,1438.1911388888886,,146.62,139.46,146.02,148.45,162.47,166.2,143.0,174.33,139.47,107.84,119.94,123.84,125.27,141.92,133.38,128.78,104.76,83.93,137.79,133.7,160.05,154.98,156.15,150.41,345,3600,3600,3600,3600,3600,3600,3600,3600,3600,3600,3600,3600,3600,3600,3600,3600,3600,3600,3600,3600,3600,3600,3600
8998,7404855,4,0,7404855,24,83.93,174.33,138.69833333333332,20.41682571366622,92000.0,21850,184,0.150187,6,1,67981.46033333334,549803.7372762345,984.6251388888888,,125.27,141.92,133.38,128.78,104.76,83.93,137.79,133.7,160.05,154.98,156.15,150.41,146.62,139.46,146.02,148.45,162.47,166.2,143.0,174.33,139.47,107.84,119.94,123.84,345,3600,3600,3600,3600,3600,3600,3600,3600,3600,3600,3600,3600,3600,3600,3600,3600,3600,3600,3600,3600,3600,3600,3600
8288,7404855,1,11,7404855,24,83.93,174.33,138.69833333333332,20.41682571366622,1500.0,45256,3,0.752988,5,2,2566.135920833334,36398.13488911112,1930.2528666666667,,125.27,141.92,133.38,128.78,104.76,83.93,137.79,133.7,160.05,154.98,156.15,150.41,146.62,139.46,146.02,148.45,162.47,166.2,143.0,174.33,139.47,107.84,119.94,123.84,345,3600,3600,3600,3600,3600,3600,3600,3600,3600,3600,3600,3600,3600,3600,3600,3600,3600,3600,3600,3600,3600,3600,3600
9081,7448055,2,0,7448055,24,83.93,174.33,138.69833333333335,20.41682571366622,64000.0,34188,128,0.158206,3,1,88919.49013333333,907110.2141297776,1492.4812666666664,,146.62,139.46,146.02,148.45,162.47,166.2,143.0,174.33,139.47,107.84,119.94,123.84,125.27,141.92,133.38,128.78,104.76,83.93,137.79,133.7,160.05,154.98,156.15,150.41,345,3600,3600,3600,3600,3600,3600,3600,3600,3600,3600,3600,3600,3600,3600,3600,3600,3600,3600,3600,3600,3600,3600,3600
8422,7448055,0,10,7448055,24,83.93,174.33,138.69833333333335,20.41682571366622,500.0,65655,1,0.857921,2,2,1229.9209583333336,24726.450373437496,2711.6052499999996,,146.62,139.46,146.02,148.45,162.47,166.2,143.0,174.33,139.47,107.84,119.94,123.84,125.27,141.92,133.38,128.78,104.76,83.93,137.79,133.7,160.05,154.98,156.15,150.41,345,3600,3600,3600,3600,3600,3600,3600,3600,3600,3600,3600,3600,3600,3600,3600,3600,3600,3600,3600,3600,3600,3600,3600
8814,7469655,0,0,7469655,24,83.93,174.33,138.6983333333333,20.41682571366622,1000.0,86559,2,0.101736,1,3,3335.0758333333324,81546.67868011806,3391.5369083333335,,143.0,174.33,139.47,107.84,119.94,123.84,125.27,141.92,133.38,128.78,104.76,83.93,137.79,133.7,160.05,154.98,156.15,150.41,146.62,139.46,146.02,148.45,162.47,166.2,345,3600,3600,3600,3600,3600,3600,3600,3600,3600,3600,3600,3600,3600,3600,3600,3600,3600,3600,3600,3600,3600,3600,3600
2695,2263432,0,7,2263432,24,85.48,148.15,111.73041666666667,16.489104604547883,16000.0,131,32,0.455198,1,0,56.20773333333334,3.138768086419753,5.391013888888889,,96.54,93.99,108.21,88.82,89.57,93.56,85.48,112.53,121.44,119.23,131.48,98.51,95.78,128.12,133.16,131.14,121.89,118.13,106.47,101.22,123.8,148.15,121.85,112.46,968,3600,3600,3600,3600,3600,3600,3600,3600,3600,3600,3600,3600,3600,3600,3600,3600,3600,3600,3600,3600,3600,3600,3600
2698,2265632,0,10,2265632,24,85.48,148.15,111.73041666666667,16.489104604547883,2500.0,4936,5,0.566886,1,1,347.53583333333336,677.2163054320988,197.56715555555556,,93.99,108.21,88.82,89.57,93.56,85.48,112.53,121.44,119.23,131.48,98.51,95.78,128.12,133.16,131.14,121.89,118.13,106.47,101.22,123.8,148.15,121.85,112.46,96.54,2368,3600,3600,3600,3600,3600,3600,3600,3600,3600,3600,3600,3600,3600,3600,3600,3600,3600,3600,3600,3600,3600,3600,3600
2734,2287232,6,10,2287232,24,85.48,148.15,111.73041666666667,16.489104604547883,7000.0,22005,14,0.327301,14,1,4891.031211111112,34639.1608171875,809.5626249999999,,112.53,121.44,119.23,131.48,98.51,95.78,128.12,133.16,131.14,121.89,118.13,106.47,101.22,123.8,148.15,121.85,112.46,96.54,93.99,108.21,88.82,89.57,93.56,85.48,2368,3600,3600,3600,3600,3600,3600,3600,3600,3600,3600,3600,3600,3600,3600,3600,3600,3600,3600,3600,3600,3600,3600,3600
2773,2308832,7,9,2308832,24,85.48,148.15,111.73041666666667,16.489104604547883,64000.0,13019,128,0.974555,12,1,29786.85422222222,114248.55017056789,493.62323888888886,,128.12,133.16,131.14,121.89,118.13,106.47,101.22,123.8,148.15,121.85,112.46,96.54,93.99,108.21,88.82,89.57,93.56,85.48,112.53,121.44,119.23,131.48,98.51,95.78,2368,3600,3600,3600,3600,3600,3600,3600,3600,3600,3600,3600,3600,3600,3600,3600,3600,3600,3600,3600,3600,3600,3600,3600
2766,2319632,6,10,2319632,24,85.48,148.15,111.73041666666666,16.489104604547883,128000.0,16930,256,0.711652,11,2,68667.30026666666,381621.6966716049,633.9698888888888,,121.89,118.13,106.47,101.22,123.8,148.15,121.85,112.46,96.54,93.99,108.21,88.82,89.57,93.56,85.48,112.53,121.44,119.23,131.48,98.51,95.78,128.12,133.16,131.14,2368,3600,3600,3600,3600,3600,3600,3600,3600,3600,3600,3600,3600,3600,3600,3600,3600,3600,3600,3600,3600,3600,3600,3600
2710,2341232,1,10,2341232,24,85.48,148.15,111.73041666666667,16.489104604547883,107500.0,36563,215,0.382979,7,1,109850.11722222224,1421021.7219576407,1301.526247222222,,121.85,112.46,96.54,93.99,108.21,88.82,89.57,93.56,85.48,112.53,121.44,119.23,131.48,98.51,95.78,128.12,133.16,131.14,121.89,118.13,106.47,101.22,123.8,148.15,2368,3600,3600,3600,3600,3600,3600,3600,3600,3600,3600,3600,3600,3600,3600,3600,3600,3600,3600,3600,3600,3600,3600,3600
2759,2362832,4,10,2362832,24,85.48,148.15,111.73041666666666,16.489104604547883,64000.0,17388,128,0.727215,6,1,31517.51751111111,201011.33875199998,650.2696,,89.57,93.56,85.48,112.53,121.44,119.23,131.48,98.51,95.78,128.12,133.16,131.14,121.89,118.13,106.47,101.22,123.8,148.15,121.85,112.46,96.54,93.99,108.21,88.82,2368,3600,3600,3600,3600,3600,3600,3600,3600,3600,3600,3600,3600,3600,3600,3600,3600,3600,3600,3600,3600,3600,3600,3600
2843,2399395,10,1,2399395,24,85.48,148.15,111.73041666666667,16.489104604547883,16000.0,7253,32,0.829356,20,1,4167.602311111111,9131.379074617285,283.2704111111111,,133.16,131.14,121.89,118.13,106.47,101.22,123.8,148.15,121.85,112.46,96.54,93.99,108.21,88.82,89.57,93.56,85.48,112.53,121.44,119.23,131.48,98.51,95.78,128.12,1805,3600,3600,3600,3600,3600,3600,3600,3600,3600,3600,3600,3600,3600,3600,3600,3600,3600,3600,3600,3600,3600,3600,3600
2809,2404179,1,10,2404179,24,85.48,148.15,111.73041666666666,16.489104604547883,128000.0,9256,256,0.835925,17,2,39050.46720000001,117291.92961264196,356.3996888888889,,131.14,121.89,118.13,106.47,101.22,123.8,148.15,121.85,112.46,96.54,93.99,108.21,88.82,89.57,93.56,85.48,112.53,121.44,119.23,131.48,98.51,95.78,128.12,133.16,621,3600,3600,3600,3600,3600,3600,3600,3600,3600,3600,3600,3600,3600,3600,3600,3600,3600,3600,3600,3600,3600,3600,3600
2821,2425779,2,10,2425779,24,85.48,148.15,111.73041666666666,16.489104604547883,62500.0,14041,125,0.748078,11,1,26550.606770833332,133542.7132035108,547.8285222222222,,148.15,121.85,112.46,96.54,93.99,108.21,88.82,89.57,93.56,85.48,112.53,121.44,119.23,131.48,98.51,95.78,128.12,133.16,131.14,121.89,118.13,106.47,101.22,123.8,621,3600,3600,3600,3600,3600,3600,3600,3600,3600,3600,3600,3600,3600,3600,3600,3600,3600,3600,3600,3600,3600,3600,3600
2836,2447379,2,10,2447379,24,85.48,148.15,111.73041666666666,16.489104604547883,128000.0,8638,256,0.812747,14,1,27884.88462222222,102528.51619871604,333.8289555555555,,88.82,89.57,93.56,85.48,112.53,121.44,119.23,131.48,98.51,95.78,128.12,133.16,131.14,121.89,118.13,106.47,101.22,123.8,148.15,121.85,112.46,96.54,93.99,108.21,621,3600,3600,3600,3600,3600,3600,3600,3600,3600,3600,3600,3600,3600,3600,3600,3600,3600,3600,3600,3600,3600,3600,3600
2954,2468979,19,10,2468979,24,85.48,148.15,111.7304166666667,16.489104604547883,16000.0,12130,32,0.928845,24,1,5945.115155555555,24865.90398271605,461.2389444444444,,119.23,131.48,98.51,95.78,128.12,133.16,131.14,121.89,118.13,106.47,101.22,123.8,148.15,121.85,112.46,96.54,93.99,108.21,88.82,89.57,93.56,85.48,112.53,121.44,621,3600,3600,3600,3600,3600,3600,3600,3600,3600,3600,3600,3600,3600,3600,3600,3600,3600,3600,3600,3600,3600,3600,3600
3025,2490579,28,0,2490579,24,85.48,148.15,111.73041666666666,16.489104604547883,82500.0,13704,165,0.101258,33,1,35747.415,162858.87654666664,518.5762666666666,,131.14,121.89,118.13,106.47,101.22,123.8,148.15,121.85,112.46,96.54,93.99,108.21,88.82,89.57,93.56,85.48,112.53,121.44,119.23,131.48,98.51,95.78,128.12,133.16,621,3600,3600,3600,3600,3600,3600,3600,3600,3600,3600,3600,3600,3600,3600,3600,3600,3600,3600,3600,3600,3600,3600,3600
2926,2490579,12,10,2490579,24,85.48,148.15,111.73041666666666,16.489104604547883,49000.0,13360,98,0.917896,32,2,20757.863466666666,92021.49209382715,506.04511111111105,,131.14,121.89,118.13,106.47,101.22,123.8,148.15,121.85,112.46,96.54,93.99,108.21,88.82,89.57,93.56,85.48,112.53,121.44,119.23,131.48,98.51,95.78,128.12,133.16,621,3600,3600,3600,3600,3600,3600,3600,3600,3600,3600,3600,3600,3600,3600,3600,3600,3600,3600,3600,3600,3600,3600,3600
3032,2512179,17,0,2512179,24,85.48,148.15,111.73041666666666,16.489104604547883,500.0,24992,1,0.281523,26,1,358.18494722222215,3251.9004167901235,936.8471111111112,,148.15,121.85,112.46,96.54,93.99,108.21,88.82,89.57,93.56,85.48,112.53,121.44,119.23,131.48,98.51,95.78,128.12,133.16,131.14,121.89,118.13,106.47,101.22,123.8,621,3600,3600,3600,3600,3600,3600,3600,3600,3600,3600,3600,3600,3600,3600,3600,3600,3600,3600,3600,3600,3600,3600,3600
3021,2512179,15,10,2512179,24,85.48,148.15,111.73041666666666,16.489104604547883,128000.0,15733,256,0.942442,25,2,60390.06826666667,340950.5997378766,609.4982277777779,,148.15,121.85,112.46,96.54,93.99,108.21,88.82,89.57,93.56,85.48,112.53,121.44,119.23,131.48,98.51,95.78,128.12,133.16,131.14,121.89,118.13,106.47,101.22,123.8,621,3600,3600,3600,3600,3600,3600,3600,3600,3600,3600,3600,3600,3600,3600,3600,3600,3600,3600,3600,3600,3600,3600,3600
2907,2537171,6,10,2537171,24,85.48,148.15,111.73041666666666,16.489104604547883,64000.0,9906,128,0.80621,25,1,16533.623822222224,66945.03564088888,380.1391333333333,,89.57,93.56,85.48,112.53,121.44,119.23,131.48,98.51,95.78,128.12,133.16,131.14,121.89,118.13,106.47,101.22,123.8,148.15,121.85,112.46,96.54,93.99,108.21,88.82,829,3600,3600,3600,3600,3600,3600,3600,3600,3600,3600,3600,3600,3600,3600,3600,3600,3600,3600,3600,3600,3600,3600,3600
3067,2558771,17,10,2558771,24,85.48,148.15,111.73041666666667,16.489104604547883,16000.0,12552,32,0.343791,51,1,6189.242666666667,26597.795854222222,476.7769333333333,,131.48,98.51,95.78,128.12,133.16,131.14,121.89,118.13,106.47,101.22,123.8,148.15,121.85,112.46,96.54,93.99,108.21,88.82,89.57,93.56,85.48,112.53,121.44,119.23,829,3600,3600,3600,3600,3600,3600,3600,3600,3600,3600,3600,3600,3600,3600,3600,3600,3600,3600,3600,3600,3600,3600,3600
3176,2580371,29,10,2580371,24,85.48,148.15,111.73041666666666,16.489104604547883,64000.0,5644,128,0.456449,44,1,11656.459733333333,22451.108453135803,223.75528888888888,,121.89,118.13,106.47,101.22,123.8,148.15,121.85,112.46,96.54,93.99,108.21,88.82,89.57,93.56,85.48,112.53,121.44,119.23,131.48,98.51,95.78,128.12,133.16,131.14,829,3600,3600,3600,3600,3600,3600,3600,3600,3600,3600,3600,3600,3600,3600,3600,3600,3600,3600,3600,3600,3600,3600,3600
3164,2601971,24,10,2601971,24,85.48,148.15,111.73041666666667,16.489104604547883,32000.0,12782,64,0.51527,35,1,11702.61137777778,55103.469632987646,484.9898555555555,,121.85,112.46,96.54,93.99,108.21,88.82,89.57,93.56,85.48,112.53,121.44,119.23,131.48,98.51,95.78,128.12,133.16,131.14,121.89,118.13,106.47,101.22,123.8,148.15,829,3600,3600,3600,3600,3600,3600,3600,3600,3600,3600,3600,3600,3600,3600,3600,3600,3600,3600,3600,3600,3600,3600,3600
3096,2623571,16,10,2623571,24,85.48,148.15,111.73041666666666,16.489104604547883,128000.0,18642,256,0.98828,47,1,69974.09848888889,460086.3275377778,694.1276666666666,,89.57,93.56,85.48,112.53,121.44,119.23,131.48,98.51,95.78,128.12,133.16,131.14,121.89,118.13,106.47,101.22,123.8,148.15,121.85,112.46,96.54,93.99,108.21,88.82,829,3600,3600,3600,3600,3600,3600,3600,3600,3600,3600,3600,3600,3600,3600,3600,3600,3600,3600,3600,3600,3600,3600,3600
3304,2645171,33,10,2645171,24,85.48,148.15,111.73041666666667,16.489104604547883,128000.0,6656,256,0.569404,36,1,24068.799288888888,61812.18218034567,261.1880444444444,,131.48,98.51,95.78,128.12,133.16,131.14,121.89,118.13,106.47,101.22,123.8,148.15,121.85,112.46,96.54,93.99,108.21,88.82,89.57,93.56,85.48,112.53,121.44,119.23,829,3600,3600,3600,3600,3600,3600,3600,3600,3600,3600,3600,3600,3600,3600,3600,3600,3600,3600,3600,3600,3600,3600,3600
3136,2666771,18,6,2666771,24,85.48,148.15,111.73041666666666,16.489104604547883,128000.0,4039,256,0.889574,35,1,17075.346133333333,23607.5955788642,164.38812222222222,,121.89,118.13,106.47,101.22,123.8,148.15,121.85,112.46,96.54,93.99,108.21,88.82,89.57,93.56,85.48,112.53,121.44,119.23,131.48,98.51,95.78,128.12,133.16,131.14,829,3600,3600,3600,3600,3600,3600,3600,3600,3600,3600,3600,3600,3600,3600,3600,3600,3600,3600,3600,3600,3600,3600,3600
3214,2673427,26,6,2673427,24,85.48,148.15,111.73041666666666,16.489104604547883,64000.0,12807,128,0.805086,34,1,27855.07928888889,110629.83722399999,485.90054999999995,,106.47,101.22,123.8,148.15,121.85,112.46,96.54,93.99,108.21,88.82,89.57,93.56,85.48,112.53,121.44,119.23,131.48,98.51,95.78,128.12,133.16,131.14,121.89,118.13,1373,3600,3600,3600,3600,3600,3600,3600,3600,3600,3600,3600,3600,3600,3600,3600,3600,3600,3600,3600,3600,3600,3600,3600
3152,2677466,19,10,2677466,24,85.48,148.15,111.73041666666664,16.489104604547883,32000.0,21123,64,0.443111,33,1,21958.78746666667,146348.87483999997,779.4464999999999,,101.22,123.8,148.15,121.85,112.46,96.54,93.99,108.21,88.82,89.57,93.56,85.48,112.53,121.44,119.23,131.48,98.51,95.78,128.12,133.16,131.14,121.89,118.13,106.47,934,3600,3600,3600,3600,3600,3600,3600,3600,3600,3600,3600,3600,3600,3600,3600,3600,3600,3600,3600,3600,3600,3600,3600
3071,2699066,13,10,2699066,24,85.48,148.15,111.73041666666667,16.489104604547883,64000.0,13234,128,0.553602,31,1,22397.985066666668,117977.92469056789,501.45521111111105,,93.99,108.21,88.82,89.57,93.56,85.48,112.53,121.44,119.23,131.48,98.51,95.78,128.12,133.16,131.14,121.89,118.13,106.47,101.22,123.8,148.15,121.85,112.46,96.54,934,3600,3600,3600,3600,3600,3600,3600,3600,3600,3600,3600,3600,3600,3600,3600,3600,3600,3600,3600,3600,3600,3600,3600
3387,2720666,28,10,2720666,24,85.48,148.15,111.73041666666667,16.489104604547883,32000.0,25660,64,0.605634,43,1,26860.241599999998,212877.5775308642,933.3097222222221,,112.53,121.44,119.23,131.48,98.51,95.78,128.12,133.16,131.14,121.89,118.13,106.47,101.22,123.8,148.15,121.85,112.46,96.54,93.99,108.21,88.82,89.57,93.56,85.48,934,3600,3600,3600,3600,3600,3600,3600,3600,3600,3600,3600,3600,3600,3600,3600,3600,3600,3600,3600,3600,3600,3600,3600
2920,2742266,6,10,2742266,24,85.48,148.15,111.73041666666667,16.489104604547883,128000.0,6838,256,0.490436,42,1,32042.191644444443,65139.097313975304,267.9200222222222,,128.12,133.16,131.14,121.89,118.13,106.47,101.22,123.8,148.15,121.85,112.46,96.54,93.99,108.21,88.82,89.57,93.56,85.48,112.53,121.44,119.23,131.48,98.51,95.78,934,3600,3600,3600,3600,3600,3600,3600,3600,3600,3600,3600,3600,3600,3600,3600,3600,3600,3600,3600,3600,3600,3600,3600
3182,2767926,15,10,2767926,24,85.48,148.15,111.73041666666664,16.489104604547883,128000.0,9770,256,0.63541,32,1,45027.46168888889,130326.45424197531,375.1721111111111,,123.8,148.15,121.85,112.46,96.54,93.99,108.21,88.82,89.57,93.56,85.48,112.53,121.44,119.23,131.48,98.51,95.78,128.12,133.16,131.14,121.89,118.13,106.47,101.22,474,3600,3600,3600,3600,3600,3600,3600,3600,3600,3600,3600,3600,3600,3600,3600,3600,3600,3600,3600,3600,3600,3600,3600
3082,2789526,10,7,2789526,24,85.48,148.15,111.73041666666667,16.489104604547883,16000.0,31646,32,0.714306,32,1,14740.236711111109,159720.18435437034,1135.5950666666665,,108.21,88.82,89.57,93.56,85.48,112.53,121.44,119.23,131.48,98.51,95.78,128.12,133.16,131.14,121.89,118.13,106.47,101.22,123.8,148.15,121.85,112.46,96.54,93.99,474,3600,3600,3600,3600,3600,3600,3600,3600,3600,3600,3600,3600,3600,3600,3600,3600,3600,3600,3600,3600,3600,3600,3600
3472,2799296,24,11,2799296,24,85.48,148.15,111.73041666666667,16.489104604547883,64000.0,14615,128,0.314238,54,1,27844.8848,143313.15993580243,551.581611111111,,93.56,85.48,112.53,121.44,119.23,131.48,98.51,95.78,128.12,133.16,131.14,121.89,118.13,106.47,101.22,123.8,148.15,121.85,112.46,96.54,93.99,108.21,88.82,89.57,1504,3600,3600,3600,3600,3600,3600,3600,3600,3600,3600,3600,3600,3600,3600,3600,3600,3600,3600,3600,3600,3600,3600,3600
3526,2842496,18,7,2842496,24,85.48,148.15,111.73041666666666,16.489104604547883,128000.0,10251,256,0.950355,39,1,39710.9376,143145.62006400002,392.7393,,118.13,106.47,101.22,123.8,148.15,121.85,112.46,96.54,93.99,108.21,88.82,89.57,93.56,85.48,112.53,121.44,119.23,131.48,98.51,95.78,128.12,133.16,131.14,121.89,1504,3600,3600,3600,3600,3600,3600,3600,3600,3600,3600,3600,3600,3600,3600,3600,3600,3600,3600,3600,3600,3600,3600,3600
3609,2857111,23,6,2857111,24,85.48,148.15,111.73041666666666,16.489104604547883,64000.0,36538,128,0.958326,35,1,66085.17902222222,861970.8882573828,1326.998261111111,,148.15,121.85,112.46,96.54,93.99,108.21,88.82,89.57,93.56,85.48,112.53,121.44,119.23,131.48,98.51,95.78,128.12,133.16,131.14,121.89,118.13,106.47,101.22,123.8,1289,3600,3600,3600,3600,3600,3600,3600,3600,3600,3600,3600,3600,3600,3600,3600,3600,3600,3600,3600,3600,3600,3600,3600
3581,2867362,21,10,2867362,24,85.48,148.15,111.73041666666667,16.489104604547883,64000.0,24906,128,0.600546,38,1,41907.60106666667,401943.2782026666,907.7856499999999,,96.54,93.99,108.21,88.82,89.57,93.56,85.48,112.53,121.44,119.23,131.48,98.51,95.78,128.12,133.16,131.14,121.89,118.13,106.47,101.22,123.8,148.15,121.85,112.46,1838,3600,3600,3600,3600,3600,3600,3600,3600,3600,3600,3600,3600,3600,3600,3600,3600,3600,3600,3600,3600,3600,3600,3600
3590,2888962,21,10,2888962,24,85.48,148.15,111.73041666666666,16.489104604547883,128000.0,15977,256,0.970492,42,2,66405.11857777777,340873.1594615308,600.0536777777777,,85.48,112.53,121.44,119.23,131.48,98.51,95.78,128.12,133.16,131.14,121.89,118.13,106.47,101.22,123.8,148.15,121.85,112.46,96.54,93.99,108.21,88.82,89.57,93.56,1838,3600,3600,3600,3600,3600,3600,3600,3600,3600,3600,3600,3600,3600,3600,3600,3600,3600,3600,3600,3600,3600,3600,3600
3649,2913868,21,9,2913868,24,85.48,148.15,111.73041666666667,16.489104604547883,128000.0,5922,256,0.664494,37,1,27642.46897777778,49279.08339200001,234.03820000000002,,128.12,133.16,131.14,121.89,118.13,106.47,101.22,123.8,148.15,121.85,112.46,96.54,93.99,108.21,88.82,89.57,93.56,85.48,112.53,121.44,119.23,131.48,98.51,95.78,2132,3600,3600,3600,3600,3600,3600,3600,3600,3600,3600,3600,3600,3600,3600,3600,3600,3600,3600,3600,3600,3600,3600,3600
3701,2929845,29,7,2929845,24,85.48,148.15,111.73041666666666,16.489104604547883,128000.0,12983,256,0.537036,36,1,53337.39911111111,227259.89704158026,492.3118388888889,,118.13,106.47,101.22,123.8,148.15,121.85,112.46,96.54,93.99,108.21,88.82,89.57,93.56,85.48,112.53,121.44,119.23,131.48,98.51,95.78,128.12,133.16,131.14,121.89,555,3600,3600,3600,3600,3600,3600,3600,3600,3600,3600,3600,3600,3600,3600,3600,3600,3600,3600,3600,3600,3600,3600,3600
3686,2935767,26,7,2935767,24,85.48,148.15,111.73041666666664,16.489104604547883,64000.0,9257,128,0.32263,35,1,21188.456177777778,58658.31122232099,356.4362111111111,,101.22,123.8,148.15,121.85,112.46,96.54,93.99,108.21,88.82,89.57,93.56,85.48,112.53,121.44,119.23,131.48,98.51,95.78,128.12,133.16,131.14,121.89,118.13,106.47,1833,3600,3600,3600,3600,3600,3600,3600,3600,3600,3600,3600,3600,3600,3600,3600,3600,3600,3600,3600,3600,3600,3600,3600
3651,2948750,21,10,2948750,24,85.48,148.15,111.73041666666666,16.489104604547883,64000.0,8545,128,0.387555,34,1,15508.48088888889,50196.35134320987,330.43238888888885,,112.46,96.54,93.99,108.21,88.82,89.57,93.56,85.48,112.53,121.44,119.23,131.48,98.51,95.78,128.12,133.16,131.14,121.89,118.13,106.47,101.22,123.8,148.15,121.85,3250,3600,3600,3600,3600,3600,3600,3600,3600,3600,3600,3600,3600,3600,3600,3600,3600,3600,3600,3600,3600,3600,3600,3600
3221,2970350,11,0,2970350,24,85.48,148.15,111.73041666666667,16.489104604547883,64000.0,18202,128,0.251999,26,1,34771.465955555555,219717.24985283948,678.9965555555555,,93.56,85.48,112.53,121.44,119.23,131.48,98.51,95.78,128.12,133.16,131.14,121.89,118.13,106.47,101.22,123.8,148.15,121.85,112.46,96.54,93.99,108.21,88.82,89.57,3250,3600,3600,3600,3600,3600,3600,3600,3600,3600,3600,3600,3600,3600,3600,3600,3600,3600,3600,3600,3600,3600,3600,3600
3226,2970350,11,0,2970350,24,85.48,148.15,111.73041666666667,16.489104604547883,64000.0,14350,128,0.102312,25,2,26486.382222222222,138297.93012345678,542.108611111111,,93.56,85.48,112.53,121.44,119.23,131.48,98.51,95.78,128.12,133.16,131.14,121.89,118.13,106.47,101.22,123.8,148.15,121.85,112.46,96.54,93.99,108.21,88.82,89.57,3250,3600,3600,3600,3600,3600,3600,3600,3600,3600,3600,3600,3600,3600,3600,3600,3600,3600,3600,3600,3600,3600,3600,3600
3698,2978895,21,0,2978895,24,85.48,148.15,111.73041666666667,16.489104604547883,32000.0,15317,64,0.068176,24,2,16101.49128888889,78499.96689056788,576.5650111111111,,112.53,121.44,119.23,131.48,98.51,95.78,128.12,133.16,131.14,121.89,118.13,106.47,101.22,123.8,148.15,121.85,112.46,96.54,93.99,108.21,88.82,89.57,93.56,85.48,1905,3600,3600,3600,3600,3600,3600,3600,3600,3600,3600,3600,3600,3600,3600,3600,3600,3600,3600,3600,3600,3600,3600,3600
3661,2988552,18,10,2988552,24,85.48,148.15,111.73041666666667,16.489104604547883,104500.0,5792,209,0.829983,23,2,19479.452544444444,38540.125420839504,229.22964444444443,,131.48,98.51,95.78,128.12,133.16,131.14,121.89,118.13,106.47,101.22,123.8,148.15,121.85,112.46,96.54,93.99,108.21,88.82,89.57,93.56,85.48,112.53,121.44,119.23,3048,3600,3600,3600,3600,3600,3600,3600,3600,3600,3600,3600,3600,3600,3600,3600,3600,3600,3600,3600,3600,3600,3600,3600
3706,3010152,18,10,3010152,24,85.48,148.15,111.73041666666666,16.489104604547883,32000.0,27229,64,0.360798,20,1,28910.328711111113,238753.2044876296,986.4385583333333,,121.89,118.13,106.47,101.22,123.8,148.15,121.85,112.46,96.54,93.99,108.21,88.82,89.57,93.56,85.48,112.53,121.44,119.23,131.48,98.51,95.78,128.12,133.16,131.14,3048,3600,3600,3600,3600,3600,3600,3600,3600,3600,3600,3600,3600,3600,3600,3600,3600,3600,3600,3600,3600,3600,3600,3600
2867,3031752,1,0,3031752,24,85.48,148.15,111.73041666666667,16.489104604547883,64000.0,29622,128,0.199458,17,1,52412.23679999999,562113.6107822221,1067.4124166666666,,121.85,112.46,96.54,93.99,108.21,88.82,89.57,93.56,85.48,112.53,121.44,119.23,131.48,98.51,95.78,128.12,133.16,131.14,121.89,118.13,106.47,101.22,123.8,148.15,3048,3600,3600,3600,3600,3600,3600,3600,3600,3600,3600,3600,3600,3600,3600,3600,3600,3600,3600,3600,3600,3600,3600,3600
2706,3031752,0,0,3031752,24,85.48,148.15,111.73041666666667,16.489104604547883,64000.0,29251,128,0.044038,16,2,51848.4487111111,548543.4035350615,1054.855097222222,,121.85,112.46,96.54,93.99,108.21,88.82,89.57,93.56,85.48,112.53,121.44,119.23,131.48,98.51,95.78,128.12,133.16,131.14,121.89,118.13,106.47,101.22,123.8,148.15,3048,3600,3600,3600,3600,3600,3600,3600,3600,3600,3600,3600,3600,3600,3600,3600,3600,3600,3600,3600,3600,3600,3600,3600
3399,3058981,8,0,3058981,24,85.48,148.15,111.73041666666667,16.489104604547883,128000.0,11875,256,0.201673,13,2,44516.782933333336,190823.274691358,451.9498611111111,,93.56,85.48,112.53,121.44,119.23,131.48,98.51,95.78,128.12,133.16,131.14,121.89,118.13,106.47,101.22,123.8,148.15,121.85,112.46,96.54,93.99,108.21,88.82,89.57,1019,3600,3600,3600,3600,3600,3600,3600,3600,3600,3600,3600,3600,3600,3600,3600,3600,3600,3600,3600,3600,3600,3600,3600
3422,3088232,7,0,3088232,24,85.48,148.15,111.73041666666667,16.489104604547883,128000.0,21820,256,0.099809,11,1,92472.30577777777,626659.1936790122,807.7355555555555,,128.12,133.16,131.14,121.89,118.13,106.47,101.22,123.8,148.15,121.85,112.46,96.54,93.99,108.21,88.82,89.57,93.56,85.48,112.53,121.44,119.23,131.48,98.51,95.78,568,3600,3600,3600,3600,3600,3600,3600,3600,3600,3600,3600,3600,3600,3600,3600,3600,3600,3600,3600,3600,3600,3600,3600
3033,3100107,2,0,3100107,24,85.48,148.15,111.73041666666666,16.489104604547883,128000.0,11942,256,0.237548,10,1,46834.00142222222,192936.23524898762,454.39052222222216,,118.13,106.47,101.22,123.8,148.15,121.85,112.46,96.54,93.99,108.21,88.82,89.57,93.56,85.48,112.53,121.44,119.23,131.48,98.51,95.78,128.12,133.16,131.14,121.89,3093,3600,3600,3600,3600,3600,3600,3600,3600,3600,3600,3600,3600,3600,3600,3600,3600,3600,3600,3600,3600,3600,3600,3600
3572,3121927,7,10,3121927,24,85.48,148.15,111.73041666666666,16.489104604547883,1500.0,109441,3,0.838816,9,1,4957.129858333332,148456.9784490602,3255.6057444444446,,112.46,96.54,93.99,108.21,88.82,89.57,93.56,85.48,112.53,121.44,119.23,131.48,98.51,95.78,128.12,133.16,131.14,121.89,118.13,106.47,101.22,123.8,148.15,121.85,2873,3600,3600,3600,3600,3600,3600,3600,3600,3600,3600,3600,3600,3600,3600,3600,3600,3600,3600,3600,3600,3600,3600,3600
3135,3143527,3,0,3143527,24,85.48,148.15,111.73041666666667,16.489104604547883,69500.0,10539,139,0.038783,8,1,20043.50887222222,82047.315714125,403.2577,,93.56,85.48,112.53,121.44,119.23,131.48,98.51,95.78,128.12,133.16,131.14,121.89,118.13,106.47,101.22,123.8,148.15,121.85,112.46,96.54,93.99,108.21,88.82,89.57,2873,3600,3600,3600,3600,3600,3600,3600,3600,3600,3600,3600,3600,3600,3600,3600,3600,3600,3600,3600,3600,3600,3600,3600
3150,3143527,3,0,3143527,24,85.48,148.15,111.73041666666667,16.489104604547883,64000.0,22987,128,0.134386,7,2,44971.09368888889,344421.478081037,842.8115083333332,,93.56,85.48,112.53,121.44,119.23,131.48,98.51,95.78,128.12,133.16,131.14,121.89,118.13,106.47,101.22,123.8,148.15,121.85,112.46,96.54,93.99,108.21,88.82,89.57,2873,3600,3600,3600,3600,3600,3600,3600,3600,3600,3600,3600,3600,3600,3600,3600,3600,3600,3600,3600,3600,3600,3600,3600
3533,3154066,4,10,3154066,24,85.48,148.15,111.7304166666667,16.489104604547883,8000.0,49258,16,0.473134,6,2,13079.847911111112,187086.8304761975,1709.1451888888887,,121.44,119.23,131.48,98.51,95.78,128.12,133.16,131.14,121.89,118.13,106.47,101.22,123.8,148.15,121.85,112.46,96.54,93.99,108.21,88.82,89.57,93.56,85.48,112.53,3134,3600,3600,3600,3600,3600,3600,3600,3600,3600,3600,3600,3600,3600,3600,3600,3600,3600,3600,3600,3600,3600,3600,3600
2968,3175666,0,0,3175666,24,85.48,148.15,111.73041666666667,16.489104604547883,64000.0,14952,128,0.032383,5,3,33100.19377777778,150465.79928177778,566.0581333333333,,133.16,131.14,121.89,118.13,106.47,101.22,123.8,148.15,121.85,112.46,96.54,93.99,108.21,88.82,89.57,93.56,85.48,112.53,121.44,119.23,131.48,98.51,95.78,128.12,3134,3600,3600,3600,3600,3600,3600,3600,3600,3600,3600,3600,3600,3600,3600,3600,3600,3600,3600,3600,3600,3600,3600,3600
3712,3177053,3,10,3177053,24,85.48,148.15,111.73041666666667,16.489104604547883,500.0,63601,1,0.981133,4,3,970.2455944444444,18887.206456115353,2138.140697222222,,133.16,131.14,121.89,118.13,106.47,101.22,123.8,148.15,121.85,112.46,96.54,93.99,108.21,88.82,89.57,93.56,85.48,112.53,121.44,119.23,131.48,98.51,95.78,128.12,1747,3600,3600,3600,3600,3600,3600,3600,3600,3600,3600,3600,3600,3600,3600,3600,3600,3600,3600,3600,3600,3600,3600,3600
2981,3198653,0,0,3198653,24,85.48,148.15,111.73041666666664,16.489104604547883,111000.0,11108,222,0.088726,3,3,44131.89368333333,145221.92791192592,424.0097555555555,,123.8,148.15,121.85,112.46,96.54,93.99,108.21,88.82,89.57,93.56,85.48,112.53,121.44,119.23,131.48,98.51,95.78,128.12,133.16,131.14,121.89,118.13,106.47,101.22,1747,3600,3600,3600,3600,3600,3600,3600,3600,3600,3600,3600,3600,3600,3600,3600,3600,3600,3600,3600,3600,3600,3600,3600
3034,3198653,0,0,3198653,24,85.48,148.15,111.73041666666664,16.489104604547883,75000.0,14005,150,0.049635,2,4,36122.70666666667,154504.62695891206,529.5410277777778,,123.8,148.15,121.85,112.46,96.54,93.99,108.21,88.82,89.57,93.56,85.48,112.53,121.44,119.23,131.48,98.51,95.78,128.12,133.16,131.14,121.89,118.13,106.47,101.22,1747,3600,3600,3600,3600,3600,3600,3600,3600,3600,3600,3600,3600,3600,3600,3600,3600,3600,3600,3600,3600,3600,3600,3600
3184,3209761,0,0,3209761,24,85.48,148.15,111.73041666666666,16.489104604547883,128000.0,14942,256,0.030563,1,4,52528.86755555555,299222.07837708644,563.2191777777778,,112.46,96.54,93.99,108.21,88.82,89.57,93.56,85.48,112.53,121.44,119.23,131.48,98.51,95.78,128.12,133.16,131.14,121.89,118.13,106.47,101.22,123.8,148.15,121.85,1439,3600,3600,3600,3600,3600,3600,3600,3600,3600,3600,3600,3600,3600,3600,3600,3600,3600,3600,3600,3600,3600,3600,3600
4139,3318715,0,7,3318715,24,93.1,160.84,124.87958333333336,18.372091034856528,16000.0,85,32,0.961239,1,0,42.26577777777778,1.434653086419753,3.7976111111111113,,111.88,103.64,121.56,121.43,108.29,104.46,105.63,113.45,121.7,134.61,137.01,138.57,158.17,146.55,121.47,129.12,160.84,143.84,142.82,147.86,116.38,93.1,110.47,104.26,485,3600,3600,3600,3600,3600,3600,3600,3600,3600,3600,3600,3600,3600,3600,3600,3600,3600,3600,3600,3600,3600,3600,3600
4140,3320915,0,10,3320915,24,93.1,160.84,124.87958333333334,18.372091034856528,16000.0,15233,32,0.458848,7,1,7671.704355555556,43783.228713283956,646.7029777777778,,103.64,121.56,121.43,108.29,104.46,105.63,113.45,121.7,134.61,137.01,138.57,158.17,146.55,121.47,129.12,160.84,143.84,142.82,147.86,116.38,93.1,110.47,104.26,111.88,1885,3600,3600,3600,3600,3600,3600,3600,3600,3600,3600,3600,3600,3600,3600,3600,3600,3600,3600,3600,3600,3600,3600,3600
4200,3342515,8,10,3342515,24,93.1,160.84,124.87958333333331,18.372091034856528,10500.0,10090,21,0.540768,11,1,3716.6042083333336,12881.40293773148,437.7087222222222,,113.45,121.7,134.61,137.01,138.57,158.17,146.55,121.47,129.12,160.84,143.84,142.82,147.86,116.38,93.1,110.47,104.26,111.88,103.64,121.56,121.43,108.29,104.46,105.63,1885,3600,3600,3600,3600,3600,3600,3600,3600,3600,3600,3600,3600,3600,3600,3600,3600,3600,3600,3600,3600,3600,3600,3600
4157,3364115,1,10,3364115,24,93.1,160.84,124.87958333333334,18.372091034856528,96500.0,11568,193,0.673698,12,1,42292.10259861111,154464.71161333332,498.134,,146.55,121.47,129.12,160.84,143.84,142.82,147.86,116.38,93.1,110.47,104.26,111.88,103.64,121.56,121.43,108.29,104.46,105.63,113.45,121.7,134.61,137.01,138.57,158.17,1885,3600,3600,3600,3600,3600,3600,3600,3600,3600,3600,3600,3600,3600,3600,3600,3600,3600,3600,3600,3600,3600,3600,3600
4196,3385715,3,10,3385715,24,93.1,160.84,124.87958333333336,18.372091034856528,16000.0,22140,32,0.576665,6,1,10854.881333333335,91171.8312,926.543,,147.86,116.38,93.1,110.47,104.26,111.88,103.64,121.56,121.43,108.29,104.46,105.63,113.45,121.7,134.61,137.01,138.57,158.17,146.55,121.47,129.12,160.84,143.84,142.82,1885,3600,3600,3600,3600,3600,3600,3600,3600,3600,3600,3600,3600,3600,3600,3600,3600,3600,3600,3600,3600,3600,3600,3600
4219,3407315,4,10,3407315,24,93.1,160.84,124.87958333333334,18.372091034856528,128000.0,23399,256,0.365924,8,1,92976.23822222222,806445.1899908149,969.3265083333334,,103.64,121.56,121.43,108.29,104.46,105.63,113.45,121.7,134.61,137.01,138.57,158.17,146.55,121.47,129.12,160.84,143.84,142.82,147.86,116.38,93.1,110.47,104.26,111.88,1885,3600,3600,3600,3600,3600,3600,3600,3600,3600,3600,3600,3600,3600,3600,3600,3600,3600,3600,3600,3600,3600,3600,3600
4161,3429455,1,10,3429455,24,93.1,160.84,124.87958333333331,18.372091034856528,128000.0,17221,256,0.476555,4,1,81808.11271111111,444613.84281916055,726.1346222222223,,113.45,121.7,134.61,137.01,138.57,158.17,146.55,121.47,129.12,160.84,143.84,142.82,147.86,116.38,93.1,110.47,104.26,111.88,103.64,121.56,121.43,108.29,104.46,105.63,1345,3600,3600,3600,3600,3600,3600,3600,3600,3600,3600,3600,3600,3600,3600,3600,3600,3600,3600,3600,3600,3600,3600,3600
4252,3452854,4,10,3452854,24,93.1,160.84,124.87958333333334,18.372091034856528,64000.0,540,128,0.813818,24,1,1166.1119999999999,231.6096,24.126,,121.47,129.12,160.84,143.84,142.82,147.86,116.38,93.1,110.47,104.26,111.88,103.64,121.56,121.43,108.29,104.46,105.63,113.45,121.7,134.61,137.01,138.57,158.17,146.55,3146,3600,3600,3600,3600,3600,3600,3600,3600,3600,3600,3600,3600,3600,3600,3600,3600,3600,3600,3600,3600,3600,3600,3600
4266,3474454,5,6,3474454,24,93.1,160.84,124.87958333333336,18.372091034856528,32000.0,17680,64,0.575894,11,1,16808.6688,116998.25999012348,744.4742222222224,,116.38,93.1,110.47,104.26,111.88,103.64,121.56,121.43,108.29,104.46,105.63,113.45,121.7,134.61,137.01,138.57,158.17,146.55,121.47,129.12,160.84,143.84,142.82,147.86,3146,3600,3600,3600,3600,3600,3600,3600,3600,3600,3600,3600,3600,3600,3600,3600,3600,3600,3600,3600,3600,3600,3600,3600
4274,3475554,8,10,3475554,24,93.1,160.84,124.87958333333336,18.372091034856528,2000.0,12627,4,0.889632,10,1,735.2602999999999,3796.8275368749996,541.2441249999999,,116.38,93.1,110.47,104.26,111.88,103.64,121.56,121.43,108.29,104.46,105.63,113.45,121.7,134.61,137.01,138.57,158.17,146.55,121.47,129.12,160.84,143.84,142.82,147.86,2046,3600,3600,3600,3600,3600,3600,3600,3600,3600,3600,3600,3600,3600,3600,3600,3600,3600,3600,3600,3600,3600,3600,3600
4284,3497154,3,10,3497154,24,93.1,160.84,124.87958333333334,18.372091034856528,1000.0,24235,2,0.848901,11,1,766.0702916666667,6742.079667303241,1001.5055416666668,,121.56,121.43,108.29,104.46,105.63,113.45,121.7,134.61,137.01,138.57,158.17,146.55,121.47,129.12,160.84,143.84,142.82,147.86,116.38,93.1,110.47,104.26,111.88,103.64,2046,3600,3600,3600,3600,3600,3600,3600,3600,3600,3600,3600,3600,3600,3600,3600,3600,3600,3600,3600,3600,3600,3600,3600
4349,3518754,10,0,3518754,24,93.1,160.84,124.8795833333333,18.372091034856528,16000.0,15721,32,0.259807,18,1,9690.759777777777,46548.22427832099,666.2012888888889,,121.7,134.61,137.01,138.57,158.17,146.55,121.47,129.12,160.84,143.84,142.82,147.86,116.38,93.1,110.47,104.26,111.88,103.64,121.56,121.43,108.29,104.46,105.63,113.45,2046,3600,3600,3600,3600,3600,3600,3600,3600,3600,3600,3600,3600,3600,3600,3600,3600,3600,3600,3600,3600,3600,3600,3600
4353,3518754,11,10,3518754,24,93.1,160.84,124.8795833333333,18.372091034856528,2000.0,12083,4,0.847946,17,2,899.9740499999999,3484.5948331712966,519.0987916666667,,121.7,134.61,137.01,138.57,158.17,146.55,121.47,129.12,160.84,143.84,142.82,147.86,116.38,93.1,110.47,104.26,111.88,103.64,121.56,121.43,108.29,104.46,105.63,113.45,2046,3600,3600,3600,3600,3600,3600,3600,3600,3600,3600,3600,3600,3600,3600,3600,3600,3600,3600,3600,3600,3600,3600,3600
4378,3540354,11,10,3540354,24,93.1,160.84,124.87958333333334,18.372091034856528,2000.0,12031,4,0.807575,13,2,940.5433444444445,3455.449967060186,516.9819583333334,,121.47,129.12,160.84,143.84,142.82,147.86,116.38,93.1,110.47,104.26,111.88,103.64,121.56,121.43,108.29,104.46,105.63,113.45,121.7,134.61,137.01,138.57,158.17,146.55,2046,3600,3600,3600,3600,3600,3600,3600,3600,3600,3600,3600,3600,3600,3600,3600,3600,3600,3600,3600,3600,3600,3600,3600
4322,3561954,3,10,3561954,24,93.1,160.84,124.87958333333336,18.372091034856528,128000.0,9531,256,0.626481,11,1,35579.7184,140550.259728,414.74935,,116.38,93.1,110.47,104.26,111.88,103.64,121.56,121.43,108.29,104.46,105.63,113.45,121.7,134.61,137.01,138.57,158.17,146.55,121.47,129.12,160.84,143.84,142.82,147.86,2046,3600,3600,3600,3600,3600,3600,3600,3600,3600,3600,3600,3600,3600,3600,3600,3600,3600,3600,3600,3600,3600,3600,3600
4357,3583554,6,7,3583554,24,93.1,160.84,124.87958333333334,18.372091034856528,128000.0,6296,256,0.922088,9,1,26888.827022222224,62521.63175032099,279.29175555555554,,121.56,121.43,108.29,104.46,105.63,113.45,121.7,134.61,137.01,138.57,158.17,146.55,121.47,129.12,160.84,143.84,142.82,147.86,116.38,93.1,110.47,104.26,111.88,103.64,2046,3600,3600,3600,3600,3600,3600,3600,3600,3600,3600,3600,3600,3600,3600,3600,3600,3600,3600,3600,3600,3600,3600,3600
4411,3593085,21,10,3593085,24,93.1,160.84,124.8795833333333,18.372091034856528,64000.0,18725,128,0.951644,22,1,39041.22666666666,261658.11043209885,786.0223611111113,,104.46,105.63,113.45,121.7,134.61,137.01,138.57,158.17,146.55,121.47,129.12,160.84,143.84,142.82,147.86,116.38,93.1,110.47,104.26,111.88,103.64,121.56,121.43,108.29,3315,3600,3600,3600,3600,3600,3600,3600,3600,3600,3600,3600,3600,3600,3600,3600,3600,3600,3600,3600,3600,3600,3600,3600
4456,3614685,22,7,3614685,24,93.1,160.84,124.87958333333336,18.372091034856528,500.0,139,1,0.596212,23,1,2.675170833333333,0.11989157561728393,6.210211111111111,,138.57,158.17,146.55,121.47,129.12,160.84,143.84,142.82,147.86,116.38,93.1,110.47,104.26,111.88,103.64,121.56,121.43,108.29,104.46,105.63,113.45,121.7,134.61,137.01,3315,3600,3600,3600,3600,3600,3600,3600,3600,3600,3600,3600,3600,3600,3600,3600,3600,3600,3600,3600,3600,3600,3600,3600
4423,3616885,11,10,3616885,24,93.1,160.84,124.87958333333336,18.372091034856528,64000.0,9968,128,0.771225,26,2,25818.44373333333,76677.9160525432,432.69791111111107,,138.57,158.17,146.55,121.47,129.12,160.84,143.84,142.82,147.86,116.38,93.1,110.47,104.26,111.88,103.64,121.56,121.43,108.29,104.46,105.63,113.45,121.7,134.61,137.01,1115,3600,3600,3600,3600,3600,3600,3600,3600,3600,3600,3600,3600,3600,3600,3600,3600,3600,3600,3600,3600,3600,3600,3600
4467,3638485,16,9,3638485,24,93.1,160.84,124.87958333333336,18.372091034856528,128000.0,12820,256,0.701328,17,1,60801.888,250292.36207407404,549.1008333333333,,143.84,142.82,147.86,116.38,93.1,110.47,104.26,111.88,103.64,121.56,121.43,108.29,104.46,105.63,113.45,121.7,134.61,137.01,138.57,158.17,146.55,121.47,129.12,160.84,1115,3600,3600,3600,3600,3600,3600,3600,3600,3600,3600,3600,3600,3600,3600,3600,3600,3600,3600,3600,3600,3600,3600,3600
4406,3649285,8,10,3649285,24,93.1,160.84,124.87958333333336,18.372091034856528,64000.0,14213,128,0.997963,16,1,26578.70115555556,153072.75715037037,605.8075416666667,,116.38,93.1,110.47,104.26,111.88,103.64,121.56,121.43,108.29,104.46,105.63,113.45,121.7,134.61,137.01,138.57,158.17,146.55,121.47,129.12,160.84,143.84,142.82,147.86,1115,3600,3600,3600,3600,3600,3600,3600,3600,3600,3600,3600,3600,3600,3600,3600,3600,3600,3600,3600,3600,3600,3600,3600
4485,3670885,14,0,3670885,24,93.1,160.84,124.87958333333334,18.372091034856528,16000.0,9450,32,0.189776,36,1,4804.860000000001,17279.745,411.4225,,121.56,121.43,108.29,104.46,105.63,113.45,121.7,134.61,137.01,138.57,158.17,146.55,121.47,129.12,160.84,143.84,142.82,147.86,116.38,93.1,110.47,104.26,111.88,103.64,1115,3600,3600,3600,3600,3600,3600,3600,3600,3600,3600,3600,3600,3600,3600,3600,3600,3600,3600,3600,3600,3600,3600,3600
4354,3670885,5,10,3670885,24,93.1,160.84,124.87958333333334,18.372091034856528,10500.0,28374,21,0.343885,35,2,9718.6103875,95952.94751612503,1159.4471500000002,,121.56,121.43,108.29,104.46,105.63,113.45,121.7,134.61,137.01,138.57,158.17,146.55,121.47,129.12,160.84,143.84,142.82,147.86,116.38,93.1,110.47,104.26,111.88,103.64,1115,3600,3600,3600,3600,3600,3600,3600,3600,3600,3600,3600,3600,3600,3600,3600,3600,3600,3600,3600,3600,3600,3600,3600
4431,3692485,8,10,3692485,24,93.1,160.84,124.8795833333333,18.372091034856528,25000.0,40369,50,0.472826,44,1,39608.555138888885,444924.2624801312,1587.0864722222223,,121.7,134.61,137.01,138.57,158.17,146.55,121.47,129.12,160.84,143.84,142.82,147.86,116.38,93.1,110.47,104.26,111.88,103.64,121.56,121.43,108.29,104.46,105.63,113.45,1115,3600,3600,3600,3600,3600,3600,3600,3600,3600,3600,3600,3600,3600,3600,3600,3600,3600,3600,3600,3600,3600,3600,3600
4515,3714085,12,10,3714085,24,93.1,160.84,124.87958333333334,18.372091034856528,60500.0,16150,121,0.640904,35,2,38739.53057638889,185465.72271604938,683.3422222222223,,121.47,129.12,160.84,143.84,142.82,147.86,116.38,93.1,110.47,104.26,111.88,103.64,121.56,121.43,108.29,104.46,105.63,113.45,121.7,134.61,137.01,138.57,158.17,146.55,1115,3600,3600,3600,3600,3600,3600,3600,3600,3600,3600,3600,3600,3600,3600,3600,3600,3600,3600,3600,3600,3600,3600,3600
4631,3735685,28,10,3735685,24,93.1,160.84,124.87958333333336,18.372091034856528,16000.0,22116,32,0.576284,31,2,10571.667822222222,90424.13616533336,919.9417000000002,,116.38,93.1,110.47,104.26,111.88,103.64,121.56,121.43,108.29,104.46,105.63,113.45,121.7,134.61,137.01,138.57,158.17,146.55,121.47,129.12,160.84,143.84,142.82,147.86,1115,3600,3600,3600,3600,3600,3600,3600,3600,3600,3600,3600,3600,3600,3600,3600,3600,3600,3600,3600,3600,3600,3600,3600
4587,3757285,24,10,3757285,24,93.1,160.84,124.87958333333334,18.372091034856528,105000.0,12027,210,0.765708,41,1,39387.190500000004,181293.6888109375,516.819125,,121.56,121.43,108.29,104.46,105.63,113.45,121.7,134.61,137.01,138.57,158.17,146.55,121.47,129.12,160.84,143.84,142.82,147.86,116.38,93.1,110.47,104.26,111.88,103.64,1115,3600,3600,3600,3600,3600,3600,3600,3600,3600,3600,3600,3600,3600,3600,3600,3600,3600,3600,3600,3600,3600,3600,3600
4545,3778885,17,10,3778885,24,93.1,160.84,124.8795833333333,18.372091034856528,64000.0,26577,128,0.708434,37,2,64953.52142222222,515502.292436,1091.056325,,121.7,134.61,137.01,138.57,158.17,146.55,121.47,129.12,160.84,143.84,142.82,147.86,116.38,93.1,110.47,104.26,111.88,103.64,121.56,121.43,108.29,104.46,105.63,113.45,1115,3600,3600,3600,3600,3600,3600,3600,3600,3600,3600,3600,3600,3600,3600,3600,3600,3600,3600,3600,3600,3600,3600,3600
4620,3800485,24,7,3800485,24,93.1,160.84,124.87958333333334,18.372091034856528,32000.0,21615,64,0.734266,45,1,26973.48488888889,173046.30365000002,900.6573750000001,,121.47,129.12,160.84,143.84,142.82,147.86,116.38,93.1,110.47,104.26,111.88,103.64,121.56,121.43,108.29,104.46,105.63,113.45,121.7,134.61,137.01,138.57,158.17,146.55,1115,3600,3600,3600,3600,3600,3600,3600,3600,3600,3600,3600,3600,3600,3600,3600,3600,3600,3600,3600,3600,3600,3600,3600
4619,3802685,23,7,3802685,24,93.1,160.84,124.87958333333336,18.372091034856528,128000.0,16952,256,0.917882,45,2,87905.3816888889,431190.51614182716,715.3865777777778,,129.12,160.84,143.84,142.82,147.86,116.38,93.1,110.47,104.26,111.88,103.64,121.56,121.43,108.29,104.46,105.63,113.45,121.7,134.61,137.01,138.57,158.17,146.55,121.47,2515,3600,3600,3600,3600,3600,3600,3600,3600,3600,3600,3600,3600,3600,3600,3600,3600,3600,3600,3600,3600,3600,3600,3600
4461,3827062,8,10,3827062,24,93.1,160.84,124.87958333333336,18.372091034856528,128000.0,16582,256,0.618645,35,1,64606.20444444444,413063.08673738275,700.6030222222223,,110.47,104.26,111.88,103.64,121.56,121.43,108.29,104.46,105.63,113.45,121.7,134.61,137.01,138.57,158.17,146.55,121.47,129.12,160.84,143.84,142.82,147.86,116.38,93.1,3338,3600,3600,3600,3600,3600,3600,3600,3600,3600,3600,3600,3600,3600,3600,3600,3600,3600,3600,3600,3600,3600,3600,3600
4534,3848662,11,10,3848662,24,93.1,160.84,124.87958333333331,18.372091034856528,128000.0,12081,256,0.930211,50,1,45967.9776,222942.18337333333,519.017375,,108.29,104.46,105.63,113.45,121.7,134.61,137.01,138.57,158.17,146.55,121.47,129.12,160.84,143.84,142.82,147.86,116.38,93.1,110.47,104.26,111.88,103.64,121.56,121.43,3338,3600,3600,3600,3600,3600,3600,3600,3600,3600,3600,3600,3600,3600,3600,3600,3600,3600,3600,3600,3600,3600,3600,3600
4829,3870262,36,1,3870262,24,93.1,160.84,124.87958333333331,18.372091034856528,32000.0,11464,64,0.502325,58,1,14767.188266666664,50329.54152296296,493.9003333333333,,137.01,138.57,158.17,146.55,121.47,129.12,160.84,143.84,142.82,147.86,116.38,93.1,110.47,104.26,111.88,103.64,121.56,121.43,108.29,104.46,105.63,113.45,121.7,134.61,3338,3600,3600,3600,3600,3600,3600,3600,3600,3600,3600,3600,3600,3600,3600,3600,3600,3600,3600,3600,3600,3600,3600,3600
4843,3882343,42,10,3882343,24,93.1,160.84,124.87958333333334,18.372091034856528,16000.0,13442,32,0.988243,67,1,8296.656666666668,34317.211923703704,574.4214166666667,,146.55,121.47,129.12,160.84,143.84,142.82,147.86,116.38,93.1,110.47,104.26,111.88,103.64,121.56,121.43,108.29,104.46,105.63,113.45,121.7,134.61,137.01,138.57,158.17,2057,3600,3600,3600,3600,3600,3600,3600,3600,3600,3600,3600,3600,3600,3600,3600,3600,3600,3600,3600,3600,3600,3600,3600
4525,3903943,9,10,3903943,24,93.1,160.84,124.87958333333336,18.372091034856528,56500.0,10056,113,0.571012,37,1,17994.332659722222,68860.25629955556,436.3122666666667,,147.86,116.38,93.1,110.47,104.26,111.88,103.64,121.56,121.43,108.29,104.46,105.63,113.45,121.7,134.61,137.01,138.57,158.17,146.55,121.47,129.12,160.84,143.84,142.82,2057,3600,3600,3600,3600,3600,3600,3600,3600,3600,3600,3600,3600,3600,3600,3600,3600,3600,3600,3600,3600,3600,3600,3600
4912,3925543,36,8,3925543,24,93.1,160.84,124.87958333333334,18.372091034856528,32000.0,6710,64,0.791067,48,1,6921.504622222223,17743.107202469135,297.48130555555554,,103.64,121.56,121.43,108.29,104.46,105.63,113.45,121.7,134.61,137.01,138.57,158.17,146.55,121.47,129.12,160.84,143.84,142.82,147.86,116.38,93.1,110.47,104.26,111.88,2057,3600,3600,3600,3600,3600,3600,3600,3600,3600,3600,3600,3600,3600,3600,3600,3600,3600,3600,3600,3600,3600,3600,3600
4905,3930943,33,10,3930943,24,93.1,160.84,124.87958333333334,18.372091034856528,128000.0,6946,256,0.718375,54,2,28547.43928888889,76029.42869846914,307.8502277777778,,121.56,121.43,108.29,104.46,105.63,113.45,121.7,134.61,137.01,138.57,158.17,146.55,121.47,129.12,160.84,143.84,142.82,147.86,116.38,93.1,110.47,104.26,111.88,103.64,257,3600,3600,3600,3600,3600,3600,3600,3600,3600,3600,3600,3600,3600,3600,3600,3600,3600,3600,3600,3600,3600,3600,3600
4998,3952543,46,7,3952543,24,93.1,160.84,124.8795833333333,18.372091034856528,67500.0,14632,135,0.525391,51,1,38876.5996875,170834.9161466667,622.689688888889,,121.7,134.61,137.01,138.57,158.17,146.55,121.47,129.12,160.84,143.84,142.82,147.86,116.38,93.1,110.47,104.26,111.88,103.64,121.56,121.43,108.29,104.46,105.63,113.45,257,3600,3600,3600,3600,3600,3600,3600,3600,3600,3600,3600,3600,3600,3600,3600,3600,3600,3600,3600,3600,3600,3600,3600
4985,3959489,41,10,3959489,24,93.1,160.84,124.87958333333331,18.372091034856528,8000.0,24041,16,0.695829,50,1,7610.256244444445,53105.93636553705,994.0381583333335,,137.01,138.57,158.17,146.55,121.47,129.12,160.84,143.84,142.82,147.86,116.38,93.1,110.47,104.26,111.88,103.64,121.56,121.43,108.29,104.46,105.63,113.45,121.7,134.61,511,3600,3600,3600,3600,3600,3600,3600,3600,3600,3600,3600,3600,3600,3600,3600,3600,3600,3600,3600,3600,3600,3600,3600
4866,3981089,29,10,3981089,24,93.1,160.84,124.87958333333336,18.372091034856528,17000.0,31092,34,0.82701,45,1,17760.127044444445,188920.47541966668,1286.7197,,160.84,143.84,142.82,147.86,116.38,93.1,110.47,104.26,111.88,103.64,121.56,121.43,108.29,104.46,105.63,113.45,121.7,134.61,137.01,138.57,158.17,146.55,121.47,129.12,511,3600,3600,3600,3600,3600,3600,3600,3600,3600,3600,3600,3600,3600,3600,3600,3600,3600,3600,3600,3600,3600,3600,3600
4904,4002689,29,6,4002689,24,93.1,160.84,124.87958333333336,18.372091034856528,64000.0,9558,128,0.796486,63,2,18239.595555555556,70662.64233599999,415.8583,,110.47,104.26,111.88,103.64,121.56,121.43,108.29,104.46,105.63,113.45,121.7,134.61,137.01,138.57,158.17,146.55,121.47,129.12,160.84,143.84,142.82,147.86,116.38,93.1,511,3600,3600,3600,3600,3600,3600,3600,3600,3600,3600,3600,3600,3600,3600,3600,3600,3600,3600,3600,3600,3600,3600,3600
5073,4003789,57,10,4003789,24,93.1,160.84,124.87958333333334,18.372091034856528,1000.0,5850,2,0.41387,65,3,175.43171666666666,422.00640624999994,259.69624999999996,,104.26,111.88,103.64,121.56,121.43,108.29,104.46,105.63,113.45,121.7,134.61,137.01,138.57,158.17,146.55,121.47,129.12,160.84,143.84,142.82,147.86,116.38,93.1,110.47,3011,3600,3600,3600,3600,3600,3600,3600,3600,3600,3600,3600,3600,3600,3600,3600,3600,3600,3600,3600,3600,3600,3600,3600
5148,4025389,58,10,4025389,24,93.1,160.84,124.8795833333333,18.372091034856528,16000.0,61186,32,0.699365,64,2,35458.13915555555,616435.3289388642,2266.824911111111,,104.46,105.63,113.45,121.7,134.61,137.01,138.57,158.17,146.55,121.47,129.12,160.84,143.84,142.82,147.86,116.38,93.1,110.47,104.26,111.88,103.64,121.56,121.43,108.29,3011,3600,3600,3600,3600,3600,3600,3600,3600,3600,3600,3600,3600,3600,3600,3600,3600,3600,3600,3600,3600,3600,3600,3600
4992,4046989,37,10,4046989,24,93.1,160.84,124.87958333333336,18.372091034856528,128000.0,9369,256,0.688654,51,1,49451.774933333334,135944.822928,408.09565,,138.57,158.17,146.55,121.47,129.12,160.84,143.84,142.82,147.86,116.38,93.1,110.47,104.26,111.88,103.64,121.56,121.43,108.29,104.46,105.63,113.45,121.7,134.61,137.01,3011,3600,3600,3600,3600,3600,3600,3600,3600,3600,3600,3600,3600,3600,3600,3600,3600,3600,3600,3600,3600,3600,3600,3600
4340,4108175,1,10,4108175,24,93.1,160.84,124.87958333333331,18.372091034856528,128000.0,10898,256,0.563984,24,1,41253.443555555554,182450.69947851848,470.8594166666666,,108.29,104.46,105.63,113.45,121.7,134.61,137.01,138.57,158.17,146.55,121.47,129.12,160.84,143.84,142.82,147.86,116.38,93.1,110.47,104.26,111.88,103.64,121.56,121.43,3025,3600,3600,3600,3600,3600,3600,3600,3600,3600,3600,3600,3600,3600,3600,3600,3600,3600,3600,3600,3600,3600,3600,3600
5044,4129775,17,10,4129775,24,93.1,160.84,124.87958333333331,18.372091034856528,128000.0,17425,256,0.536968,22,1,87025.46666666667,454930.69530864205,734.2855555555557,,137.01,138.57,158.17,146.55,121.47,129.12,160.84,143.84,142.82,147.86,116.38,93.1,110.47,104.26,111.88,103.64,121.56,121.43,108.29,104.46,105.63,113.45,121.7,134.61,3025,3600,3600,3600,3600,3600,3600,3600,3600,3600,3600,3600,3600,3600,3600,3600,3600,3600,3600,3600,3600,3600,3600,3600
5111,4151375,17,7,4151375,24,93.1,160.84,124.87958333333336,18.372091034856528,128000.0,13362,256,0.658984,19,1,70483.69137777778,277966.1980231111,585.0770333333334,,160.84,143.84,142.82,147.86,116.38,93.1,110.47,104.26,111.88,103.64,121.56,121.43,108.29,104.46,105.63,113.45,121.7,134.61,137.01,138.57,158.17,146.55,121.47,129.12,3025,3600,3600,3600,3600,3600,3600,3600,3600,3600,3600,3600,3600,3600,3600,3600,3600,3600,3600,3600,3600,3600,3600,3600
5105,4168800,16,10,4168800,24,93.1,160.84,124.87958333333337,18.372091034856528,108000.0,38791,216,0.687052,18,1,126648.9285,1784860.7695141663,1533.7413055555553,,93.1,110.47,104.26,111.88,103.64,121.56,121.43,108.29,104.46,105.63,113.45,121.7,134.61,137.01,138.57,158.17,146.55,121.47,129.12,160.84,143.84,142.82,147.86,116.38,3600,3600,3600,3600,3600,3600,3600,3600,3600,3600,3600,3600,3600,3600,3600,3600,3600,3600,3600,3600,3600,3600,3600,3600
4782,4190400,13,10,4190400,24,93.1,160.84,124.87958333333334,18.372091034856528,64000.0,12567,128,0.970537,17,1,24705.7104,120375.46704666667,538.8016250000001,,121.43,108.29,104.46,105.63,113.45,121.7,134.61,137.01,138.57,158.17,146.55,121.47,129.12,160.84,143.84,142.82,147.86,116.38,93.1,110.47,104.26,111.88,103.64,121.56,3600,3600,3600,3600,3600,3600,3600,3600,3600,3600,3600,3600,3600,3600,3600,3600,3600,3600,3600,3600,3600,3600,3600,3600
4671,4229191,9,10,4229191,24,93.1,160.84,124.87958333333334,18.372091034856528,128000.0,11773,256,0.559296,16,1,57717.21635555557,212009.94558962964,506.47920833333336,,146.55,121.47,129.12,160.84,143.84,142.82,147.86,116.38,93.1,110.47,104.26,111.88,103.64,121.56,121.43,108.29,104.46,105.63,113.45,121.7,134.61,137.01,138.57,158.17,809,3600,3600,3600,3600,3600,3600,3600,3600,3600,3600,3600,3600,3600,3600,3600,3600,3600,3600,3600,3600,3600,3600,3600
4804,4250791,10,10,4250791,24,93.1,160.84,124.87958333333336,18.372091034856528,64000.0,22609,128,0.317598,13,1,43501.48871111111,379891.19814528397,945.1492722222223,,147.86,116.38,93.1,110.47,104.26,111.88,103.64,121.56,121.43,108.29,104.46,105.63,113.45,121.7,134.61,137.01,138.57,158.17,146.55,121.47,129.12,160.84,143.84,142.82,809,3600,3600,3600,3600,3600,3600,3600,3600,3600,3600,3600,3600,3600,3600,3600,3600,3600,3600,3600,3600,3600,3600,3600
4743,4272391,9,0,4272391,24,93.1,160.84,124.87958333333334,18.372091034856528,64000.0,22841,128,0.099604,12,1,45613.70951111112,384885.3295020741,947.8481583333335,,103.64,121.56,121.43,108.29,104.46,105.63,113.45,121.7,134.61,137.01,138.57,158.17,146.55,121.47,129.12,160.84,143.84,142.82,147.86,116.38,93.1,110.47,104.26,111.88,809,3600,3600,3600,3600,3600,3600,3600,3600,3600,3600,3600,3600,3600,3600,3600,3600,3600,3600,3600,3600,3600,3600,3600
4953,4272391,9,7,4272391,24,93.1,160.84,124.87958333333334,18.372091034856528,64000.0,16639,128,0.653277,11,2,33343.282844444446,207915.17252661733,702.880488888889,,103.64,121.56,121.43,108.29,104.46,105.63,113.45,121.7,134.61,137.01,138.57,158.17,146.55,121.47,129.12,160.84,143.84,142.82,147.86,116.38,93.1,110.47,104.26,111.88,809,3600,3600,3600,3600,3600,3600,3600,3600,3600,3600,3600,3600,3600,3600,3600,3600,3600,3600,3600,3600,3600,3600,3600
4582,4295000,7,10,4295000,24,93.1,160.84,124.8795833333333,18.372091034856528,64000.0,14913,128,0.430588,10,2,35613.14151111111,168064.12806400002,633.9172000000001,,121.7,134.61,137.01,138.57,158.17,146.55,121.47,129.12,160.84,143.84,142.82,147.86,116.38,93.1,110.47,104.26,111.88,103.64,121.56,121.43,108.29,104.46,105.63,113.45,3400,3600,3600,3600,3600,3600,3600,3600,3600,3600,3600,3600,3600,3600,3600,3600,3600,3600,3600,3600,3600,3600,3600,3600
4412,4316600,3,0,4316600,24,93.1,160.84,124.87958333333334,18.372091034856528,64000.0,17606,128,0.056038,8,1,43753.296355555554,232091.68534439505,741.5175111111112,,121.47,129.12,160.84,143.84,142.82,147.86,116.38,93.1,110.47,104.26,111.88,103.64,121.56,121.43,108.29,104.46,105.63,113.45,121.7,134.61,137.01,138.57,158.17,146.55,3400,3600,3600,3600,3600,3600,3600,3600,3600,3600,3600,3600,3600,3600,3600,3600,3600,3600,3600,3600,3600,3600,3600,3600
4144,4316600,0,0,4316600,24,93.1,160.84,124.87958333333334,18.372091034856528,128000.0,36182,256,0.116268,7,2,163236.27235555556,1859648.8090745679,1445.542611111111,,121.47,129.12,160.84,143.84,142.82,147.86,116.38,93.1,110.47,104.26,111.88,103.64,121.56,121.43,108.29,104.46,105.63,113.45,121.7,134.61,137.01,138.57,158.17,146.55,3400,3600,3600,3600,3600,3600,3600,3600,3600,3600,3600,3600,3600,3600,3600,3600,3600,3600,3600,3600,3600,3600,3600,3600
4548,4334206,3,0,4334206,24,93.1,160.84,124.87958333333336,18.372091034856528,64000.0,28250,128,0.040653,6,1,57070.33671111111,582728.2351851852,1160.2995833333334,,142.82,147.86,116.38,93.1,110.47,104.26,111.88,103.64,121.56,121.43,108.29,104.46,105.63,113.45,121.7,134.61,137.01,138.57,158.17,146.55,121.47,129.12,160.84,143.84,194,3600,3600,3600,3600,3600,3600,3600,3600,3600,3600,3600,3600,3600,3600,3600,3600,3600,3600,3600,3600,3600,3600,3600
5144,4370388,4,0,4370388,24,93.1,160.84,124.87958333333331,18.372091034856528,64000.0,25226,128,0.178983,5,1,54809.98862222223,466239.04795437044,1039.6395166666669,,108.29,104.46,105.63,113.45,121.7,134.61,137.01,138.57,158.17,146.55,121.47,129.12,160.84,143.84,142.82,147.86,116.38,93.1,110.47,104.26,111.88,103.64,121.56,121.43,12,3600,3600,3600,3600,3600,3600,3600,3600,3600,3600,3600,3600,3600,3600,3600,3600,3600,3600,3600,3600,3600,3600,3600
4540,4370388,2,0,4370388,24,93.1,160.84,124.87958333333331,18.372091034856528,32000.0,33704,64,0.0607,4,2,38531.3664,406557.16136770364,1357.0401333333332,,108.29,104.46,105.63,113.45,121.7,134.61,137.01,138.57,158.17,146.55,121.47,129.12,160.84,143.84,142.82,147.86,116.38,93.1,110.47,104.26,111.88,103.64,121.56,121.43,12,3600,3600,3600,3600,3600,3600,3600,3600,3600,3600,3600,3600,3600,3600,3600,3600,3600,3600,3600,3600,3600,3600,3600
4396,4395614,1,0,4395614,24,93.1,160.84,124.87958333333334,18.372091034856528,104000.0,44886,208,0.102273,3,2,169218.10013333333,2303198.192290667,1776.1906000000001,,158.17,146.55,121.47,129.12,160.84,143.84,142.82,147.86,116.38,93.1,110.47,104.26,111.88,103.64,121.56,121.43,108.29,104.46,105.63,113.45,121.7,134.61,137.01,138.57,3586,3600,3600,3600,3600,3600,3600,3600,3600,3600,3600,3600,3600,3600,3600,3600,3600,3600,3600,3600,3600,3600,3600,3600
4392,4429318,0,0,4429318,24,93.1,160.84,124.87958333333337,18.372091034856528,128000.0,17642,256,0.019395,2,1,66775.17511111111,466034.7798692347,742.9559111111113,,93.1,110.47,104.26,111.88,103.64,121.56,121.43,108.29,104.46,105.63,113.45,121.7,134.61,137.01,138.57,158.17,146.55,121.47,129.12,160.84,143.84,142.82,147.86,116.38,2282,3600,3600,3600,3600,3600,3600,3600,3600,3600,3600,3600,3600,3600,3600,3600,3600,3600,3600,3600,3600,3600,3600,3600
4733,4474204,0,0,4474204,24,93.1,160.84,124.87958333333331,18.372091034856528,4000.0,74203,8,0.27131,1,1,10364.629966666665,221394.51881193515,2685.2696916666664,,134.61,137.01,138.57,158.17,146.55,121.47,129.12,160.84,143.84,142.82,147.86,116.38,93.1,110.47,104.26,111.88,103.64,121.56,121.43,108.29,104.46,105.63,113.45,121.7,596,3600,3600,3600,3600,3600,3600,3600,3600,3600,3600,3600,3600,3600,3600,3600,3600,3600,3600,3600,3600,3600,3600,3600
6365,4996152,0,10,4996152,24,100.86,195.63,134.81958333333333,21.239883764427454,4000.0,288,8,0.943162,1,0,43.4112,5.008128,15.6504,,135.66,155.56,149.44,148.04,125.01,146.55,121.47,100.86,107.21,117.1,107.2,136.71,150.53,195.63,147.98,148.35,145.98,151.5,153.36,116.23,118.0,129.07,110.03,118.2,648,3600,3600,3600,3600,3600,3600,3600,3600,3600,3600,3600,3600,3600,3600,3600,3600,3600,3600,3600,3600,3600,3600,3600
6369,5017752,0,10,5017752,24,100.86,195.63,134.81958333333336,21.23988376442745,1000.0,11651,2,0.73448,2,1,353.0794888888888,1748.8245394675928,540.3629166666667,,121.47,100.86,107.21,117.1,107.2,136.71,150.53,195.63,147.98,148.35,145.98,151.5,153.36,116.23,118.0,129.07,110.03,118.2,135.66,155.56,149.44,148.04,125.01,146.55,648,3600,3600,3600,3600,3600,3600,3600,3600,3600,3600,3600,3600,3600,3600,3600,3600,3600,3600,3600,3600,3600,3600,3600
6396,5039352,1,10,5039352,24,100.86,195.63,134.81958333333333,21.239883764427454,16000.0,6541,32,0.423781,3,1,5071.6870222222215,9381.650997975308,322.7138777777778,,150.53,195.63,147.98,148.35,145.98,151.5,153.36,116.23,118.0,129.07,110.03,118.2,135.66,155.56,149.44,148.04,125.01,146.55,121.47,100.86,107.21,117.1,107.2,136.71,648,3600,3600,3600,3600,3600,3600,3600,3600,3600,3600,3600,3600,3600,3600,3600,3600,3600,3600,3600,3600,3600,3600,3600
6445,5060952,7,10,5060952,24,100.86,195.63,134.81958333333333,21.23988376442745,64000.0,3608,128,0.820241,24,1,7882.988088888888,12570.316186864195,195.97568888888887,,153.36,116.23,118.0,129.07,110.03,118.2,135.66,155.56,149.44,148.04,125.01,146.55,121.47,100.86,107.21,117.1,107.2,136.71,150.53,195.63,147.98,148.35,145.98,151.5,648,3600,3600,3600,3600,3600,3600,3600,3600,3600,3600,3600,3600,3600,3600,3600,3600,3600,3600,3600,3600,3600,3600,3600
6451,5082552,5,10,5082552,24,100.86,195.63,134.81958333333333,21.239883764427454,64000.0,11891,128,0.813428,27,1,31541.8864,116365.41408148146,550.4629166666666,,135.66,155.56,149.44,148.04,125.01,146.55,121.47,100.86,107.21,117.1,107.2,136.71,150.53,195.63,147.98,148.35,145.98,151.5,153.36,116.23,118.0,129.07,110.03,118.2,648,3600,3600,3600,3600,3600,3600,3600,3600,3600,3600,3600,3600,3600,3600,3600,3600,3600,3600,3600,3600,3600,3600,3600
6478,5104152,8,10,5104152,24,100.86,195.63,134.81958333333336,21.23988376442745,64000.0,13301,128,0.799529,21,1,25741.620622222217,144194.76163703704,609.8004166666667,,121.47,100.86,107.21,117.1,107.2,136.71,150.53,195.63,147.98,148.35,145.98,151.5,153.36,116.23,118.0,129.07,110.03,118.2,135.66,155.56,149.44,148.04,125.01,146.55,648,3600,3600,3600,3600,3600,3600,3600,3600,3600,3600,3600,3600,3600,3600,3600,3600,3600,3600,3600,3600,3600,3600,3600
6511,5125752,9,10,5125752,24,100.86,195.63,134.81958333333333,21.239883764427454,32000.0,26471,64,0.782122,15,1,35409.47057777778,272692.6633885185,1158.9257916666666,,150.53,195.63,147.98,148.35,145.98,151.5,153.36,116.23,118.0,129.07,110.03,118.2,135.66,155.56,149.44,148.04,125.01,146.55,121.47,100.86,107.21,117.1,107.2,136.71,648,3600,3600,3600,3600,3600,3600,3600,3600,3600,3600,3600,3600,3600,3600,3600,3600,3600,3600,3600,3600,3600,3600,3600
6410,5147352,1,10,5147352,24,100.86,195.63,134.81958333333333,21.23988376442745,39000.0,24297,78,0.690682,37,1,32890.0403,282141.6449973333,1071.8954666666666,,153.36,116.23,118.0,129.07,110.03,118.2,135.66,155.56,149.44,148.04,125.01,146.55,121.47,100.86,107.21,117.1,107.2,136.71,150.53,195.63,147.98,148.35,145.98,151.5,648,3600,3600,3600,3600,3600,3600,3600,3600,3600,3600,3600,3600,3600,3600,3600,3600,3600,3600,3600,3600,3600,3600,3600
6655,5168952,19,10,5168952,24,100.86,195.63,134.81958333333333,21.239883764427454,128000.0,12912,256,0.865516,23,2,67621.9136,272439.7568,593.43,,135.66,155.56,149.44,148.04,125.01,146.55,121.47,100.86,107.21,117.1,107.2,136.71,150.53,195.63,147.98,148.35,145.98,151.5,153.36,116.23,118.0,129.07,110.03,118.2,648,3600,3600,3600,3600,3600,3600,3600,3600,3600,3600,3600,3600,3600,3600,3600,3600,3600,3600,3600,3600,3600,3600,3600
6698,5193249,19,10,5193249,24,100.86,195.63,134.81958333333333,21.239883764427454,62500.0,13105,125,0.902904,23,1,25224.8125,136863.5425708912,601.5520833333334,,100.86,107.21,117.1,107.2,136.71,150.53,195.63,147.98,148.35,145.98,151.5,153.36,116.23,118.0,129.07,110.03,118.2,135.66,155.56,149.44,148.04,125.01,146.55,121.47,1551,3600,3600,3600,3600,3600,3600,3600,3600,3600,3600,3600,3600,3600,3600,3600,3600,3600,3600,3600,3600,3600,3600,3600
6592,5214849,10,9,5214849,24,100.86,195.63,134.81958333333336,21.239883764427454,128000.0,38503,256,0.705963,22,1,186733.88266666667,2324435.293678518,1697.912958333333,,195.63,147.98,148.35,145.98,151.5,153.36,116.23,118.0,129.07,110.03,118.2,135.66,155.56,149.44,148.04,125.01,146.55,121.47,100.86,107.21,117.1,107.2,136.71,150.53,1551,3600,3600,3600,3600,3600,3600,3600,3600,3600,3600,3600,3600,3600,3600,3600,3600,3600,3600,3600,3600,3600,3600,3600
6474,5227954,4,7,5227954,24,100.86,195.63,134.81958333333333,21.239883764427454,64000.0,14447,128,0.735172,26,1,34308.943466666664,169004.96554814815,658.0279166666667,,151.5,153.36,116.23,118.0,129.07,110.03,118.2,135.66,155.56,149.44,148.04,125.01,146.55,121.47,100.86,107.21,117.1,107.2,136.71,150.53,195.63,147.98,148.35,145.98,2846,3600,3600,3600,3600,3600,3600,3600,3600,3600,3600,3600,3600,3600,3600,3600,3600,3600,3600,3600,3600,3600,3600,3600
6786,5266457,61,10,5266457,24,100.86,195.63,134.81958333333333,21.239883764427454,500.0,26,1,0.59584,74,1,0.5345888888888888,0.005102078703703703,1.4128833333333333,,148.04,125.01,146.55,121.47,100.86,107.21,117.1,107.2,136.71,150.53,195.63,147.98,148.35,145.98,151.5,153.36,116.23,118.0,129.07,110.03,118.2,135.66,155.56,149.44,343,3600,3600,3600,3600,3600,3600,3600,3600,3600,3600,3600,3600,3600,3600,3600,3600,3600,3600,3600,3600,3600,3600,3600
6469,5288057,3,10,5288057,24,100.86,195.63,134.81958333333336,21.239883764427454,80000.0,18448,160,0.84696,26,1,60282.71222222223,338285.8863565431,825.1769777777777,,117.1,107.2,136.71,150.53,195.63,147.98,148.35,145.98,151.5,153.36,116.23,118.0,129.07,110.03,118.2,135.66,155.56,149.44,148.04,125.01,146.55,121.47,100.86,107.21,343,3600,3600,3600,3600,3600,3600,3600,3600,3600,3600,3600,3600,3600,3600,3600,3600,3600,3600,3600,3600,3600,3600,3600
6802,5309657,20,10,5309657,24,100.86,195.63,134.81958333333333,21.239883764427454,64000.0,12812,128,0.417137,39,1,33207.03857777778,134206.36432592594,589.2216666666667,,148.35,145.98,151.5,153.36,116.23,118.0,129.07,110.03,118.2,135.66,155.56,149.44,148.04,125.01,146.55,121.47,100.86,107.21,117.1,107.2,136.71,150.53,195.63,147.98,343,3600,3600,3600,3600,3600,3600,3600,3600,3600,3600,3600,3600,3600,3600,3600,3600,3600,3600,3600,3600,3600,3600,3600
6805,5331257,20,10,5331257,24,100.86,195.63,134.81958333333333,21.239883764427454,16000.0,21415,32,0.938964,41,1,12920.239511111111,90260.93607901233,948.3404444444443,,129.07,110.03,118.2,135.66,155.56,149.44,148.04,125.01,146.55,121.47,100.86,107.21,117.1,107.2,136.71,150.53,195.63,147.98,148.35,145.98,151.5,153.36,116.23,118.0,343,3600,3600,3600,3600,3600,3600,3600,3600,3600,3600,3600,3600,3600,3600,3600,3600,3600,3600,3600,3600,3600,3600,3600
6561,5352857,5,10,5352857,24,100.86,195.63,134.81958333333333,21.239883764427454,32000.0,29582,64,0.877897,44,1,31826.27902222223,337778.4718739753,1284.5675777777776,,148.04,125.01,146.55,121.47,100.86,107.21,117.1,107.2,136.71,150.53,195.63,147.98,148.35,145.98,151.5,153.36,116.23,118.0,129.07,110.03,118.2,135.66,155.56,149.44,343,3600,3600,3600,3600,3600,3600,3600,3600,3600,3600,3600,3600,3600,3600,3600,3600,3600,3600,3600,3600,3600,3600,3600
6924,5374457,30,10,5374457,24,100.86,195.63,134.81958333333336,21.239883764427454,16000.0,39962,32,0.660176,36,1,25332.931688888886,303119.22069288883,1706.6669499999998,,117.1,107.2,136.71,150.53,195.63,147.98,148.35,145.98,151.5,153.36,116.23,118.0,129.07,110.03,118.2,135.66,155.56,149.44,148.04,125.01,146.55,121.47,100.86,107.21,343,3600,3600,3600,3600,3600,3600,3600,3600,3600,3600,3600,3600,3600,3600,3600,3600,3600,3600,3600,3600,3600,3600,3600
6610,5396057,8,10,5396057,24,100.86,195.63,134.81958333333333,21.239883764427454,64000.0,11468,128,0.890895,43,2,30429.916444444447,108596.69321481483,532.6616666666667,,148.35,145.98,151.5,153.36,116.23,118.0,129.07,110.03,118.2,135.66,155.56,149.44,148.04,125.01,146.55,121.47,100.86,107.21,117.1,107.2,136.71,150.53,195.63,147.98,343,3600,3600,3600,3600,3600,3600,3600,3600,3600,3600,3600,3600,3600,3600,3600,3600,3600,3600,3600,3600,3600,3600,3600
6838,5417657,20,2,5417657,24,100.86,195.63,134.81958333333333,21.239883764427454,64000.0,12791,128,0.993767,40,2,28633.562488888892,133785.4274148148,588.3379166666666,,129.07,110.03,118.2,135.66,155.56,149.44,148.04,125.01,146.55,121.47,100.86,107.21,117.1,107.2,136.71,150.53,195.63,147.98,148.35,145.98,151.5,153.36,116.23,118.0,343,3600,3600,3600,3600,3600,3600,3600,3600,3600,3600,3600,3600,3600,3600,3600,3600,3600,3600,3600,3600,3600,3600,3600
6825,5429125,17,10,5429125,24,100.86,195.63,134.81958333333333,21.239883764427454,64000.0,17503,128,0.734585,40,2,45027.491555555556,246036.04074814814,790.6945833333333,,155.56,149.44,148.04,125.01,146.55,121.47,100.86,107.21,117.1,107.2,136.71,150.53,195.63,147.98,148.35,145.98,151.5,153.36,116.23,118.0,129.07,110.03,118.2,135.66,3275,3600,3600,3600,3600,3600,3600,3600,3600,3600,3600,3600,3600,3600,3600,3600,3600,3600,3600,3600,3600,3600,3600,3600
6935,5450725,24,10,5450725,24,100.86,195.63,134.81958333333333,21.239883764427454,64000.0,13489,128,0.55361,33,1,25972.14755555555,148130.10297037038,617.7120833333333,,100.86,107.21,117.1,107.2,136.71,150.53,195.63,147.98,148.35,145.98,151.5,153.36,116.23,118.0,129.07,110.03,118.2,135.66,155.56,149.44,148.04,125.01,146.55,121.47,3275,3600,3600,3600,3600,3600,3600,3600,3600,3600,3600,3600,3600,3600,3600,3600,3600,3600,3600,3600,3600,3600,3600,3600
6987,5472325,29,10,5472325,24,100.86,195.63,134.81958333333336,21.239883764427454,128000.0,8273,256,0.989,30,1,49095.45066666666,128728.03361224692,437.62552222222223,,195.63,147.98,148.35,145.98,151.5,153.36,116.23,118.0,129.07,110.03,118.2,135.66,155.56,149.44,148.04,125.01,146.55,121.47,100.86,107.21,117.1,107.2,136.71,150.53,3275,3600,3600,3600,3600,3600,3600,3600,3600,3600,3600,3600,3600,3600,3600,3600,3600,3600,3600,3600,3600,3600,3600,3600
6796,5493925,12,10,5493925,24,100.86,195.63,134.81958333333333,21.239883764427454,64000.0,19951,128,0.71429,43,1,42675.47395555556,314806.626041679,887.5681777777777,,116.23,118.0,129.07,110.03,118.2,135.66,155.56,149.44,148.04,125.01,146.55,121.47,100.86,107.21,117.1,107.2,136.71,150.53,195.63,147.98,148.35,145.98,151.5,153.36,3275,3600,3600,3600,3600,3600,3600,3600,3600,3600,3600,3600,3600,3600,3600,3600,3600,3600,3600,3600,3600,3600,3600,3600
7035,5515525,26,7,5515525,24,100.86,195.63,134.81958333333333,21.239883764427454,122500.0,15703,245,0.746496,34,1,77209.24555555556,382022.19778616895,714.9445833333333,,155.56,149.44,148.04,125.01,146.55,121.47,100.86,107.21,117.1,107.2,136.71,150.53,195.63,147.98,148.35,145.98,151.5,153.36,116.23,118.0,129.07,110.03,118.2,135.66,3275,3600,3600,3600,3600,3600,3600,3600,3600,3600,3600,3600,3600,3600,3600,3600,3600,3600,3600,3600,3600,3600,3600,3600
7119,5535476,33,6,5535476,24,100.86,195.63,134.81958333333336,21.23988376442745,128000.0,9346,256,0.859648,38,1,35773.6704,147080.1536568889,442.6096,,121.47,100.86,107.21,117.1,107.2,136.71,150.53,195.63,147.98,148.35,145.98,151.5,153.36,116.23,118.0,129.07,110.03,118.2,135.66,155.56,149.44,148.04,125.01,146.55,1324,3600,3600,3600,3600,3600,3600,3600,3600,3600,3600,3600,3600,3600,3600,3600,3600,3600,3600,3600,3600,3600,3600,3600
6965,5551179,23,10,5551179,24,100.86,195.63,134.81958333333336,21.23988376442745,16000.0,27437,32,0.757046,60,1,18747.31093333333,145886.84710958024,1196.360411111111,,107.2,136.71,150.53,195.63,147.98,148.35,145.98,151.5,153.36,116.23,118.0,129.07,110.03,118.2,135.66,155.56,149.44,148.04,125.01,146.55,121.47,100.86,107.21,117.1,21,3600,3600,3600,3600,3600,3600,3600,3600,3600,3600,3600,3600,3600,3600,3600,3600,3600,3600,3600,3600,3600,3600,3600
6980,5572779,24,7,5572779,24,100.86,195.63,134.81958333333333,21.239883764427454,64000.0,13069,128,0.650962,58,1,31720.063644444446,139411.28252592593,600.0370833333334,,145.98,151.5,153.36,116.23,118.0,129.07,110.03,118.2,135.66,155.56,149.44,148.04,125.01,146.55,121.47,100.86,107.21,117.1,107.2,136.71,150.53,195.63,147.98,148.35,21,3600,3600,3600,3600,3600,3600,3600,3600,3600,3600,3600,3600,3600,3600,3600,3600,3600,3600,3600,3600,3600,3600,3600
7087,5574979,25,10,5574979,24,100.86,195.63,134.81958333333333,21.239883764427454,32000.0,23431,64,0.707209,58,2,26244.498666666666,215375.012019358,1034.0868444444443,,151.5,153.36,116.23,118.0,129.07,110.03,118.2,135.66,155.56,149.44,148.04,125.01,146.55,121.47,100.86,107.21,117.1,107.2,136.71,150.53,195.63,147.98,148.35,145.98,1421,3600,3600,3600,3600,3600,3600,3600,3600,3600,3600,3600,3600,3600,3600,3600,3600,3600,3600,3600,3600,3600,3600,3600
7257,5596579,50,10,5596579,24,100.86,195.63,134.81958333333336,21.239883764427454,500.0,6897,1,0.706968,57,2,131.69010555555556,323.86878318055557,338.09703333333334,,118.2,135.66,155.56,149.44,148.04,125.01,146.55,121.47,100.86,107.21,117.1,107.2,136.71,150.53,195.63,147.98,148.35,145.98,151.5,153.36,116.23,118.0,129.07,110.03,1421,3600,3600,3600,3600,3600,3600,3600,3600,3600,3600,3600,3600,3600,3600,3600,3600,3600,3600,3600,3600,3600,3600,3600
6968,5618179,23,10,5618179,24,100.86,195.63,134.81958333333333,21.239883764427454,128000.0,32318,256,0.796599,51,2,151136.62613333334,1605293.1972890864,1397.0193444444444,,146.55,121.47,100.86,107.21,117.1,107.2,136.71,150.53,195.63,147.98,148.35,145.98,151.5,153.36,116.23,118.0,129.07,110.03,118.2,135.66,155.56,149.44,148.04,125.01,1421,3600,3600,3600,3600,3600,3600,3600,3600,3600,3600,3600,3600,3600,3600,3600,3600,3600,3600,3600,3600,3600,3600,3600
7280,5639779,41,7,5639779,24,100.86,195.63,134.81958333333333,21.239883764427454,32000.0,15377,64,0.991951,49,1,21700.9912,95255.68586264196,696.9021694444443,,136.71,150.53,195.63,147.98,148.35,145.98,151.5,153.36,116.23,118.0,129.07,110.03,118.2,135.66,155.56,149.44,148.04,125.01,146.55,121.47,100.86,107.21,117.1,107.2,1421,3600,3600,3600,3600,3600,3600,3600,3600,3600,3600,3600,3600,3600,3600,3600,3600,3600,3600,3600,3600,3600,3600,3600
7262,5672097,38,10,5672097,24,100.86,195.63,134.81958333333333,21.239883764427454,64000.0,13853,128,0.869916,60,1,29758.346666666668,155899.91754814814,633.0304166666666,,118.0,129.07,110.03,118.2,135.66,155.56,149.44,148.04,125.01,146.55,121.47,100.86,107.21,117.1,107.2,136.71,150.53,195.63,147.98,148.35,145.98,151.5,153.36,116.23,1503,3600,3600,3600,3600,3600,3600,3600,3600,3600,3600,3600,3600,3600,3600,3600,3600,3600,3600,3600,3600,3600,3600,3600
6448,5693697,2,10,5693697,24,100.86,195.63,134.81958333333333,21.239883764427454,32000.0,24920,64,0.506335,44,1,27860.29351111111,242297.0246320988,1093.836888888889,,149.44,148.04,125.01,146.55,121.47,100.86,107.21,117.1,107.2,136.71,150.53,195.63,147.98,148.35,145.98,151.5,153.36,116.23,118.0,129.07,110.03,118.2,135.66,155.56,1503,3600,3600,3600,3600,3600,3600,3600,3600,3600,3600,3600,3600,3600,3600,3600,3600,3600,3600,3600,3600,3600,3600,3600
7317,5715297,40,10,5715297,24,100.86,195.63,134.81958333333333,21.239883764427454,115500.0,51289,231,0.479966,41,1,225648.18590416666,3497113.7610615944,2125.2305250000004,,107.21,117.1,107.2,136.71,150.53,195.63,147.98,148.35,145.98,151.5,153.36,116.23,118.0,129.07,110.03,118.2,135.66,155.56,149.44,148.04,125.01,146.55,121.47,100.86,1503,3600,3600,3600,3600,3600,3600,3600,3600,3600,3600,3600,3600,3600,3600,3600,3600,3600,3600,3600,3600,3600,3600,3600
7328,5740217,35,10,5740217,24,100.86,195.63,134.81958333333333,21.239883764427454,500.0,18500,1,0.794111,42,1,358.2452847222222,2125.7927469135802,827.3355555555555,,148.35,145.98,151.5,153.36,116.23,118.0,129.07,110.03,118.2,135.66,155.56,149.44,148.04,125.01,146.55,121.47,100.86,107.21,117.1,107.2,136.71,150.53,195.63,147.98,1783,3600,3600,3600,3600,3600,3600,3600,3600,3600,3600,3600,3600,3600,3600,3600,3600,3600,3600,3600,3600,3600,3600,3600
6903,5761817,14,9,5761817,24,100.86,195.63,134.81958333333333,21.239883764427454,64000.0,12039,128,0.753507,41,2,26068.209244444442,119146.7726,556.69125,,129.07,110.03,118.2,135.66,155.56,149.44,148.04,125.01,146.55,121.47,100.86,107.21,117.1,107.2,136.71,150.53,195.63,147.98,148.35,145.98,151.5,153.36,116.23,118.0,1783,3600,3600,3600,3600,3600,3600,3600,3600,3600,3600,3600,3600,3600,3600,3600,3600,3600,3600,3600,3600,3600,3600,3600
7140,5791506,21,10,5791506,24,100.86,195.63,134.81958333333333,21.239883764427454,64000.0,16313,128,0.827741,52,1,32856.11555555555,213458.133716395,736.0399694444443,,146.55,121.47,100.86,107.21,117.1,107.2,136.71,150.53,195.63,147.98,148.35,145.98,151.5,153.36,116.23,118.0,129.07,110.03,118.2,135.66,155.56,149.44,148.04,125.01,894,3600,3600,3600,3600,3600,3600,3600,3600,3600,3600,3600,3600,3600,3600,3600,3600,3600,3600,3600,3600,3600,3600,3600
7208,5813106,23,0,5813106,24,100.86,195.63,134.81958333333333,21.239883764427454,46500.0,23088,93,0.245928,38,1,46463.918325,303390.53835999995,1017.338,,136.71,150.53,195.63,147.98,148.35,145.98,151.5,153.36,116.23,118.0,129.07,110.03,118.2,135.66,155.56,149.44,148.04,125.01,146.55,121.47,100.86,107.21,117.1,107.2,894,3600,3600,3600,3600,3600,3600,3600,3600,3600,3600,3600,3600,3600,3600,3600,3600,3600,3600,3600,3600,3600,3600,3600
6585,5813106,5,10,5813106,24,100.86,195.63,134.81958333333333,21.239883764427454,78000.0,20125,156,0.657419,37,2,68189.49020000001,390166.2074074074,894.791111111111,,136.71,150.53,195.63,147.98,148.35,145.98,151.5,153.36,116.23,118.0,129.07,110.03,118.2,135.66,155.56,149.44,148.04,125.01,146.55,121.47,100.86,107.21,117.1,107.2,894,3600,3600,3600,3600,3600,3600,3600,3600,3600,3600,3600,3600,3600,3600,3600,3600,3600,3600,3600,3600,3600,3600,3600
7386,5834706,34,10,5834706,24,100.86,195.63,134.81958333333333,21.239883764427454,43000.0,13402,86,0.885222,35,2,20917.30891111111,98296.91626064816,614.0508333333333,,151.5,153.36,116.23,118.0,129.07,110.03,118.2,135.66,155.56,149.44,148.04,125.01,146.55,121.47,100.86,107.21,117.1,107.2,136.71,150.53,195.63,147.98,148.35,145.98,894,3600,3600,3600,3600,3600,3600,3600,3600,3600,3600,3600,3600,3600,3600,3600,3600,3600,3600,3600,3600,3600,3600,3600
6750,5856306,8,10,5856306,24,100.86,195.63,134.81958333333336,21.239883764427454,85000.0,14499,170,0.394997,33,1,49755.67083333334,226007.64863156245,660.1895749999999,,118.2,135.66,155.56,149.44,148.04,125.01,146.55,121.47,100.86,107.21,117.1,107.2,136.71,150.53,195.63,147.98,148.35,145.98,151.5,153.36,116.23,118.0,129.07,110.03,894,3600,3600,3600,3600,3600,3600,3600,3600,3600,3600,3600,3600,3600,3600,3600,3600,3600,3600,3600,3600,3600,3600,3600
7345,5877906,25,10,5877906,24,100.86,195.63,134.81958333333333,21.239883764427454,64000.0,15379,128,0.626185,30,1,31076.119111111107,190559.01467520985,696.9857972222221,,146.55,121.47,100.86,107.21,117.1,107.2,136.71,150.53,195.63,147.98,148.35,145.98,151.5,153.36,116.23,118.0,129.07,110.03,118.2,135.66,155.56,149.44,148.04,125.01,894,3600,3600,3600,3600,3600,3600,3600,3600,3600,3600,3600,3600,3600,3600,3600,3600,3600,3600,3600,3600,3600,3600,3600
7361,5899506,25,10,5899506,24,100.86,195.63,134.81958333333333,21.239883764427454,44000.0,37389,88,0.339616,29,1,66251.1861,732654.2156578334,1603.26395,,136.71,150.53,195.63,147.98,148.35,145.98,151.5,153.36,116.23,118.0,129.07,110.03,118.2,135.66,155.56,149.44,148.04,125.01,146.55,121.47,100.86,107.21,117.1,107.2,894,3600,3600,3600,3600,3600,3600,3600,3600,3600,3600,3600,3600,3600,3600,3600,3600,3600,3600,3600,3600,3600,3600,3600
7382,5921106,25,10,5921106,24,100.86,195.63,134.81958333333333,21.239883764427454,84000.0,10771,168,0.435848,27,1,33176.52333333334,126494.70298733335,503.31460000000004,,151.5,153.36,116.23,118.0,129.07,110.03,118.2,135.66,155.56,149.44,148.04,125.01,146.55,121.47,100.86,107.21,117.1,107.2,136.71,150.53,195.63,147.98,148.35,145.98,894,3600,3600,3600,3600,3600,3600,3600,3600,3600,3600,3600,3600,3600,3600,3600,3600,3600,3600,3600,3600,3600,3600,3600
7171,5942706,17,10,5942706,24,100.86,195.63,134.81958333333336,21.239883764427454,98000.0,18834,196,0.537536,25,2,72615.99100000001,431286.1807208888,841.2002666666666,,118.2,135.66,155.56,149.44,148.04,125.01,146.55,121.47,100.86,107.21,117.1,107.2,136.71,150.53,195.63,147.98,148.35,145.98,151.5,153.36,116.23,118.0,129.07,110.03,894,3600,3600,3600,3600,3600,3600,3600,3600,3600,3600,3600,3600,3600,3600,3600,3600,3600,3600,3600,3600,3600,3600,3600
7285,5964306,18,10,5964306,24,100.86,195.63,134.81958333333333,21.239883764427454,128000.0,28412,256,0.453926,24,1,128439.96586666667,1249071.90982479,1236.4545777777776,,146.55,121.47,100.86,107.21,117.1,107.2,136.71,150.53,195.63,147.98,148.35,145.98,151.5,153.36,116.23,118.0,129.07,110.03,118.2,135.66,155.56,149.44,148.04,125.01,894,3600,3600,3600,3600,3600,3600,3600,3600,3600,3600,3600,3600,3600,3600,3600,3600,3600,3600,3600,3600,3600,3600,3600
7302,5985906,20,10,5985906,24,100.86,195.63,134.81958333333333,21.239883764427454,64000.0,17878,128,0.448861,23,1,49998.1344,254734.86751861728,801.4787055555555,,136.71,150.53,195.63,147.98,148.35,145.98,151.5,153.36,116.23,118.0,129.07,110.03,118.2,135.66,155.56,149.44,148.04,125.01,146.55,121.47,100.86,107.21,117.1,107.2,894,3600,3600,3600,3600,3600,3600,3600,3600,3600,3600,3600,3600,3600,3600,3600,3600,3600,3600,3600,3600,3600,3600,3600
7295,6014318,19,6,6014318,24,100.86,195.63,134.81958333333333,21.239883764427454,64000.0,21754,128,0.466587,22,1,48586.79431111111,372183.320477037,962.3660833333332,,116.23,118.0,129.07,110.03,118.2,135.66,155.56,149.44,148.04,125.01,146.55,121.47,100.86,107.21,117.1,107.2,136.71,150.53,195.63,147.98,148.35,145.98,151.5,153.36,1282,3600,3600,3600,3600,3600,3600,3600,3600,3600,3600,3600,3600,3600,3600,3600,3600,3600,3600,3600,3600,3600,3600,3600
7093,6015418,14,10,6015418,24,100.86,195.63,134.81958333333333,21.239883764427454,64000.0,30625,128,0.559353,21,2,72123.47182222223,722710.6033950617,1327.4276388888889,,116.23,118.0,129.07,110.03,118.2,135.66,155.56,149.44,148.04,125.01,146.55,121.47,100.86,107.21,117.1,107.2,136.71,150.53,195.63,147.98,148.35,145.98,151.5,153.36,182,3600,3600,3600,3600,3600,3600,3600,3600,3600,3600,3600,3600,3600,3600,3600,3600,3600,3600,3600,3600,3600,3600,3600
7112,6037018,14,10,6037018,24,100.86,195.63,134.81958333333333,21.239883764427454,92500.0,42120,185,0.606855,20,2,142915.75959722223,1953121.4234999996,1804.6859999999997,,155.56,149.44,148.04,125.01,146.55,121.47,100.86,107.21,117.1,107.2,136.71,150.53,195.63,147.98,148.35,145.98,151.5,153.36,116.23,118.0,129.07,110.03,118.2,135.66,182,3600,3600,3600,3600,3600,3600,3600,3600,3600,3600,3600,3600,3600,3600,3600,3600,3600,3600,3600,3600,3600,3600,3600
7135,6067643,11,10,6067643,24,100.86,195.63,134.81958333333336,21.23988376442745,128000.0,13714,256,0.38994,14,1,74301.84035555556,305818.94927407405,627.1808333333333,,107.2,136.71,150.53,195.63,147.98,148.35,145.98,151.5,153.36,116.23,118.0,129.07,110.03,118.2,135.66,155.56,149.44,148.04,125.01,146.55,121.47,100.86,107.21,117.1,1957,3600,3600,3600,3600,3600,3600,3600,3600,3600,3600,3600,3600,3600,3600,3600,3600,3600,3600,3600,3600,3600,3600,3600
6961,6109763,5,0,6109763,24,100.86,195.63,134.81958333333333,21.239883764427454,77500.0,26581,155,0.283928,8,1,77799.88861805556,664450.3047236959,1161.1597888888887,,110.03,118.2,135.66,155.56,149.44,148.04,125.01,146.55,121.47,100.86,107.21,117.1,107.2,136.71,150.53,195.63,147.98,148.35,145.98,151.5,153.36,116.23,118.0,129.07,3037,3600,3600,3600,3600,3600,3600,3600,3600,3600,3600,3600,3600,3600,3600,3600,3600,3600,3600,3600,3600,3600,3600,3600
6945,6123477,4,0,6123477,24,100.86,195.63,134.81958333333333,21.239883764427454,16000.0,28288,32,0.205134,7,1,16005.437244444445,155751.3811437037,1238.8313333333333,,155.56,149.44,148.04,125.01,146.55,121.47,100.86,107.21,117.1,107.2,136.71,150.53,195.63,147.98,148.35,145.98,151.5,153.36,116.23,118.0,129.07,110.03,118.2,135.66,123,3600,3600,3600,3600,3600,3600,3600,3600,3600,3600,3600,3600,3600,3600,3600,3600,3600,3600,3600,3600,3600,3600,3600
6479,6123477,0,0,6123477,24,100.86,195.63,134.81958333333333,21.239883764427454,70000.0,15508,140,0.198664,6,2,42531.33558333333,213113.01809259263,706.7383333333333,,155.56,149.44,148.04,125.01,146.55,121.47,100.86,107.21,117.1,107.2,136.71,150.53,195.63,147.98,148.35,145.98,151.5,153.36,116.23,118.0,129.07,110.03,118.2,135.66,123,3600,3600,3600,3600,3600,3600,3600,3600,3600,3600,3600,3600,3600,3600,3600,3600,3600,3600,3600,3600,3600,3600,3600
6568,6150058,0,0,6150058,24,100.86,195.63,134.81958333333336,21.239883764427454,500.0,60780,1,0.127871,5,2,1165.4781833333332,20641.985416666666,2445.25,,117.1,107.2,136.71,150.53,195.63,147.98,148.35,145.98,151.5,153.36,116.23,118.0,129.07,110.03,118.2,135.66,155.56,149.44,148.04,125.01,146.55,121.47,100.86,107.21,2342,3600,3600,3600,3600,3600,3600,3600,3600,3600,3600,3600,3600,3600,3600,3600,3600,3600,3600,3600,3600,3600,3600,3600
6621,6150058,0,0,6150058,24,100.86,195.63,134.81958333333336,21.239883764427454,64000.0,17754,128,0.025962,4,3,45302.328177777774,251331.5525208889,796.2937833333333,,117.1,107.2,136.71,150.53,195.63,147.98,148.35,145.98,151.5,153.36,116.23,118.0,129.07,110.03,118.2,135.66,155.56,149.44,148.04,125.01,146.55,121.47,100.86,107.21,2342,3600,3600,3600,3600,3600,3600,3600,3600,3600,3600,3600,3600,3600,3600,3600,3600,3600,3600,3600,3600,3600,3600,3600
7289,6165566,2,0,6165566,24,100.86,195.63,134.81958333333336,21.239883764427454,64000.0,18768,128,0.051863,3,2,50840.06506666666,294880.50267022214,883.7930666666665,,195.63,147.98,148.35,145.98,151.5,153.36,116.23,118.0,129.07,110.03,118.2,135.66,155.56,149.44,148.04,125.01,146.55,121.47,100.86,107.21,117.1,107.2,136.71,150.53,1234,3600,3600,3600,3600,3600,3600,3600,3600,3600,3600,3600,3600,3600,3600,3600,3600,3600,3600,3600,3600,3600,3600,3600
6646,6183320,0,10,6183320,24,100.86,195.63,134.81958333333333,21.23988376442745,4000.0,46289,8,0.643644,2,2,6725.5472666666665,100991.52849997222,1963.584775,,153.36,116.23,118.0,129.07,110.03,118.2,135.66,155.56,149.44,148.04,125.01,146.55,121.47,100.86,107.21,117.1,107.2,136.71,150.53,195.63,147.98,148.35,145.98,151.5,1480,3600,3600,3600,3600,3600,3600,3600,3600,3600,3600,3600,3600,3600,3600,3600,3600,3600,3600,3600,3600,3600,3600,3600
7175,6204920,0,0,6204920,24,100.86,195.63,134.81958333333333,21.239883764427454,128000.0,16251,256,0.001001,1,2,83062.288,423795.7496151112,733.4475083333334,,135.66,155.56,149.44,148.04,125.01,146.55,121.47,100.86,107.21,117.1,107.2,136.71,150.53,195.63,147.98,148.35,145.98,151.5,153.36,116.23,118.0,129.07,110.03,118.2,1480,3600,3600,3600,3600,3600,3600,3600,3600,3600,3600,3600,3600,3600,3600,3600,3600,3600,3600,3600,3600,3600,3600,3600
5470,4360929,0,11,4360929,24,74.72,133.73,95.58749999999999,15.394616009609766,1000.0,24738,2,0.610302,1,0,677.6895999999999,5446.8849925,792.6585,,101.18,96.01,106.09,87.45,96.49,108.57,96.05,96.34,101.7,105.91,119.58,133.73,130.13,81.27,78.61,74.72,86.48,88.74,83.33,81.37,78.84,90.46,82.21,88.84,2271,3600,3600,3600,3600,3600,3600,3600,3600,3600,3600,3600,3600,3600,3600,3600,3600,3600,3600,3600,3600,3600,3600,3600
5500,4443609,0,10,4443609,24,74.72,133.73,95.58749999999999,15.394616009609766,38000.0,10783,76,0.540129,1,0,11070.241488888889,43579.08125150926,382.87531666666666,,88.84,101.18,96.01,106.09,87.45,96.49,108.57,96.05,96.34,101.7,105.91,119.58,133.73,130.13,81.27,78.61,74.72,86.48,88.74,83.33,81.37,78.84,90.46,82.21,2391,3600,3600,3600,3600,3600,3600,3600,3600,3600,3600,3600,3600,3600,3600,3600,3600,3600,3600,3600,3600,3600,3600,3600
5513,4465209,0,10,4465209,24,74.72,133.73,95.58749999999999,15.394616009609766,32000.0,41698,64,0.534626,24,1,37426.88204444444,468598.7160893827,1264.2658055555555,,108.57,96.05,96.34,101.7,105.91,119.58,133.73,130.13,81.27,78.61,74.72,86.48,88.74,83.33,81.37,78.84,90.46,82.21,88.84,101.18,96.01,106.09,87.45,96.49,2391,3600,3600,3600,3600,3600,3600,3600,3600,3600,3600,3600,3600,3600,3600,3600,3600,3600,3600,3600,3600,3600,3600,3600
5606,4486809,14,10,4486809,24,74.72,133.73,95.58749999999998,15.394616009609766,1500.0,9072,3,0.651756,16,1,432.753875,1266.782328,335.1276,,133.73,130.13,81.27,78.61,74.72,86.48,88.74,83.33,81.37,78.84,90.46,82.21,88.84,101.18,96.01,106.09,87.45,96.49,108.57,96.05,96.34,101.7,105.91,119.58,2391,3600,3600,3600,3600,3600,3600,3600,3600,3600,3600,3600,3600,3600,3600,3600,3600,3600,3600,3600,3600,3600,3600,3600
5558,4508409,5,10,4508409,24,74.72,133.73,95.58749999999999,15.394616009609766,16000.0,24945,32,0.47122,10,2,9452.8136,88527.72624999998,798.5062499999999,,88.74,83.33,81.37,78.84,90.46,82.21,88.84,101.18,96.01,106.09,87.45,96.49,108.57,96.05,96.34,101.7,105.91,119.58,133.73,130.13,81.27,78.61,74.72,86.48,2391,3600,3600,3600,3600,3600,3600,3600,3600,3600,3600,3600,3600,3600,3600,3600,3600,3600,3600,3600,3600,3600,3600,3600
5614,4530009,8,10,4530009,24,74.72,133.73,95.58749999999999,15.394616009609766,4000.0,16606,8,0.523087,26,1,1780.9624333333336,10277.630428160493,557.0195944444445,,88.84,101.18,96.01,106.09,87.45,96.49,108.57,96.05,96.34,101.7,105.91,119.58,133.73,130.13,81.27,78.61,74.72,86.48,88.74,83.33,81.37,78.84,90.46,82.21,2391,3600,3600,3600,3600,3600,3600,3600,3600,3600,3600,3600,3600,3600,3600,3600,3600,3600,3600,3600,3600,3600,3600,3600
5632,4551609,11,10,4551609,24,74.72,133.73,95.58749999999999,15.394616009609766,103000.0,12531,206,0.539723,33,2,35798.018225,156189.65502610418,435.644075,,108.57,96.05,96.34,101.7,105.91,119.58,133.73,130.13,81.27,78.61,74.72,86.48,88.74,83.33,81.37,78.84,90.46,82.21,88.84,101.18,96.01,106.09,87.45,96.49,2391,3600,3600,3600,3600,3600,3600,3600,3600,3600,3600,3600,3600,3600,3600,3600,3600,3600,3600,3600,3600,3600,3600,3600
5777,4573209,24,10,4573209,24,74.72,133.73,95.58749999999998,15.394616009609766,2000.0,26367,4,0.981252,29,1,1367.5336166666666,12754.417357916667,870.70775,,133.73,130.13,81.27,78.61,74.72,86.48,88.74,83.33,81.37,78.84,90.46,82.21,88.84,101.18,96.01,106.09,87.45,96.49,108.57,96.05,96.34,101.7,105.91,119.58,2391,3600,3600,3600,3600,3600,3600,3600,3600,3600,3600,3600,3600,3600,3600,3600,3600,3600,3600,3600,3600,3600,3600,3600
5702,4594809,14,10,4594809,24,74.72,133.73,95.58749999999999,15.394616009609766,128000.0,11498,256,0.489213,24,1,33971.3856,165362.91415585187,404.4905166666667,,88.74,83.33,81.37,78.84,90.46,82.21,88.84,101.18,96.01,106.09,87.45,96.49,108.57,96.05,96.34,101.7,105.91,119.58,133.73,130.13,81.27,78.61,74.72,86.48,2391,3600,3600,3600,3600,3600,3600,3600,3600,3600,3600,3600,3600,3600,3600,3600,3600,3600,3600,3600,3600,3600,3600,3600
5804,4621176,18,10,4621176,24,74.72,133.73,95.58749999999999,15.394616009609766,118500.0,15090,237,0.940876,33,1,48126.229225,254487.62770729163,512.3439166666666,,101.18,96.01,106.09,87.45,96.49,108.57,96.05,96.34,101.7,105.91,119.58,133.73,130.13,81.27,78.61,74.72,86.48,88.74,83.33,81.37,78.84,90.46,82.21,88.84,1224,3600,3600,3600,3600,3600,3600,3600,3600,3600,3600,3600,3600,3600,3600,3600,3600,3600,3600,3600,3600,3600,3600,3600
5894,4642776,32,7,4642776,24,74.72,133.73,95.58749999999999,15.394616009609766,64000.0,13087,128,0.689147,36,1,23802.644266666663,105257.19576459259,452.4121083333333,,96.05,96.34,101.7,105.91,119.58,133.73,130.13,81.27,78.61,74.72,86.48,88.74,83.33,81.37,78.84,90.46,82.21,88.84,101.18,96.01,106.09,87.45,96.49,108.57,1224,3600,3600,3600,3600,3600,3600,3600,3600,3600,3600,3600,3600,3600,3600,3600,3600,3600,3600,3600,3600,3600,3600,3600
5523,4657866,1,10,4657866,24,74.72,133.73,95.58749999999998,15.394616009609766,59000.0,25979,118,0.695882,35,1,41128.23739722222,360027.14447965275,845.5967499999999,,119.58,133.73,130.13,81.27,78.61,74.72,86.48,88.74,83.33,81.37,78.84,90.46,82.21,88.84,101.18,96.01,106.09,87.45,96.49,108.57,96.05,96.34,101.7,105.91,534,3600,3600,3600,3600,3600,3600,3600,3600,3600,3600,3600,3600,3600,3600,3600,3600,3600,3600,3600,3600,3600,3600,3600
5820,4679466,16,10,4679466,24,74.72,133.73,95.58749999999999,15.394616009609766,16000.0,15856,32,0.969575,25,1,5892.4108444444455,37696.23136079012,534.9175111111111,,86.48,88.74,83.33,81.37,78.84,90.46,82.21,88.84,101.18,96.01,106.09,87.45,96.49,108.57,96.05,96.34,101.7,105.91,119.58,133.73,130.13,81.27,78.61,74.72,534,3600,3600,3600,3600,3600,3600,3600,3600,3600,3600,3600,3600,3600,3600,3600,3600,3600,3600,3600,3600,3600,3600,3600
5937,4701066,23,10,4701066,24,74.72,133.73,95.58750000000002,15.394616009609766,500.0,38556,1,0.970361,30,2,525.2003,6254.187502500001,1167.9155,,82.21,88.84,101.18,96.01,106.09,87.45,96.49,108.57,96.05,96.34,101.7,105.91,119.58,133.73,130.13,81.27,78.61,74.72,86.48,88.74,83.33,81.37,78.84,90.46,534,3600,3600,3600,3600,3600,3600,3600,3600,3600,3600,3600,3600,3600,3600,3600,3600,3600,3600,3600,3600,3600,3600,3600
6011,4722666,29,1,4722666,24,74.72,133.73,95.58749999999999,15.394616009609766,2000.0,13403,4,0.752629,30,1,747.4438666666667,3439.6725137546296,461.94214166666666,,96.49,108.57,96.05,96.34,101.7,105.91,119.58,133.73,130.13,81.27,78.61,74.72,86.48,88.74,83.33,81.37,78.84,90.46,82.21,88.84,101.18,96.01,106.09,87.45,534,3600,3600,3600,3600,3600,3600,3600,3600,3600,3600,3600,3600,3600,3600,3600,3600,3600,3600,3600,3600,3600,3600,3600
5600,4726800,3,10,4726800,24,74.72,133.73,95.58749999999999,15.394616009609766,42500.0,23122,85,0.777662,31,2,30103.858069444446,203908.91179236115,747.0065000000001,,96.05,96.34,101.7,105.91,119.58,133.73,130.13,81.27,78.61,74.72,86.48,88.74,83.33,81.37,78.84,90.46,82.21,88.84,101.18,96.01,106.09,87.45,96.49,108.57,3600,3600,3600,3600,3600,3600,3600,3600,3600,3600,3600,3600,3600,3600,3600,3600,3600,3600,3600,3600,3600,3600,3600,3600
6032,4748400,24,10,4748400,24,74.72,133.73,95.58750000000002,15.394616009609766,32000.0,21360,64,0.897057,34,2,17089.088,136923.73902222226,721.1573333333334,,130.13,81.27,78.61,74.72,86.48,88.74,83.33,81.37,78.84,90.46,82.21,88.84,101.18,96.01,106.09,87.45,96.49,108.57,96.05,96.34,101.7,105.91,119.58,133.73,3600,3600,3600,3600,3600,3600,3600,3600,3600,3600,3600,3600,3600,3600,3600,3600,3600,3600,3600,3600,3600,3600,3600,3600
6040,4770000,24,10,4770000,24,74.72,133.73,95.58749999999999,15.394616009609766,16000.0,44074,32,0.460491,29,2,17986.540888888892,257341.55869501235,1313.7416777777778,,83.33,81.37,78.84,90.46,82.21,88.84,101.18,96.01,106.09,87.45,96.49,108.57,96.05,96.34,101.7,105.91,119.58,133.73,130.13,81.27,78.61,74.72,86.48,88.74,3600,3600,3600,3600,3600,3600,3600,3600,3600,3600,3600,3600,3600,3600,3600,3600,3600,3600,3600,3600,3600,3600,3600,3600
6090,4791600,35,10,4791600,24,74.72,133.73,95.58749999999999,15.394616009609766,2000.0,4557,4,0.728554,43,1,253.4053166666667,426.13745406944446,168.32289166666666,,101.18,96.01,106.09,87.45,96.49,108.57,96.05,96.34,101.7,105.91,119.58,133.73,130.13,81.27,78.61,74.72,86.48,88.74,83.33,81.37,78.84,90.46,82.21,88.84,3600,3600,3600,3600,3600,3600,3600,3600,3600,3600,3600,3600,3600,3600,3600,3600,3600,3600,3600,3600,3600,3600,3600,3600
6093,4813200,32,0,4813200,24,74.72,133.73,95.58749999999999,15.394616009609766,58500.0,14905,117,0.099106,45,2,24381.303375,122772.42729487846,506.8920694444444,,96.05,96.34,101.7,105.91,119.58,133.73,130.13,81.27,78.61,74.72,86.48,88.74,83.33,81.37,78.84,90.46,82.21,88.84,101.18,96.01,106.09,87.45,96.49,108.57,3600,3600,3600,3600,3600,3600,3600,3600,3600,3600,3600,3600,3600,3600,3600,3600,3600,3600,3600,3600,3600,3600,3600,3600
5850,4813200,16,10,4813200,24,74.72,133.73,95.58749999999999,15.394616009609766,24000.0,27947,48,0.455927,44,3,20290.884599999998,164499.01576781482,882.9159611111112,,96.05,96.34,101.7,105.91,119.58,133.73,130.13,81.27,78.61,74.72,86.48,88.74,83.33,81.37,78.84,90.46,82.21,88.84,101.18,96.01,106.09,87.45,96.49,108.57,3600,3600,3600,3600,3600,3600,3600,3600,3600,3600,3600,3600,3600,3600,3600,3600,3600,3600,3600,3600,3600,3600,3600,3600
6102,4834800,31,0,4834800,24,74.72,133.73,95.58750000000002,15.394616009609766,64000.0,13098,128,0.098686,47,2,21613.201066666665,109516.02215466666,470.32189999999997,,130.13,81.27,78.61,74.72,86.48,88.74,83.33,81.37,78.84,90.46,82.21,88.84,101.18,96.01,106.09,87.45,96.49,108.57,96.05,96.34,101.7,105.91,119.58,133.73,3600,3600,3600,3600,3600,3600,3600,3600,3600,3600,3600,3600,3600,3600,3600,3600,3600,3600,3600,3600,3600,3600,3600,3600
6145,4834800,37,0,4834800,24,74.72,133.73,95.58750000000002,15.394616009609766,128000.0,18166,256,0.085006,46,3,58278.643200000006,405001.31555595074,627.0319277777779,,130.13,81.27,78.61,74.72,86.48,88.74,83.33,81.37,78.84,90.46,82.21,88.84,101.18,96.01,106.09,87.45,96.49,108.57,96.05,96.34,101.7,105.91,119.58,133.73,3600,3600,3600,3600,3600,3600,3600,3600,3600,3600,3600,3600,3600,3600,3600,3600,3600,3600,3600,3600,3600,3600,3600,3600
5883,4862747,15,10,4862747,24,74.72,133.73,95.58749999999999,15.394616009609765,64000.0,29044,128,0.331281,38,1,47076.25884444445,471638.353247605,913.4298777777778,,81.37,78.84,90.46,82.21,88.84,101.18,96.01,106.09,87.45,96.49,108.57,96.05,96.34,101.7,105.91,119.58,133.73,130.13,81.27,78.61,74.72,86.48,88.74,83.33,853,3600,3600,3600,3600,3600,3600,3600,3600,3600,3600,3600,3600,3600,3600,3600,3600,3600,3600,3600,3600,3600,3600,3600
5970,4884347,15,10,4884347,24,74.72,133.73,95.58749999999999,15.394616009609766,127000.0,16438,254,0.956027,60,1,57526.61779444444,320142.50830439193,552.0687277777778,,96.01,106.09,87.45,96.49,108.57,96.05,96.34,101.7,105.91,119.58,133.73,130.13,81.27,78.61,74.72,86.48,88.74,83.33,81.37,78.84,90.46,82.21,88.84,101.18,853,3600,3600,3600,3600,3600,3600,3600,3600,3600,3600,3600,3600,3600,3600,3600,3600,3600,3600,3600,3600,3600,3600,3600
6247,4913391,40,10,4913391,24,74.72,133.73,95.58749999999999,15.394616009609766,32000.0,8576,64,0.910389,49,1,9566.443555555556,23598.570306370366,309.5661333333333,,105.91,119.58,133.73,130.13,81.27,78.61,74.72,86.48,88.74,83.33,81.37,78.84,90.46,82.21,88.84,101.18,96.01,106.09,87.45,96.49,108.57,96.05,96.34,101.7,609,3600,3600,3600,3600,3600,3600,3600,3600,3600,3600,3600,3600,3600,3600,3600,3600,3600,3600,3600,3600,3600,3600,3600
6284,4934991,43,10,4934991,24,74.72,133.73,95.58749999999999,15.394616009609765,61500.0,16879,123,0.742888,48,1,24201.057700000005,162936.18601982523,565.0647527777778,,74.72,86.48,88.74,83.33,81.37,78.84,90.46,82.21,88.84,101.18,96.01,106.09,87.45,96.49,108.57,96.05,96.34,101.7,105.91,119.58,133.73,130.13,81.27,78.61,609,3600,3600,3600,3600,3600,3600,3600,3600,3600,3600,3600,3600,3600,3600,3600,3600,3600,3600,3600,3600,3600,3600,3600
6260,4956591,38,10,4956591,24,74.72,133.73,95.58749999999998,15.394616009609766,16000.0,38027,32,0.985765,43,1,16233.461066666667,195002.70716598767,1153.8014861111112,,90.46,82.21,88.84,101.18,96.01,106.09,87.45,96.49,108.57,96.05,96.34,101.7,105.91,119.58,133.73,130.13,81.27,78.61,74.72,86.48,88.74,83.33,81.37,78.84,609,3600,3600,3600,3600,3600,3600,3600,3600,3600,3600,3600,3600,3600,3600,3600,3600,3600,3600,3600,3600,3600,3600,3600
5737,4978191,9,10,4978191,24,74.72,133.73,95.58749999999999,15.394616009609766,64000.0,24541,128,0.304837,47,1,44628.153066666666,343396.54130222223,787.09325,,87.45,96.49,108.57,96.05,96.34,101.7,105.91,119.58,133.73,130.13,81.27,78.61,74.72,86.48,88.74,83.33,81.37,78.84,90.46,82.21,88.84,101.18,96.01,106.09,609,3600,3600,3600,3600,3600,3600,3600,3600,3600,3600,3600,3600,3600,3600,3600,3600,3600,3600,3600,3600,3600,3600,3600
6353,4999791,43,10,4999791,24,74.72,133.73,95.58749999999999,15.394616009609766,64000.0,14787,128,0.963787,49,2,30567.346666666668,132337.649764,503.414675,,105.91,119.58,133.73,130.13,81.27,78.61,74.72,86.48,88.74,83.33,81.37,78.84,90.46,82.21,88.84,101.18,96.01,106.09,87.45,96.49,108.57,96.05,96.34,101.7,609,3600,3600,3600,3600,3600,3600,3600,3600,3600,3600,3600,3600,3600,3600,3600,3600,3600,3600,3600,3600,3600,3600,3600
6313,5021391,39,10,5021391,24,74.72,133.73,95.58749999999999,15.394616009609765,64000.0,17362,128,0.937163,46,2,25861.813333333335,178804.98596523455,579.2984944444444,,74.72,86.48,88.74,83.33,81.37,78.84,90.46,82.21,88.84,101.18,96.01,106.09,87.45,96.49,108.57,96.05,96.34,101.7,105.91,119.58,133.73,130.13,81.27,78.61,609,3600,3600,3600,3600,3600,3600,3600,3600,3600,3600,3600,3600,3600,3600,3600,3600,3600,3600,3600,3600,3600,3600,3600
6401,5042991,45,10,5042991,24,74.72,133.73,95.58749999999998,15.394616009609766,64000.0,4609,128,0.362998,52,1,6872.571377777776,13946.018491506173,170.20254722222222,,90.46,82.21,88.84,101.18,96.01,106.09,87.45,96.49,108.57,96.05,96.34,101.7,105.91,119.58,133.73,130.13,81.27,78.61,74.72,86.48,88.74,83.33,81.37,78.84,609,3600,3600,3600,3600,3600,3600,3600,3600,3600,3600,3600,3600,3600,3600,3600,3600,3600,3600,3600,3600,3600,3600,3600
6460,5064591,57,10,5064591,24,74.72,133.73,95.58749999999999,15.394616009609766,16000.0,11523,32,0.400662,66,1,5103.270266666666,20753.920379666662,405.24447499999997,,87.45,96.49,108.57,96.05,96.34,101.7,105.91,119.58,133.73,130.13,81.27,78.61,74.72,86.48,88.74,83.33,81.37,78.84,90.46,82.21,88.84,101.18,96.01,106.09,609,3600,3600,3600,3600,3600,3600,3600,3600,3600,3600,3600,3600,3600,3600,3600,3600,3600,3600,3600,3600,3600,3600,3600
6469,5086191,50,10,5086191,24,74.72,133.73,95.58749999999999,15.394616009609766,80000.0,18448,160,0.84696,54,1,44617.66622222222,250597.59555950615,611.2799111111111,,105.91,119.58,133.73,130.13,81.27,78.61,74.72,86.48,88.74,83.33,81.37,78.84,90.46,82.21,88.84,101.18,96.01,106.09,87.45,96.49,108.57,96.05,96.34,101.7,609,3600,3600,3600,3600,3600,3600,3600,3600,3600,3600,3600,3600,3600,3600,3600,3600,3600,3600,3600,3600,3600,3600,3600
6474,5107791,48,10,5107791,24,74.72,133.73,95.58749999999999,15.394616009609765,64000.0,14447,128,0.735172,51,1,21750.871822222223,126721.39534227161,493.3950638888889,,74.72,86.48,88.74,83.33,81.37,78.84,90.46,82.21,88.84,101.18,96.01,106.09,87.45,96.49,108.57,96.05,96.34,101.7,105.91,119.58,133.73,130.13,81.27,78.61,609,3600,3600,3600,3600,3600,3600,3600,3600,3600,3600,3600,3600,3600,3600,3600,3600,3600,3600,3600,3600,3600,3600,3600
6229,5129391,32,10,5129391,24,74.72,133.73,95.58749999999998,15.394616009609766,4000.0,33268,8,0.977783,50,1,3540.4957777777777,37948.01820375309,1026.6086444444445,,90.46,82.21,88.84,101.18,96.01,106.09,87.45,96.49,108.57,96.05,96.34,101.7,105.91,119.58,133.73,130.13,81.27,78.61,74.72,86.48,88.74,83.33,81.37,78.84,609,3600,3600,3600,3600,3600,3600,3600,3600,3600,3600,3600,3600,3600,3600,3600,3600,3600,3600,3600,3600,3600,3600,3600
6104,5150991,23,10,5150991,24,74.72,133.73,95.58749999999999,15.394616009609766,128000.0,16447,256,0.504195,47,1,57966.99199999999,322995.0763141728,552.3339527777778,,87.45,96.49,108.57,96.05,96.34,101.7,105.91,119.58,133.73,130.13,81.27,78.61,74.72,86.48,88.74,83.33,81.37,78.84,90.46,82.21,88.84,101.18,96.01,106.09,609,3600,3600,3600,3600,3600,3600,3600,3600,3600,3600,3600,3600,3600,3600,3600,3600,3600,3600,3600,3600,3600,3600,3600
6440,5184259,32,10,5184259,24,74.72,133.73,95.58749999999999,15.394616009609765,128000.0,7704,256,0.471091,35,1,21743.304177777776,76862.280704,280.6012,,81.27,78.61,74.72,86.48,88.74,83.33,81.37,78.84,90.46,82.21,88.84,101.18,96.01,106.09,87.45,96.49,108.57,96.05,96.34,101.7,105.91,119.58,133.73,130.13,3341,3600,3600,3600,3600,3600,3600,3600,3600,3600,3600,3600,3600,3600,3600,3600,3600,3600,3600,3600,3600,3600,3600,3600
6367,5205859,29,0,5205859,24,74.72,133.73,95.58749999999999,15.394616009609765,128000.0,11299,256,0.14056,34,1,33552.08355555555,160089.85973896296,398.48900833333335,,81.37,78.84,90.46,82.21,88.84,101.18,96.01,106.09,87.45,96.49,108.57,96.05,96.34,101.7,105.91,119.58,133.73,130.13,81.27,78.61,74.72,86.48,88.74,83.33,3341,3600,3600,3600,3600,3600,3600,3600,3600,3600,3600,3600,3600,3600,3600,3600,3600,3600,3600,3600,3600,3600,3600,3600
6410,5213563,30,10,5213563,24,74.72,133.73,95.58749999999998,15.394616009609766,39000.0,24297,78,0.690682,33,1,24557.000216666664,205362.359304375,780.20025,,90.46,82.21,88.84,101.18,96.01,106.09,87.45,96.49,108.57,96.05,96.34,101.7,105.91,119.58,133.73,130.13,81.27,78.61,74.72,86.48,88.74,83.33,81.37,78.84,2837,3600,3600,3600,3600,3600,3600,3600,3600,3600,3600,3600,3600,3600,3600,3600,3600,3600,3600,3600,3600,3600,3600,3600
5747,5235163,7,10,5235163,24,74.72,133.73,95.58749999999999,15.394616009609766,128000.0,15476,256,0.37042,31,1,53662.610133333335,288180.52037372836,523.7191222222222,,87.45,96.49,108.57,96.05,96.34,101.7,105.91,119.58,133.73,130.13,81.27,78.61,74.72,86.48,88.74,83.33,81.37,78.84,90.46,82.21,88.84,101.18,96.01,106.09,2837,3600,3600,3600,3600,3600,3600,3600,3600,3600,3600,3600,3600,3600,3600,3600,3600,3600,3600,3600,3600,3600,3600,3600
5981,5259460,9,10,5259460,24,74.72,133.73,95.58749999999999,15.394616009609766,128000.0,22855,256,0.994333,29,1,83064.768,602097.3230395062,740.9314027777777,,105.91,119.58,133.73,130.13,81.27,78.61,74.72,86.48,88.74,83.33,81.37,78.84,90.46,82.21,88.84,101.18,96.01,106.09,87.45,96.49,108.57,96.05,96.34,101.7,140,3600,3600,3600,3600,3600,3600,3600,3600,3600,3600,3600,3600,3600,3600,3600,3600,3600,3600,3600,3600,3600,3600,3600
6271,5281060,21,10,5281060,24,74.72,133.73,95.58749999999999,15.394616009609765,128000.0,28881,256,0.614828,28,1,87260.13297777779,933496.5853520003,909.0610250000002,,74.72,86.48,88.74,83.33,81.37,78.84,90.46,82.21,88.84,101.18,96.01,106.09,87.45,96.49,108.57,96.05,96.34,101.7,105.91,119.58,133.73,130.13,81.27,78.61,140,3600,3600,3600,3600,3600,3600,3600,3600,3600,3600,3600,3600,3600,3600,3600,3600,3600,3600,3600,3600,3600,3600,3600
6288,5303915,21,10,5303915,24,74.72,133.73,95.58750000000002,15.394616009609766,128000.0,15533,256,0.336838,27,1,52355.20604444444,290169.6288593581,525.3988805555556,,82.21,88.84,101.18,96.01,106.09,87.45,96.49,108.57,96.05,96.34,101.7,105.91,119.58,133.73,130.13,81.27,78.61,74.72,86.48,88.74,83.33,81.37,78.84,90.46,2485,3600,3600,3600,3600,3600,3600,3600,3600,3600,3600,3600,3600,3600,3600,3600,3600,3600,3600,3600,3600,3600,3600,3600
6216,5332796,19,0,5332796,24,74.72,133.73,95.58749999999999,15.394616009609766,118000.0,15171,236,0.109382,26,1,51144.414188888884,255961.11324748606,514.7309416666666,,96.05,96.34,101.7,105.91,119.58,133.73,130.13,81.27,78.61,74.72,86.48,88.74,83.33,81.37,78.84,90.46,82.21,88.84,101.18,96.01,106.09,87.45,96.49,108.57,2404,3600,3600,3600,3600,3600,3600,3600,3600,3600,3600,3600,3600,3600,3600,3600,3600,3600,3600,3600,3600,3600,3600,3600
6344,5348329,20,10,5348329,24,74.72,133.73,95.58749999999998,15.394616009609766,32000.0,26811,64,0.646922,25,1,23160.590044444445,207124.09073999999,869.10075,,119.58,133.73,130.13,81.27,78.61,74.72,86.48,88.74,83.33,81.37,78.84,90.46,82.21,88.84,101.18,96.01,106.09,87.45,96.49,108.57,96.05,96.34,101.7,105.91,1271,3600,3600,3600,3600,3600,3600,3600,3600,3600,3600,3600,3600,3600,3600,3600,3600,3600,3600,3600,3600,3600,3600,3600
6448,5369929,22,10,5369929,24,74.72,133.73,95.58749999999999,15.394616009609766,32000.0,24920,64,0.506335,24,1,18753.504355555553,176721.56444444446,797.8000000000001,,86.48,88.74,83.33,81.37,78.84,90.46,82.21,88.84,101.18,96.01,106.09,87.45,96.49,108.57,96.05,96.34,101.7,105.91,119.58,133.73,130.13,81.27,78.61,74.72,1271,3600,3600,3600,3600,3600,3600,3600,3600,3600,3600,3600,3600,3600,3600,3600,3600,3600,3600,3600,3600,3600,3600,3600
6244,5391529,18,0,5391529,24,74.72,133.73,95.58750000000002,15.394616009609766,128000.0,19047,256,0.247614,22,2,64403.63057777778,425909.31234755553,628.9021583333333,,82.21,88.84,101.18,96.01,106.09,87.45,96.49,108.57,96.05,96.34,101.7,105.91,119.58,133.73,130.13,81.27,78.61,74.72,86.48,88.74,83.33,81.37,78.84,90.46,1271,3600,3600,3600,3600,3600,3600,3600,3600,3600,3600,3600,3600,3600,3600,3600,3600,3600,3600,3600,3600,3600,3600,3600
6045,5416449,8,8,5416449,24,74.72,133.73,95.58749999999999,15.394616009609766,128000.0,29279,256,0.311573,20,1,113572.50240000001,965808.869218568,927.7425611111112,,108.57,96.05,96.34,101.7,105.91,119.58,133.73,130.13,81.27,78.61,74.72,86.48,88.74,83.33,81.37,78.84,90.46,82.21,88.84,101.18,96.01,106.09,87.45,96.49,1551,3600,3600,3600,3600,3600,3600,3600,3600,3600,3600,3600,3600,3600,3600,3600,3600,3600,3600,3600,3600,3600,3600,3600
5734,5435496,5,10,5435496,24,74.72,133.73,95.58749999999998,15.394616009609766,16000.0,39803,32,0.64764,19,1,16269.723822222224,216655.00901783953,1224.7161527777778,,119.58,133.73,130.13,81.27,78.61,74.72,86.48,88.74,83.33,81.37,78.84,90.46,82.21,88.84,101.18,96.01,106.09,87.45,96.49,108.57,96.05,96.34,101.7,105.91,504,3600,3600,3600,3600,3600,3600,3600,3600,3600,3600,3600,3600,3600,3600,3600,3600,3600,3600,3600,3600,3600,3600,3600
6180,5464775,14,0,5464775,24,74.72,133.73,95.58749999999999,15.394616009609766,54500.0,38736,109,0.068229,18,1,54024.646761111115,687705.28956,1172.718,,83.33,81.37,78.84,90.46,82.21,88.84,101.18,96.01,106.09,87.45,96.49,108.57,96.05,96.34,101.7,105.91,119.58,133.73,130.13,81.27,78.61,74.72,86.48,88.74,25,3600,3600,3600,3600,3600,3600,3600,3600,3600,3600,3600,3600,3600,3600,3600,3600,3600,3600,3600,3600,3600,3600,3600
6135,5464775,13,0,5464775,24,74.72,133.73,95.58749999999999,15.394616009609766,1000.0,34026,2,0.069609,17,2,855.9399277777777,9894.88902761111,1046.8935666666666,,83.33,81.37,78.84,90.46,82.21,88.84,101.18,96.01,106.09,87.45,96.49,108.57,96.05,96.34,101.7,105.91,119.58,133.73,130.13,81.27,78.61,74.72,86.48,88.74,25,3600,3600,3600,3600,3600,3600,3600,3600,3600,3600,3600,3600,3600,3600,3600,3600,3600,3600,3600,3600,3600,3600,3600
5574,5464775,1,0,5464775,24,74.72,133.73,95.58749999999999,15.394616009609766,18500.0,37228,37,0.220573,16,3,17497.284377777778,216656.0900559568,1132.4837222222222,,83.33,81.37,78.84,90.46,82.21,88.84,101.18,96.01,106.09,87.45,96.49,108.57,96.05,96.34,101.7,105.91,119.58,133.73,130.13,81.27,78.61,74.72,86.48,88.74,25,3600,3600,3600,3600,3600,3600,3600,3600,3600,3600,3600,3600,3600,3600,3600,3600,3600,3600,3600,3600,3600,3600,3600
6348,5464775,13,0,5464775,24,74.72,133.73,95.58749999999999,15.394616009609766,128000.0,13928,256,0.258397,15,4,41229.969066666665,236602.80583585185,477.77526666666665,,83.33,81.37,78.84,90.46,82.21,88.84,101.18,96.01,106.09,87.45,96.49,108.57,96.05,96.34,101.7,105.91,119.58,133.73,130.13,81.27,78.61,74.72,86.48,88.74,25,3600,3600,3600,3600,3600,3600,3600,3600,3600,3600,3600,3600,3600,3600,3600,3600,3600,3600,3600,3600,3600,3600,3600
5644,5504578,2,0,5504578,24,74.72,133.73,95.58749999999999,15.394616009609766,108000.0,15706,216,0.043116,10,1,48010.7946,249959.62096033333,530.4970944444444,,96.05,96.34,101.7,105.91,119.58,133.73,130.13,81.27,78.61,74.72,86.48,88.74,83.33,81.37,78.84,90.46,82.21,88.84,101.18,96.01,106.09,87.45,96.49,108.57,3422,3600,3600,3600,3600,3600,3600,3600,3600,3600,3600,3600,3600,3600,3600,3600,3600,3600,3600,3600,3600,3600,3600,3600
6071,5518506,6,0,5518506,24,74.72,133.73,95.58749999999999,15.394616009609766,64000.0,27053,128,0.059265,9,1,48102.314666666665,414700.72736444435,862.2672499999999,,105.91,119.58,133.73,130.13,81.27,78.61,74.72,86.48,88.74,83.33,81.37,78.84,90.46,82.21,88.84,101.18,96.01,106.09,87.45,96.49,108.57,96.05,96.34,101.7,294,3600,3600,3600,3600,3600,3600,3600,3600,3600,3600,3600,3600,3600,3600,3600,3600,3600,3600,3600,3600,3600,3600,3600
5619,5534212,0,0,5534212,24,74.72,133.73,95.58749999999999,15.394616009609766,128000.0,26313,256,0.18,8,1,77233.71306666668,783066.9120337779,836.9914833333335,,78.61,74.72,86.48,88.74,83.33,81.37,78.84,90.46,82.21,88.84,101.18,96.01,106.09,87.45,96.49,108.57,96.05,96.34,101.7,105.91,119.58,133.73,130.13,81.27,2588,3600,3600,3600,3600,3600,3600,3600,3600,3600,3600,3600,3600,3600,3600,3600,3600,3600,3600,3600,3600,3600,3600,3600
6061,5561265,3,0,5561265,24,74.72,133.73,95.58749999999998,15.394616009609766,128000.0,11693,256,0.078605,7,1,37748.82417777778,170612.36205362965,410.3713916666667,,90.46,82.21,88.84,101.18,96.01,106.09,87.45,96.49,108.57,96.05,96.34,101.7,105.91,119.58,133.73,130.13,81.27,78.61,74.72,86.48,88.74,83.33,81.37,78.84,735,3600,3600,3600,3600,3600,3600,3600,3600,3600,3600,3600,3600,3600,3600,3600,3600,3600,3600,3600,3600,3600,3600,3600
6083,5587578,4,0,5587578,24,74.72,133.73,95.58749999999999,15.394616009609766,128000.0,38530,256,0.090779,6,1,140908.45511111114,1616075.7580839505,1179.655611111111,,108.57,96.05,96.34,101.7,105.91,119.58,133.73,130.13,81.27,78.61,74.72,86.48,88.74,83.33,81.37,78.84,90.46,82.21,88.84,101.18,96.01,106.09,87.45,96.49,3222,3600,3600,3600,3600,3600,3600,3600,3600,3600,3600,3600,3600,3600,3600,3600,3600,3600,3600,3600,3600,3600,3600,3600
6067,5599271,3,0,5599271,24,74.72,133.73,95.58750000000002,15.394616009609766,128000.0,11100,256,0.042517,5,1,44754.24462222222,154901.73333333334,392.4875,,101.7,105.91,119.58,133.73,130.13,81.27,78.61,74.72,86.48,88.74,83.33,81.37,78.84,90.46,82.21,88.84,101.18,96.01,106.09,87.45,96.49,108.57,96.05,96.34,2329,3600,3600,3600,3600,3600,3600,3600,3600,3600,3600,3600,3600,3600,3600,3600,3600,3600,3600,3600,3600,3600,3600,3600
5627,5637801,0,0,5637801,24,74.72,133.73,95.58749999999999,15.394616009609765,128000.0,10312,256,0.117508,4,1,30581.141688888893,134644.5692397037,367.2302666666667,,81.37,78.84,90.46,82.21,88.84,101.18,96.01,106.09,87.45,96.49,108.57,96.05,96.34,101.7,105.91,119.58,133.73,130.13,81.27,78.61,74.72,86.48,88.74,83.33,3399,3600,3600,3600,3600,3600,3600,3600,3600,3600,3600,3600,3600,3600,3600,3600,3600,3600,3600,3600,3600,3600,3600,3600
5771,5648901,1,10,5648901,24,74.72,133.73,95.58750000000002,15.394616009609766,5000.0,52873,10,0.365571,3,1,7581.054736111111,112504.89144423611,1532.03945,,82.21,88.84,101.18,96.01,106.09,87.45,96.49,108.57,96.05,96.34,101.7,105.91,119.58,133.73,130.13,81.27,78.61,74.72,86.48,88.74,83.33,81.37,78.84,90.46,3099,3600,3600,3600,3600,3600,3600,3600,3600,3600,3600,3600,3600,3600,3600,3600,3600,3600,3600,3600,3600,3600,3600,3600
5763,5670501,0,10,5670501,24,74.72,133.73,95.58749999999999,15.394616009609766,500.0,51326,1,0.735761,2,1,708.9614472222222,10704.19143641358,1501.5816222222222,,96.49,108.57,96.05,96.34,101.7,105.91,119.58,133.73,130.13,81.27,78.61,74.72,86.48,88.74,83.33,81.37,78.84,90.46,82.21,88.84,101.18,96.01,106.09,87.45,3099,3600,3600,3600,3600,3600,3600,3600,3600,3600,3600,3600,3600,3600,3600,3600,3600,3600,3600,3600,3600,3600,3600,3600
6113,5692101,0,0,5692101,24,74.72,133.73,95.58749999999998,15.394616009609766,1000.0,43728,2,0.214274,1,2,1134.1168083333334,16148.160881777778,1329.4314666666667,,119.58,133.73,130.13,81.27,78.61,74.72,86.48,88.74,83.33,81.37,78.84,90.46,82.21,88.84,101.18,96.01,106.09,87.45,96.49,108.57,96.05,96.34,101.7,105.91,3099,3600,3600,3600,3600,3600,3600,3600,3600,3600,3600,3600,3600,3600,3600,3600,3600,3600,3600,3600,3600,3600,3600,3600
1070,961492,0,10,961492,24,130.29,387.37,305.49041666666665,60.17473898843592,2000.0,11010,4,0.994628,1,0,1744.794622222222,7137.980772222222,1166.9723333333334,,293.32,292.84,271.28,277.88,259.97,189.37,130.29,287.38,243.88,339.92,341.0,347.05,355.47,387.37,382.85,375.68,361.24,352.16,329.98,330.64,341.86,288.44,268.07,283.83,3308,3600,3600,3600,3600,3600,3600,3600,3600,3600,3600,3600,3600,3600,3600,3600,3600,3600,3600,3600,3600,3600,3600,3600
1103,983092,5,10,983092,24,130.29,387.37,305.49041666666665,60.17473898843592,500.0,15835,1,0.353598,11,1,577.2436555555555,3626.29041785301,1648.8342916666668,,130.29,287.38,243.88,339.92,341.0,347.05,355.47,387.37,382.85,375.68,361.24,352.16,329.98,330.64,341.86,288.44,268.07,283.83,293.32,292.84,271.28,277.88,259.97,189.37,3308,3600,3600,3600,3600,3600,3600,3600,3600,3600,3600,3600,3600,3600,3600,3600,3600,3600,3600,3600,3600,3600,3600,3600
1152,1004692,5,8,1004692,24,130.29,387.37,305.4904166666667,60.17473898843592,8000.0,10744,16,0.617838,9,1,8971.882755555558,27219.472486716044,1140.0560888888888,,355.47,387.37,382.85,375.68,361.24,352.16,329.98,330.64,341.86,288.44,268.07,283.83,293.32,292.84,271.28,277.88,259.97,189.37,130.29,287.38,243.88,339.92,341.0,347.05,3308,3600,3600,3600,3600,3600,3600,3600,3600,3600,3600,3600,3600,3600,3600,3600,3600,3600,3600,3600,3600,3600,3600,3600
1148,1010092,4,2,1010092,24,130.29,387.37,305.4904166666667,60.17473898843592,32000.0,14099,64,0.567594,8,2,46631.50684444444,188219.64202390125,1501.858977777778,,387.37,382.85,375.68,361.24,352.16,329.98,330.64,341.86,288.44,268.07,283.83,293.32,292.84,271.28,277.88,259.97,189.37,130.29,287.38,243.88,339.92,341.0,347.05,355.47,1508,3600,3600,3600,3600,3600,3600,3600,3600,3600,3600,3600,3600,3600,3600,3600,3600,3600,3600,3600,3600,3600,3600,3600
1074,1015200,0,0,1015200,24,130.29,387.37,305.49041666666676,60.17473898843592,16000.0,34871,32,0.099178,7,3,50131.70542222223,544517.4239469136,3513.418611111111,,375.68,361.24,352.16,329.98,330.64,341.86,288.44,268.07,283.83,293.32,292.84,271.28,277.88,259.97,189.37,130.29,287.38,243.88,339.92,341.0,347.05,355.47,387.37,382.85,3600,3600,3600,3600,3600,3600,3600,3600,3600,3600,3600,3600,3600,3600,3600,3600,3600,3600,3600,3600,3600,3600,3600,3600
1159,1015200,4,7,1015200,24,130.29,387.37,305.49041666666676,60.17473898843592,8000.0,21928,16,0.754943,6,4,16942.720711111113,110632.88467990122,2270.375688888889,,375.68,361.24,352.16,329.98,330.64,341.86,288.44,268.07,283.83,293.32,292.84,271.28,277.88,259.97,189.37,130.29,287.38,243.88,339.92,341.0,347.05,355.47,387.37,382.85,3600,3600,3600,3600,3600,3600,3600,3600,3600,3600,3600,3600,3600,3600,3600,3600,3600,3600,3600,3600,3600,3600,3600,3600
1131,1017400,1,6,1017400,24,130.29,387.37,305.49041666666676,60.17473898843592,2000.0,21301,4,0.702699,5,5,4028.5802444444453,26138.294285412045,2208.766241666667,,375.68,361.24,352.16,329.98,330.64,341.86,288.44,268.07,283.83,293.32,292.84,271.28,277.88,259.97,189.37,130.29,287.38,243.88,339.92,341.0,347.05,355.47,387.37,382.85,1400,3600,3600,3600,3600,3600,3600,3600,3600,3600,3600,3600,3600,3600,3600,3600,3600,3600,3600,3600,3600,3600,3600,3600
1145,1018500,1,10,1018500,24,130.29,387.37,305.49041666666676,60.17473898843592,9000.0,17765,18,0.370053,4,6,15267.44225,82573.4545548611,1859.2390555555555,,375.68,361.24,352.16,329.98,330.64,341.86,288.44,268.07,283.83,293.32,292.84,271.28,277.88,259.97,189.37,130.29,287.38,243.88,339.92,341.0,347.05,355.47,387.37,382.85,300,3600,3600,3600,3600,3600,3600,3600,3600,3600,3600,3600,3600,3600,3600,3600,3600,3600,3600,3600,3600,3600,3600,3600
1160,1040100,1,0,1040100,24,130.29,387.37,305.4904166666667,60.17473898843592,128000.0,8966,256,0.113818,2,2,89009.03537777778,304289.9127119012,954.5119111111111,,288.44,268.07,283.83,293.32,292.84,271.28,277.88,259.97,189.37,130.29,287.38,243.88,339.92,341.0,347.05,355.47,387.37,382.85,375.68,361.24,352.16,329.98,330.64,341.86,300,3600,3600,3600,3600,3600,3600,3600,3600,3600,3600,3600,3600,3600,3600,3600,3600,3600,3600,3600,3600,3600,3600,3600
1117,1057865,0,10,1057865,24,130.29,387.37,305.49041666666665,60.17473898843592,1000.0,29666,2,0.367561,1,1,2141.914541666667,24603.90454969136,2985.7094444444447,,271.28,277.88,259.97,189.37,130.29,287.38,243.88,339.92,341.0,347.05,355.47,387.37,382.85,375.68,361.24,352.16,329.98,330.64,341.86,288.44,268.07,283.83,293.32,292.84,535,3600,3600,3600,3600,3600,3600,3600,3600,3600,3600,3600,3600,3600,3600,3600,3600,3600,3600,3600,3600,3600,3600,3600
1161,1093171,0,10,1093171,24,130.29,387.37,305.4904166666667,60.17473898843592,2500.0,1,5,0.429914,1,1,0.2468541666666667,7.47241512345679e-05,0.10760277777777778,,355.47,387.37,382.85,375.68,361.24,352.16,329.98,330.64,341.86,288.44,268.07,283.83,293.32,292.84,271.28,277.88,259.97,189.37,130.29,287.38,243.88,339.92,341.0,347.05,1229,3600,3600,3600,3600,3600,3600,3600,3600,3600,3600,3600,3600,3600,3600,3600,3600,3600,3600,3600,3600,3600,3600,3600
1177,1114771,0,0,1114771,24,130.29,387.37,305.4904166666667,60.17473898843592,1000.0,20494,2,0.175695,1,1,1728.5608944444443,11992.283967728396,2106.5786222222223,,329.98,330.64,341.86,288.44,268.07,283.83,293.32,292.84,271.28,277.88,259.97,189.37,130.29,287.38,243.88,339.92,341.0,347.05,355.47,387.37,382.85,375.68,361.24,352.16,1229,3600,3600,3600,3600,3600,3600,3600,3600,3600,3600,3600,3600,3600,3600,3600,3600,3600,3600,3600,3600,3600,3600,3600
1191,1126168,0,10,1126168,24,130.29,387.37,305.4904166666667,60.17473898843592,500.0,9182,1,0.709499,1,1,356.26612222222224,1246.0136101975309,977.0527111111111,,288.44,268.07,283.83,293.32,292.84,271.28,277.88,259.97,189.37,130.29,287.38,243.88,339.92,341.0,347.05,355.47,387.37,382.85,375.68,361.24,352.16,329.98,330.64,341.86,632,3600,3600,3600,3600,3600,3600,3600,3600,3600,3600,3600,3600,3600,3600,3600,3600,3600,3600,3600,3600,3600,3600,3600
1198,1147768,0,10,1147768,24,130.29,387.37,305.4904166666666,60.17473898843592,500.0,9081,1,0.832026,2,1,271.66338472222225,1219.014269,966.5128,,277.88,259.97,189.37,130.29,287.38,243.88,339.92,341.0,347.05,355.47,387.37,382.85,375.68,361.24,352.16,329.98,330.64,341.86,288.44,268.07,283.83,293.32,292.84,271.28,632,3600,3600,3600,3600,3600,3600,3600,3600,3600,3600,3600,3600,3600,3600,3600,3600,3600,3600,3600,3600,3600,3600,3600
1229,1169368,4,10,1169368,24,130.29,387.37,305.4904166666666,60.17473898843592,13500.0,12145,27,0.448905,21,1,15928.860937500001,58335.31690729166,1280.8632777777777,,339.92,341.0,347.05,355.47,387.37,382.85,375.68,361.24,352.16,329.98,330.64,341.86,288.44,268.07,283.83,293.32,292.84,271.28,277.88,259.97,189.37,130.29,287.38,243.88,632,3600,3600,3600,3600,3600,3600,3600,3600,3600,3600,3600,3600,3600,3600,3600,3600,3600,3600,3600,3600,3600,3600,3600
1203,1190968,0,6,1190968,24,130.29,387.37,305.49041666666676,60.17473898843592,16000.0,25840,32,0.588871,15,1,37423.57511111112,304584.4381234568,2652.1477777777777,,375.68,361.24,352.16,329.98,330.64,341.86,288.44,268.07,283.83,293.32,292.84,271.28,277.88,259.97,189.37,130.29,287.38,243.88,339.92,341.0,347.05,355.47,387.37,382.85,632,3600,3600,3600,3600,3600,3600,3600,3600,3600,3600,3600,3600,3600,3600,3600,3600,3600,3600,3600,3600,3600,3600,3600
1318,1192068,15,10,1192068,24,130.29,387.37,305.49041666666676,60.17473898843591,4000.0,5636,8,0.844428,16,2,2236.902577777778,3781.7118165432107,603.8929444444445,,361.24,352.16,329.98,330.64,341.86,288.44,268.07,283.83,293.32,292.84,271.28,277.88,259.97,189.37,130.29,287.38,243.88,339.92,341.0,347.05,355.47,387.37,382.85,375.68,3132,3600,3600,3600,3600,3600,3600,3600,3600,3600,3600,3600,3600,3600,3600,3600,3600,3600,3600,3600,3600,3600,3600,3600
1320,1213668,7,1,1213668,24,130.29,387.37,305.49041666666665,60.17473898843592,128000.0,16915,256,0.770875,15,2,169983.5548444444,1055781.8509703705,1755.4752916666669,,268.07,283.83,293.32,292.84,271.28,277.88,259.97,189.37,130.29,287.38,243.88,339.92,341.0,347.05,355.47,387.37,382.85,375.68,361.24,352.16,329.98,330.64,341.86,288.44,3132,3600,3600,3600,3600,3600,3600,3600,3600,3600,3600,3600,3600,3600,3600,3600,3600,3600,3600,3600,3600,3600,3600,3600
1298,1219304,5,10,1219304,24,130.29,387.37,305.49041666666665,60.17473898843592,128000.0,16454,256,0.309582,14,1,165236.6556444444,1000377.0978619262,1709.9553833333337,,283.83,293.32,292.84,271.28,277.88,259.97,189.37,130.29,287.38,243.88,339.92,341.0,347.05,355.47,387.37,382.85,375.68,361.24,352.16,329.98,330.64,341.86,288.44,268.07,1096,3600,3600,3600,3600,3600,3600,3600,3600,3600,3600,3600,3600,3600,3600,3600,3600,3600,3600,3600,3600,3600,3600,3600
1217,1240904,1,10,1240904,24,130.29,387.37,305.4904166666666,60.17473898843592,128000.0,11288,256,0.815037,23,1,86785.79484444445,479561.63510676543,1194.868088888889,,189.37,130.29,287.38,243.88,339.92,341.0,347.05,355.47,387.37,382.85,375.68,361.24,352.16,329.98,330.64,341.86,288.44,268.07,283.83,293.32,292.84,271.28,277.88,259.97,1096,3600,3600,3600,3600,3600,3600,3600,3600,3600,3600,3600,3600,3600,3600,3600,3600,3600,3600,3600,3600,3600,3600,3600
1299,1262504,4,10,1262504,24,130.29,387.37,305.49041666666665,60.17473898843592,128000.0,12363,256,0.376679,44,1,163850.4305777778,572649.0462968888,1302.7383666666667,,347.05,355.47,387.37,382.85,375.68,361.24,352.16,329.98,330.64,341.86,288.44,268.07,283.83,293.32,292.84,271.28,277.88,259.97,189.37,130.29,287.38,243.88,339.92,341.0,1096,3600,3600,3600,3600,3600,3600,3600,3600,3600,3600,3600,3600,3600,3600,3600,3600,3600,3600,3600,3600,3600,3600,3600
1339,1284104,7,10,1284104,24,130.29,387.37,305.4904166666667,60.17473898843592,64000.0,30512,128,0.748537,35,1,165287.1793777778,1668831.9647794568,3076.5534222222223,,352.16,329.98,330.64,341.86,288.44,268.07,283.83,293.32,292.84,271.28,277.88,259.97,189.37,130.29,287.38,243.88,339.92,341.0,347.05,355.47,387.37,382.85,375.68,361.24,1096,3600,3600,3600,3600,3600,3600,3600,3600,3600,3600,3600,3600,3600,3600,3600,3600,3600,3600,3600,3600,3600,3600,3600
1481,1305704,42,10,1305704,24,130.29,387.37,305.49041666666665,60.17473898843592,64000.0,5981,128,0.545474,45,1,30992.516977777777,68112.45057209877,640.5827361111111,,283.83,293.32,292.84,271.28,277.88,259.97,189.37,130.29,287.38,243.88,339.92,341.0,347.05,355.47,387.37,382.85,375.68,361.24,352.16,329.98,330.64,341.86,288.44,268.07,1096,3600,3600,3600,3600,3600,3600,3600,3600,3600,3600,3600,3600,3600,3600,3600,3600,3600,3600,3600,3600,3600,3600,3600
1479,1327304,17,10,1327304,24,130.29,387.37,305.4904166666666,60.17473898843592,89000.0,5794,178,0.602453,25,2,24527.825455555554,88908.81201878087,620.6958055555556,,189.37,130.29,287.38,243.88,339.92,341.0,347.05,355.47,387.37,382.85,375.68,361.24,352.16,329.98,330.64,341.86,288.44,268.07,283.83,293.32,292.84,271.28,277.88,259.97,1096,3600,3600,3600,3600,3600,3600,3600,3600,3600,3600,3600,3600,3600,3600,3600,3600,3600,3600,3600,3600,3600,3600,3600
1514,1348904,19,10,1348904,24,130.29,387.37,305.49041666666665,60.17473898843592,89500.0,20621,179,0.948824,32,1,189511.44683333335,1086329.6482457654,2119.0020444444444,,347.05,355.47,387.37,382.85,375.68,361.24,352.16,329.98,330.64,341.86,288.44,268.07,283.83,293.32,292.84,271.28,277.88,259.97,189.37,130.29,287.38,243.88,339.92,341.0,1096,3600,3600,3600,3600,3600,3600,3600,3600,3600,3600,3600,3600,3600,3600,3600,3600,3600,3600,3600,3600,3600,3600,3600
1509,1370504,17,10,1370504,24,130.29,387.37,305.4904166666667,60.17473898843592,64000.0,13448,128,0.366328,29,1,78978.74204444446,337481.9443800494,1411.612088888889,,352.16,329.98,330.64,341.86,288.44,268.07,283.83,293.32,292.84,271.28,277.88,259.97,189.37,130.29,287.38,243.88,339.92,341.0,347.05,355.47,387.37,382.85,375.68,361.24,1096,3600,3600,3600,3600,3600,3600,3600,3600,3600,3600,3600,3600,3600,3600,3600,3600,3600,3600,3600,3600,3600,3600,3600
1523,1392104,18,7,1392104,24,130.29,387.37,305.49041666666665,60.17473898843592,6500.0,33237,13,0.735675,31,1,15047.985261111111,199460.07575324998,3323.7114,,283.83,293.32,292.84,271.28,277.88,259.97,189.37,130.29,287.38,243.88,339.92,341.0,347.05,355.47,387.37,382.85,375.68,361.24,352.16,329.98,330.64,341.86,288.44,268.07,1096,3600,3600,3600,3600,3600,3600,3600,3600,3600,3600,3600,3600,3600,3600,3600,3600,3600,3600,3600,3600,3600,3600,3600
1355,1394304,6,6,1394304,24,130.29,387.37,305.49041666666665,60.17473898843592,21500.0,23275,43,0.801259,30,2,34298.6312625,330306.25758559996,2376.244652777778,,293.32,292.84,271.28,277.88,259.97,189.37,130.29,287.38,243.88,339.92,341.0,347.05,355.47,387.37,382.85,375.68,361.24,352.16,329.98,330.64,341.86,288.44,268.07,283.83,2496,3600,3600,3600,3600,3600,3600,3600,3600,3600,3600,3600,3600,3600,3600,3600,3600,3600,3600,3600,3600,3600,3600,3600
1390,1395404,9,2,1395404,24,130.29,387.37,305.49041666666665,60.17473898843592,64000.0,15281,128,0.705536,29,3,75425.4608,433065.2809020741,1594.1314083333334,,293.32,292.84,271.28,277.88,259.97,189.37,130.29,287.38,243.88,339.92,341.0,347.05,355.47,387.37,382.85,375.68,361.24,352.16,329.98,330.64,341.86,288.44,268.07,283.83,1396,3600,3600,3600,3600,3600,3600,3600,3600,3600,3600,3600,3600,3600,3600,3600,3600,3600,3600,3600,3600,3600,3600,3600
1594,1405552,26,2,1405552,24,130.29,387.37,305.4904166666666,60.17473898843592,32000.0,10712,64,0.635057,27,3,21133.038222222225,108235.63919486421,1136.7167111111112,,277.88,259.97,189.37,130.29,287.38,243.88,339.92,341.0,347.05,355.47,387.37,382.85,375.68,361.24,352.16,329.98,330.64,341.86,288.44,268.07,283.83,293.32,292.84,271.28,2048,3600,3600,3600,3600,3600,3600,3600,3600,3600,3600,3600,3600,3600,3600,3600,3600,3600,3600,3600,3600,3600,3600,3600
1535,1409391,17,1,1409391,24,130.29,387.37,305.4904166666666,60.17473898843592,64000.0,16498,128,0.852826,35,4,64565.948622222226,502800.38533274067,1714.3000166666666,,259.97,189.37,130.29,287.38,243.88,339.92,341.0,347.05,355.47,387.37,382.85,375.68,361.24,352.16,329.98,330.64,341.86,288.44,268.07,283.83,293.32,292.84,271.28,277.88,1809,3600,3600,3600,3600,3600,3600,3600,3600,3600,3600,3600,3600,3600,3600,3600,3600,3600,3600,3600,3600,3600,3600,3600
1599,1420833,26,10,1420833,24,130.29,387.37,305.4904166666666,60.17473898843592,32000.0,15161,64,0.502573,38,2,42427.82364444445,213235.4097132593,1582.2824083333335,,287.38,243.88,339.92,341.0,347.05,355.47,387.37,382.85,375.68,361.24,352.16,329.98,330.64,341.86,288.44,268.07,283.83,293.32,292.84,271.28,277.88,259.97,189.37,130.29,1167,3600,3600,3600,3600,3600,3600,3600,3600,3600,3600,3600,3600,3600,3600,3600,3600,3600,3600,3600,3600,3600,3600,3600
1634,1442433,29,10,1442433,24,130.29,387.37,305.4904166666667,60.17473898843592,98500.0,7933,197,0.860777,37,1,82622.99485972224,185081.76574973186,852.6925138888888,,387.37,382.85,375.68,361.24,352.16,329.98,330.64,341.86,288.44,268.07,283.83,293.32,292.84,271.28,277.88,259.97,189.37,130.29,287.38,243.88,339.92,341.0,347.05,355.47,1167,3600,3600,3600,3600,3600,3600,3600,3600,3600,3600,3600,3600,3600,3600,3600,3600,3600,3600,3600,3600,3600,3600,3600
1616,1464033,25,10,1464033,24,130.29,387.37,305.4904166666667,60.17473898843592,64000.0,10276,128,0.638991,33,1,56296.57795555555,199348.49726261728,1091.217688888889,,330.64,341.86,288.44,268.07,283.83,293.32,292.84,271.28,277.88,259.97,189.37,130.29,287.38,243.88,339.92,341.0,347.05,355.47,387.37,382.85,375.68,361.24,352.16,329.98,1167,3600,3600,3600,3600,3600,3600,3600,3600,3600,3600,3600,3600,3600,3600,3600,3600,3600,3600,3600,3600,3600,3600,3600
1620,1485633,24,6,1485633,24,130.29,387.37,305.49041666666665,60.17473898843592,70500.0,12298,141,0.95665,28,1,64963.669270833336,312175.25518809265,1296.2159777777779,,292.84,271.28,277.88,259.97,189.37,130.29,287.38,243.88,339.92,341.0,347.05,355.47,387.37,382.85,375.68,361.24,352.16,329.98,330.64,341.86,288.44,268.07,283.83,293.32,1167,3600,3600,3600,3600,3600,3600,3600,3600,3600,3600,3600,3600,3600,3600,3600,3600,3600,3600,3600,3600,3600,3600,3600
1611,1495909,23,6,1495909,24,130.29,387.37,305.4904166666666,60.17473898843592,8000.0,22648,16,0.641454,27,1,12744.378377777779,116551.64648098766,2315.800111111111,,259.97,189.37,130.29,287.38,243.88,339.92,341.0,347.05,355.47,387.37,382.85,375.68,361.24,352.16,329.98,330.64,341.86,288.44,268.07,283.83,293.32,292.84,271.28,277.88,1691,3600,3600,3600,3600,3600,3600,3600,3600,3600,3600,3600,3600,3600,3600,3600,3600,3600,3600,3600,3600,3600,3600,3600
1488,1497009,14,10,1497009,24,130.29,387.37,305.4904166666666,60.17473898843592,27500.0,46393,55,0.689765,26,2,111064.57534027779,1596665.4825948072,4505.378544444445,,259.97,189.37,130.29,287.38,243.88,339.92,341.0,347.05,355.47,387.37,382.85,375.68,361.24,352.16,329.98,330.64,341.86,288.44,268.07,283.83,293.32,292.84,271.28,277.88,591,3600,3600,3600,3600,3600,3600,3600,3600,3600,3600,3600,3600,3600,3600,3600,3600,3600,3600,3600,3600,3600,3600,3600
1564,1518609,15,10,1518609,24,130.29,387.37,305.49041666666665,60.17473898843592,64000.0,18753,128,0.309291,25,2,122922.02453333333,645526.6455182222,1936.2701333333334,,341.0,347.05,355.47,387.37,382.85,375.68,361.24,352.16,329.98,330.64,341.86,288.44,268.07,283.83,293.32,292.84,271.28,277.88,259.97,189.37,130.29,287.38,243.88,339.92,591,3600,3600,3600,3600,3600,3600,3600,3600,3600,3600,3600,3600,3600,3600,3600,3600,3600,3600,3600,3600,3600,3600,3600
1218,1540209,1,0,1540209,24,130.29,387.37,305.49041666666676,60.17473898843591,10500.0,39231,21,0.236269,23,2,34812.77345,447511.08028725017,3910.998200000001,,361.24,352.16,329.98,330.64,341.86,288.44,268.07,283.83,293.32,292.84,271.28,277.88,259.97,189.37,130.29,287.38,243.88,339.92,341.0,347.05,355.47,387.37,382.85,375.68,591,3600,3600,3600,3600,3600,3600,3600,3600,3600,3600,3600,3600,3600,3600,3600,3600,3600,3600,3600,3600,3600,3600,3600
1665,1540209,21,10,1540209,24,130.29,387.37,305.49041666666676,60.17473898843591,64000.0,76316,128,0.494894,22,3,402214.2060444445,9390198.965394173,6921.205144444444,,361.24,352.16,329.98,330.64,341.86,288.44,268.07,283.83,293.32,292.84,271.28,277.88,259.97,189.37,130.29,287.38,243.88,339.92,341.0,347.05,355.47,387.37,382.85,375.68,591,3600,3600,3600,3600,3600,3600,3600,3600,3600,3600,3600,3600,3600,3600,3600,3600,3600,3600,3600,3600,3600,3600,3600
1566,1561809,13,6,1561809,24,130.29,387.37,305.49041666666665,60.17473898843592,8000.0,25529,16,0.71887,21,3,15189.729844444444,147107.30010139509,2593.062205555556,,268.07,283.83,293.32,292.84,271.28,277.88,259.97,189.37,130.29,287.38,243.88,339.92,341.0,347.05,355.47,387.37,382.85,375.68,361.24,352.16,329.98,330.64,341.86,288.44,591,3600,3600,3600,3600,3600,3600,3600,3600,3600,3600,3600,3600,3600,3600,3600,3600,3600,3600,3600,3600,3600,3600,3600
1357,1562909,4,0,1562909,24,130.29,387.37,305.49041666666665,60.17473898843592,128000.0,9475,256,0.250003,20,4,97725.76319999999,339458.97679012356,1007.628888888889,,283.83,293.32,292.84,271.28,277.88,259.97,189.37,130.29,287.38,243.88,339.92,341.0,347.05,355.47,387.37,382.85,375.68,361.24,352.16,329.98,330.64,341.86,288.44,268.07,3091,3600,3600,3600,3600,3600,3600,3600,3600,3600,3600,3600,3600,3600,3600,3600,3600,3600,3600,3600,3600,3600,3600,3600
1753,1638125,17,10,1638125,24,130.29,387.37,305.4904166666667,60.17473898843591,30000.0,9271,60,0.525477,18,1,23458.576833333336,76203.01196962965,986.3403555555557,,341.86,288.44,268.07,283.83,293.32,292.84,271.28,277.88,259.97,189.37,130.29,287.38,243.88,339.92,341.0,347.05,355.47,387.37,382.85,375.68,361.24,352.16,329.98,330.64,3475,3600,3600,3600,3600,3600,3600,3600,3600,3600,3600,3600,3600,3600,3600,3600,3600,3600,3600,3600,3600,3600,3600,3600
1759,1659725,18,10,1659725,24,130.29,387.37,305.49041666666665,60.17473898843592,4000.0,23192,8,0.77199,20,1,6092.271066666668,61026.99645530865,2368.2432222222224,,271.28,277.88,259.97,189.37,130.29,287.38,243.88,339.92,341.0,347.05,355.47,387.37,382.85,375.68,361.24,352.16,329.98,330.64,341.86,288.44,268.07,283.83,293.32,292.84,3475,3600,3600,3600,3600,3600,3600,3600,3600,3600,3600,3600,3600,3600,3600,3600,3600,3600,3600,3600,3600,3600,3600,3600
1810,1681325,24,10,1681325,24,130.29,387.37,305.4904166666666,60.17473898843592,4000.0,619,8,0.9291,25,1,167.73524444444445,45.81020881790124,66.60611944444445,,243.88,339.92,341.0,347.05,355.47,387.37,382.85,375.68,361.24,352.16,329.98,330.64,341.86,288.44,268.07,283.83,293.32,292.84,271.28,277.88,259.97,189.37,130.29,287.38,3475,3600,3600,3600,3600,3600,3600,3600,3600,3600,3600,3600,3600,3600,3600,3600,3600,3600,3600,3600,3600,3600,3600,3600
1835,1702925,17,10,1702925,24,130.29,387.37,305.4904166666667,60.17473898843592,128000.0,17343,256,0.92604,30,2,222701.16942222224,1124790.6399680001,1824.0637000000002,,382.85,375.68,361.24,352.16,329.98,330.64,341.86,288.44,268.07,283.83,293.32,292.84,271.28,277.88,259.97,189.37,130.29,287.38,243.88,339.92,341.0,347.05,355.47,387.37,3475,3600,3600,3600,3600,3600,3600,3600,3600,3600,3600,3600,3600,3600,3600,3600,3600,3600,3600,3600,3600,3600,3600,3600
1887,1724525,22,10,1724525,24,130.29,387.37,305.4904166666667,60.17473898843591,10500.0,13056,21,0.91613,32,1,11279.329629166668,52256.31069866667,1372.2770666666668,,341.86,288.44,268.07,283.83,293.32,292.84,271.28,277.88,259.97,189.37,130.29,287.38,243.88,339.92,341.0,347.05,355.47,387.37,382.85,375.68,361.24,352.16,329.98,330.64,3475,3600,3600,3600,3600,3600,3600,3600,3600,3600,3600,3600,3600,3600,3600,3600,3600,3600,3600,3600,3600,3600,3600,3600
1874,1746125,20,7,1746125,24,130.29,387.37,305.49041666666665,60.17473898843592,128000.0,13126,256,0.722883,31,1,118865.91537777778,643722.9247826174,1379.3011777777779,,271.28,277.88,259.97,189.37,130.29,287.38,243.88,339.92,341.0,347.05,355.47,387.37,382.85,375.68,361.24,352.16,329.98,330.64,341.86,288.44,268.07,283.83,293.32,292.84,3475,3600,3600,3600,3600,3600,3600,3600,3600,3600,3600,3600,3600,3600,3600,3600,3600,3600,3600,3600,3600,3600,3600,3600
1937,1759181,32,10,1759181,24,130.29,387.37,305.4904166666666,60.17473898843592,8000.0,7637,16,0.934583,34,1,3354.939711111111,13845.42919130864,815.8233777777778,,189.37,130.29,287.38,243.88,339.92,341.0,347.05,355.47,387.37,382.85,375.68,361.24,352.16,329.98,330.64,341.86,288.44,268.07,283.83,293.32,292.84,271.28,277.88,259.97,1219,3600,3600,3600,3600,3600,3600,3600,3600,3600,3600,3600,3600,3600,3600,3600,3600,3600,3600,3600,3600,3600,3600,3600
1795,1780781,13,10,1780781,24,130.29,387.37,305.49041666666665,60.17473898843592,32000.0,29452,64,0.696171,46,1,94106.53395555555,777738.216428247,2970.784644444445,,347.05,355.47,387.37,382.85,375.68,361.24,352.16,329.98,330.64,341.86,288.44,268.07,283.83,293.32,292.84,271.28,277.88,259.97,189.37,130.29,287.38,243.88,339.92,341.0,1219,3600,3600,3600,3600,3600,3600,3600,3600,3600,3600,3600,3600,3600,3600,3600,3600,3600,3600,3600,3600,3600,3600,3600
2020,1802381,35,10,1802381,24,130.29,387.37,305.4904166666667,60.17473898843592,5000.0,34928,10,0.754416,52,1,14602.72772222222,169560.77886419752,3495.297777777778,,352.16,329.98,330.64,341.86,288.44,268.07,283.83,293.32,292.84,271.28,277.88,259.97,189.37,130.29,287.38,243.88,339.92,341.0,347.05,355.47,387.37,382.85,375.68,361.24,1219,3600,3600,3600,3600,3600,3600,3600,3600,3600,3600,3600,3600,3600,3600,3600,3600,3600,3600,3600,3600,3600,3600,3600
2008,1823981,30,2,1823981,24,130.29,387.37,305.49041666666665,60.17473898843592,32000.0,14357,64,0.911578,43,2,36288.49964444444,191787.21099446915,1502.825188888889,,283.83,293.32,292.84,271.28,277.88,259.97,189.37,130.29,287.38,243.88,339.92,341.0,347.05,355.47,387.37,382.85,375.68,361.24,352.16,329.98,330.64,341.86,288.44,268.07,1219,3600,3600,3600,3600,3600,3600,3600,3600,3600,3600,3600,3600,3600,3600,3600,3600,3600,3600,3600,3600,3600,3600,3600
1724,1828800,10,10,1828800,24,130.29,387.37,305.49041666666665,60.17473898843592,8000.0,25525,16,0.967071,42,3,13848.215555555553,147062.70503858026,2592.6823611111113,,292.84,271.28,277.88,259.97,189.37,130.29,287.38,243.88,339.92,341.0,347.05,355.47,387.37,382.85,375.68,361.24,352.16,329.98,330.64,341.86,288.44,268.07,283.83,293.32,3600,3600,3600,3600,3600,3600,3600,3600,3600,3600,3600,3600,3600,3600,3600,3600,3600,3600,3600,3600,3600,3600,3600,3600
1844,1850400,14,10,1850400,24,130.29,387.37,305.4904166666666,60.17473898843592,128000.0,11546,256,0.493912,39,2,120555.87555555557,501150.5709811358,1220.7569555555556,,287.38,243.88,339.92,341.0,347.05,355.47,387.37,382.85,375.68,361.24,352.16,329.98,330.64,341.86,288.44,268.07,283.83,293.32,292.84,271.28,277.88,259.97,189.37,130.29,3600,3600,3600,3600,3600,3600,3600,3600,3600,3600,3600,3600,3600,3600,3600,3600,3600,3600,3600,3600,3600,3600,3600,3600
1965,1875925,20,10,1875925,24,130.29,387.37,305.4904166666667,60.17473898843592,128000.0,15322,256,0.6735,29,1,198613.5754666667,883237.7538386175,1621.2675777777781,,382.85,375.68,361.24,352.16,329.98,330.64,341.86,288.44,268.07,283.83,293.32,292.84,271.28,277.88,259.97,189.37,130.29,287.38,243.88,339.92,341.0,347.05,355.47,387.37,3275,3600,3600,3600,3600,3600,3600,3600,3600,3600,3600,3600,3600,3600,3600,3600,3600,3600,3600,3600,3600,3600,3600,3600
2093,1897525,26,10,1897525,24,130.29,387.37,305.4904166666667,60.17473898843591,97000.0,36446,194,0.641694,27,1,268098.4371472222,3563399.0629675807,3628.6523111111114,,341.86,288.44,268.07,283.83,293.32,292.84,271.28,277.88,259.97,189.37,130.29,287.38,243.88,339.92,341.0,347.05,355.47,387.37,382.85,375.68,361.24,352.16,329.98,330.64,3275,3600,3600,3600,3600,3600,3600,3600,3600,3600,3600,3600,3600,3600,3600,3600,3600,3600,3600,3600,3600,3600,3600,3600
2065,1919125,24,10,1919125,24,130.29,387.37,305.49041666666665,60.17473898843592,128000.0,7343,256,0.35926,26,1,71483.5896888889,204988.58335130865,785.1428444444444,,271.28,277.88,259.97,189.37,130.29,287.38,243.88,339.92,341.0,347.05,355.47,387.37,382.85,375.68,361.24,352.16,329.98,330.64,341.86,288.44,268.07,283.83,293.32,292.84,3275,3600,3600,3600,3600,3600,3600,3600,3600,3600,3600,3600,3600,3600,3600,3600,3600,3600,3600,3600,3600,3600,3600,3600
2071,1955571,19,10,1955571,24,130.29,387.37,305.4904166666667,60.17473898843592,128000.0,7975,256,0.46949,20,1,106383.74151111112,241332.87308641974,851.0955555555555,,355.47,387.37,382.85,375.68,361.24,352.16,329.98,330.64,341.86,288.44,268.07,283.83,293.32,292.84,271.28,277.88,259.97,189.37,130.29,287.38,243.88,339.92,341.0,347.05,2829,3600,3600,3600,3600,3600,3600,3600,3600,3600,3600,3600,3600,3600,3600,3600,3600,3600,3600,3600,3600,3600,3600,3600
1693,1977171,9,0,1977171,24,130.29,387.37,305.4904166666667,60.17473898843592,128000.0,12681,256,0.199058,18,1,146469.55733333333,601766.045152,1334.6479000000002,,329.98,330.64,341.86,288.44,268.07,283.83,293.32,292.84,271.28,277.88,259.97,189.37,130.29,287.38,243.88,339.92,341.0,347.05,355.47,387.37,382.85,375.68,361.24,352.16,2829,3600,3600,3600,3600,3600,3600,3600,3600,3600,3600,3600,3600,3600,3600,3600,3600,3600,3600,3600,3600,3600,3600,3600
1946,1985146,14,10,1985146,24,130.29,387.37,305.4904166666667,60.17473898843591,128000.0,20212,256,0.420362,17,1,209082.40639999998,1494065.8337880496,2078.992755555556,,341.86,288.44,268.07,283.83,293.32,292.84,271.28,277.88,259.97,189.37,130.29,287.38,243.88,339.92,341.0,347.05,355.47,387.37,382.85,375.68,361.24,352.16,329.98,330.64,2054,3600,3600,3600,3600,3600,3600,3600,3600,3600,3600,3600,3600,3600,3600,3600,3600,3600,3600,3600,3600,3600,3600,3600
1589,2006746,6,10,2006746,24,130.29,387.37,305.49041666666665,60.17473898843592,128000.0,10899,256,0.346023,15,1,99732.72071111112,447908.830432,1155.8341,,271.28,277.88,259.97,189.37,130.29,287.38,243.88,339.92,341.0,347.05,355.47,387.37,382.85,375.68,361.24,352.16,329.98,330.64,341.86,288.44,268.07,283.83,293.32,292.84,2054,3600,3600,3600,3600,3600,3600,3600,3600,3600,3600,3600,3600,3600,3600,3600,3600,3600,3600,3600,3600,3600,3600,3600
1624,2028346,6,0,2028346,24,130.29,387.37,305.4904166666666,60.17473898843592,128000.0,8332,256,0.297434,14,1,93789.8496,263172.84527723456,888.3504888888889,,243.88,339.92,341.0,347.05,355.47,387.37,382.85,375.68,361.24,352.16,329.98,330.64,341.86,288.44,268.07,283.83,293.32,292.84,271.28,277.88,259.97,189.37,130.29,287.38,2054,3600,3600,3600,3600,3600,3600,3600,3600,3600,3600,3600,3600,3600,3600,3600,3600,3600,3600,3600,3600,3600,3600,3600
1743,2039245,6,10,2039245,24,130.29,387.37,305.49041666666665,60.17473898843592,128000.0,11223,256,0.410377,13,1,147357.88622222224,474197.46812800004,1188.3457,,347.05,355.47,387.37,382.85,375.68,361.24,352.16,329.98,330.64,341.86,288.44,268.07,283.83,293.32,292.84,271.28,277.88,259.97,189.37,130.29,287.38,243.88,339.92,341.0,1955,3600,3600,3600,3600,3600,3600,3600,3600,3600,3600,3600,3600,3600,3600,3600,3600,3600,3600,3600,3600,3600,3600,3600
2017,2060845,10,10,2060845,24,130.29,387.37,305.4904166666667,60.17473898843592,128000.0,29422,256,0.416325,11,1,321509.1584,3110149.4703826173,2973.045811111111,,352.16,329.98,330.64,341.86,288.44,268.07,283.83,293.32,292.84,271.28,277.88,259.97,189.37,130.29,287.38,243.88,339.92,341.0,347.05,355.47,387.37,382.85,375.68,361.24,1955,3600,3600,3600,3600,3600,3600,3600,3600,3600,3600,3600,3600,3600,3600,3600,3600,3600,3600,3600,3600,3600,3600,3600
1801,2082445,6,10,2082445,24,130.29,387.37,305.49041666666665,60.17473898843592,16000.0,52176,32,0.531041,10,1,66430.31297777778,1153362.553912889,4973.677066666667,,283.83,293.32,292.84,271.28,277.88,259.97,189.37,130.29,287.38,243.88,339.92,341.0,347.05,355.47,387.37,382.85,375.68,361.24,352.16,329.98,330.64,341.86,288.44,268.07,1955,3600,3600,3600,3600,3600,3600,3600,3600,3600,3600,3600,3600,3600,3600,3600,3600,3600,3600,3600,3600,3600,3600,3600
1413,2111867,2,9,2111867,24,130.29,387.37,305.4904166666666,60.17473898843592,64000.0,32996,128,0.429239,9,1,202682.6606222222,1936325.9101171356,3300.9556444444443,,287.38,243.88,339.92,341.0,347.05,355.47,387.37,382.85,375.68,361.24,352.16,329.98,330.64,341.86,288.44,268.07,283.83,293.32,292.84,271.28,277.88,259.97,189.37,130.29,1333,3600,3600,3600,3600,3600,3600,3600,3600,3600,3600,3600,3600,3600,3600,3600,3600,3600,3600,3600,3600,3600,3600,3600
2005,2122667,7,0,2122667,24,130.29,387.37,305.49041666666665,60.17473898843592,32000.0,25562,64,0.060958,8,2,82979.17902222223,589901.8681230617,2596.195922222222,,341.0,347.05,355.47,387.37,382.85,375.68,361.24,352.16,329.98,330.64,341.86,288.44,268.07,283.83,293.32,292.84,271.28,277.88,259.97,189.37,130.29,287.38,243.88,339.92,1333,3600,3600,3600,3600,3600,3600,3600,3600,3600,3600,3600,3600,3600,3600,3600,3600,3600,3600,3600,3600,3600,3600,3600
1368,2122667,0,0,2122667,24,130.29,387.37,305.49041666666665,60.17473898843592,59500.0,20658,119,0.147349,7,3,125404.6461111111,724728.4162152223,2122.621466666667,,341.0,347.05,355.47,387.37,382.85,375.68,361.24,352.16,329.98,330.64,341.86,288.44,268.07,283.83,293.32,292.84,271.28,277.88,259.97,189.37,130.29,287.38,243.88,339.92,1333,3600,3600,3600,3600,3600,3600,3600,3600,3600,3600,3600,3600,3600,3600,3600,3600,3600,3600,3600,3600,3600,3600,3600
1570,2155663,2,0,2155663,24,130.29,387.37,305.4904166666667,60.17473898843592,64000.0,19979,128,0.073751,6,2,105231.30595555555,730325.7484768395,2056.2001777777778,,330.64,341.86,288.44,268.07,283.83,293.32,292.84,271.28,277.88,259.97,189.37,130.29,287.38,243.88,339.92,341.0,347.05,355.47,387.37,382.85,375.68,361.24,352.16,329.98,737,3600,3600,3600,3600,3600,3600,3600,3600,3600,3600,3600,3600,3600,3600,3600,3600,3600,3600,3600,3600,3600,3600,3600
1816,2164043,3,10,2164043,24,130.29,387.37,305.49041666666665,60.17473898843592,500.0,43647,1,0.963914,5,2,1594.6726375000003,25955.66191851389,4281.640566666667,,268.07,283.83,293.32,292.84,271.28,277.88,259.97,189.37,130.29,287.38,243.88,339.92,341.0,347.05,355.47,387.37,382.85,375.68,361.24,352.16,329.98,330.64,341.86,288.44,3157,3600,3600,3600,3600,3600,3600,3600,3600,3600,3600,3600,3600,3600,3600,3600,3600,3600,3600,3600,3600,3600,3600,3600
1374,2185643,0,0,2185643,24,130.29,387.37,305.4904166666666,60.17473898843592,64000.0,23287,128,0.02667,4,1,103716.96515555555,984223.0827923459,2377.4014861111114,,259.97,189.37,130.29,287.38,243.88,339.92,341.0,347.05,355.47,387.37,382.85,375.68,361.24,352.16,329.98,330.64,341.86,288.44,268.07,283.83,293.32,292.84,271.28,277.88,3157,3600,3600,3600,3600,3600,3600,3600,3600,3600,3600,3600,3600,3600,3600,3600,3600,3600,3600,3600,3600,3600,3600,3600
1447,2185643,0,0,2185643,24,130.29,387.37,305.4904166666666,60.17473898843592,16000.0,61134,32,0.063101,3,2,85669.20519999998,1544876.9519746664,5685.82645,,259.97,189.37,130.29,287.38,243.88,339.92,341.0,347.05,355.47,387.37,382.85,375.68,361.24,352.16,329.98,330.64,341.86,288.44,268.07,283.83,293.32,292.84,271.28,277.88,3157,3600,3600,3600,3600,3600,3600,3600,3600,3600,3600,3600,3600,3600,3600,3600,3600,3600,3600,3600,3600,3600,3600,3600
1889,2185643,1,2,2185643,24,130.29,387.37,305.4904166666666,60.17473898843592,1000.0,53425,2,0.614625,2,3,4639.519980555555,75295.85525270062,5073.749722222223,,259.97,189.37,130.29,287.38,243.88,339.92,341.0,347.05,355.47,387.37,382.85,375.68,361.24,352.16,329.98,330.64,341.86,288.44,268.07,283.83,293.32,292.84,271.28,277.88,3157,3600,3600,3600,3600,3600,3600,3600,3600,3600,3600,3600,3600,3600,3600,3600,3600,3600,3600,3600,3600,3600,3600,3600
1765,2192400,0,0,2192400,24,130.29,387.37,305.49041666666665,60.17473898843592,2000.0,41310,4,0.246519,1,4,7438.812,93451.952475,4071.9805,,130.29,287.38,243.88,339.92,341.0,347.05,355.47,387.37,382.85,375.68,361.24,352.16,329.98,330.64,341.86,288.44,268.07,283.83,293.32,292.84,271.28,277.88,259.97,189.37,3600,3600,3600,3600,3600,3600,3600,3600,3600,3600,3600,3600,3600,3600,3600,3600,3600,3600,3600,3600,3600,3600,3600,3600
518,475933,0,0,475933,24,59.61,80.01,64.88416666666667,4.300313861284494,500.0,273,1,0.081906,1,0,2.2602125,0.23005653125000006,6.067425000000001,,59.61,61.07,61.9,61.46,60.13,61.44,59.99,60.7,63.58,64.78,65.33,67.07,65.65,65.84,64.51,69.2,67.4,65.18,62.68,70.36,80.01,65.81,66.71,66.81,2867,3600,3600,3600,3600,3600,3600,3600,3600,3600,3600,3600,3600,3600,3600,3600,3600,3600,3600,3600,3600,3600,3600,3600
519,476017,0,0,476017,24,59.61,80.01,64.88416666666667,4.300313861284494,1000.0,8944,2,0.019383,1,1,151.18681388888888,456.8733224691357,183.89355555555554,,59.61,61.07,61.9,61.46,60.13,61.44,59.99,60.7,63.58,64.78,65.33,67.07,65.65,65.84,64.51,69.2,67.4,65.18,62.68,70.36,80.01,65.81,66.71,66.81,2783,3600,3600,3600,3600,3600,3600,3600,3600,3600,3600,3600,3600,3600,3600,3600,3600,3600,3600,3600,3600,3600,3600,3600
520,476042,0,2,476042,24,59.61,80.01,64.88416666666667,4.300313861284494,2000.0,6619,4,0.539419,1,2,222.45126666666667,511.18786233950624,139.0146777777778,,59.61,61.07,61.9,61.46,60.13,61.44,59.99,60.7,63.58,64.78,65.33,67.07,65.65,65.84,64.51,69.2,67.4,65.18,62.68,70.36,80.01,65.81,66.71,66.81,2758,3600,3600,3600,3600,3600,3600,3600,3600,3600,3600,3600,3600,3600,3600,3600,3600,3600,3600,3600,3600,3600,3600,3600
541,479808,9,10,479808,24,59.61,80.01,64.88416666666666,4.300313861284494,2000.0,1976,4,0.819301,12,2,67.04128888888889,48.21066755555556,43.9166,,61.07,61.9,61.46,60.13,61.44,59.99,60.7,63.58,64.78,65.33,67.07,65.65,65.84,64.51,69.2,67.4,65.18,62.68,70.36,80.01,65.81,66.71,66.81,59.61,2592,3600,3600,3600,3600,3600,3600,3600,3600,3600,3600,3600,3600,3600,3600,3600,3600,3600,3600,3600,3600,3600,3600,3600
596,501408,11,1,501408,24,59.61,80.01,64.88416666666667,4.300313861284494,73500.0,17163,147,0.88032,12,1,22607.304562499998,118595.36476003125,338.446225,,60.7,63.58,64.78,65.33,67.07,65.65,65.84,64.51,69.2,67.4,65.18,62.68,70.36,80.01,65.81,66.71,66.81,59.61,61.07,61.9,61.46,60.13,61.44,59.99,2592,3600,3600,3600,3600,3600,3600,3600,3600,3600,3600,3600,3600,3600,3600,3600,3600,3600,3600,3600,3600,3600,3600,3600
559,503384,2,10,503384,24,59.61,80.01,64.88416666666667,4.300313861284494,64000.0,7104,128,0.782635,11,1,8059.801600000001,18753.768561777782,148.49373333333335,,60.7,63.58,64.78,65.33,67.07,65.65,65.84,64.51,69.2,67.4,65.18,62.68,70.36,80.01,65.81,66.71,66.81,59.61,61.07,61.9,61.46,60.13,61.44,59.99,616,3600,3600,3600,3600,3600,3600,3600,3600,3600,3600,3600,3600,3600,3600,3600,3600,3600,3600,3600,3600,3600,3600,3600
524,524984,0,7,524984,24,59.61,80.01,64.88416666666667,4.300313861284494,500.0,24387,1,0.781233,3,1,229.42321527777779,1600.3787823298612,472.49465833333335,,65.84,64.51,69.2,67.4,65.18,62.68,70.36,80.01,65.81,66.71,66.81,59.61,61.07,61.9,61.46,60.13,61.44,59.99,60.7,63.58,64.78,65.33,67.07,65.65,616,3600,3600,3600,3600,3600,3600,3600,3600,3600,3600,3600,3600,3600,3600,3600,3600,3600,3600,3600,3600,3600,3600,3600
540,527184,0,0,527184,24,59.61,80.01,64.88416666666667,4.300313861284494,128000.0,5391,256,0.114533,2,2,12928.0768,22045.902688000002,115.01410000000001,,64.51,69.2,67.4,65.18,62.68,70.36,80.01,65.81,66.71,66.81,59.61,61.07,61.9,61.46,60.13,61.44,59.99,60.7,63.58,64.78,65.33,67.07,65.65,65.84,2016,3600,3600,3600,3600,3600,3600,3600,3600,3600,3600,3600,3600,3600,3600,3600,3600,3600,3600,3600,3600,3600,3600,3600
605,551571,1,7,551571,24,59.61,80.01,64.88416666666667,4.300313861284494,99500.0,5263,199,0.690609,4,1,9633.496856944445,16366.445988316362,112.51241111111112,,65.81,66.71,66.81,59.61,61.07,61.9,61.46,60.13,61.44,59.99,60.7,63.58,64.78,65.33,67.07,65.65,65.84,64.51,69.2,67.4,65.18,62.68,70.36,80.01,2829,3600,3600,3600,3600,3600,3600,3600,3600,3600,3600,3600,3600,3600,3600,3600,3600,3600,3600,3600,3600,3600,3600,3600
611,556962,2,10,556962,24,59.61,80.01,64.88416666666667,4.300313861284494,16000.0,24244,32,0.691787,3,1,6681.9805333333325,50626.298052543214,469.8447888888889,,66.71,66.81,59.61,61.07,61.9,61.46,60.13,61.44,59.99,60.7,63.58,64.78,65.33,67.07,65.65,65.84,64.51,69.2,67.4,65.18,62.68,70.36,80.01,65.81,1038,3600,3600,3600,3600,3600,3600,3600,3600,3600,3600,3600,3600,3600,3600,3600,3600,3600,3600,3600,3600,3600,3600,3600
645,578562,7,10,578562,24,59.61,80.01,64.88416666666666,4.300313861284494,16000.0,5666,32,0.868461,9,1,1534.527377777778,3031.6580742716046,120.38882222222222,,60.13,61.44,59.99,60.7,63.58,64.78,65.33,67.07,65.65,65.84,64.51,69.2,67.4,65.18,62.68,70.36,80.01,65.81,66.71,66.81,59.61,61.07,61.9,61.46,1038,3600,3600,3600,3600,3600,3600,3600,3600,3600,3600,3600,3600,3600,3600,3600,3600,3600,3600,3600,3600,3600,3600,3600
647,600162,3,7,600162,24,59.61,80.01,64.88416666666667,4.300313861284494,4000.0,25230,8,0.87272,4,2,1861.7456666666665,13683.312955555557,488.1086666666667,,65.33,67.07,65.65,65.84,64.51,69.2,67.4,65.18,62.68,70.36,80.01,65.81,66.71,66.81,59.61,61.07,61.9,61.46,60.13,61.44,59.99,60.7,63.58,64.78,1038,3600,3600,3600,3600,3600,3600,3600,3600,3600,3600,3600,3600,3600,3600,3600,3600,3600,3600,3600,3600,3600,3600,3600
636,602362,2,0,602362,24,59.61,80.01,64.88416666666667,4.300313861284494,109500.0,13425,219,0.227483,3,3,26829.235575000002,109728.43106770833,268.7158333333333,,67.07,65.65,65.84,64.51,69.2,67.4,65.18,62.68,70.36,80.01,65.81,66.71,66.81,59.61,61.07,61.9,61.46,60.13,61.44,59.99,60.7,63.58,64.78,65.33,2438,3600,3600,3600,3600,3600,3600,3600,3600,3600,3600,3600,3600,3600,3600,3600,3600,3600,3600,3600,3600,3600,3600,3600
624,605828,1,0,605828,24,59.61,80.01,64.88416666666667,4.300313861284494,500.0,72617,1,0.119555,2,2,653.3829027777779,13432.498202207948,1331.8367194444445,,65.65,65.84,64.51,69.2,67.4,65.18,62.68,70.36,80.01,65.81,66.71,66.81,59.61,61.07,61.9,61.46,60.13,61.44,59.99,60.7,63.58,64.78,65.33,67.07,2572,3600,3600,3600,3600,3600,3600,3600,3600,3600,3600,3600,3600,3600,3600,3600,3600,3600,3600,3600,3600,3600,3600,3600
572,605828,0,6,605828,24,59.61,80.01,64.88416666666667,4.300313861284494,2000.0,80391,4,0.435487,1,3,2892.6839277777776,65341.4925405139,1463.0330083333336,,65.65,65.84,64.51,69.2,67.4,65.18,62.68,70.36,80.01,65.81,66.71,66.81,59.61,61.07,61.9,61.46,60.13,61.44,59.99,60.7,63.58,64.78,65.33,67.07,2572,3600,3600,3600,3600,3600,3600,3600,3600,3600,3600,3600,3600,3600,3600,3600,3600,3600,3600,3600,3600,3600,3600,3600
648,642900,0,7,642900,24,59.61,80.01,64.88416666666667,4.300313861284494,1000.0,3,2,0.574064,1,2,0.055591666666666664,5.5562500000000016e-05,0.06667500000000001,,66.71,66.81,59.61,61.07,61.9,61.46,60.13,61.44,59.99,60.7,63.58,64.78,65.33,67.07,65.65,65.84,64.51,69.2,67.4,65.18,62.68,70.36,80.01,65.81,1500,3600,3600,3600,3600,3600,3600,3600,3600,3600,3600,3600,3600,3600,3600,3600,3600,3600,3600,3600,3600,3600,3600,3600
658,645100,2,10,645100,24,59.61,80.01,64.88416666666667,4.300313861284494,32000.0,33663,64,0.629446,5,3,18393.213688888893,192492.01844911114,643.2983416666667,,66.81,59.61,61.07,61.9,61.46,60.13,61.44,59.99,60.7,63.58,64.78,65.33,67.07,65.65,65.84,64.51,69.2,67.4,65.18,62.68,70.36,80.01,65.81,66.71,2900,3600,3600,3600,3600,3600,3600,3600,3600,3600,3600,3600,3600,3600,3600,3600,3600,3600,3600,3600,3600,3600,3600,3600
709,666700,11,0,666700,24,59.61,80.01,64.88416666666667,4.300313861284494,4000.0,16299,8,0.288611,12,3,1122.1235777777777,5837.74808675,322.349425,,61.44,59.99,60.7,63.58,64.78,65.33,67.07,65.65,65.84,64.51,69.2,67.4,65.18,62.68,70.36,80.01,65.81,66.71,66.81,59.61,61.07,61.9,61.46,60.13,2900,3600,3600,3600,3600,3600,3600,3600,3600,3600,3600,3600,3600,3600,3600,3600,3600,3600,3600,3600,3600,3600,3600,3600
654,666700,0,10,666700,24,59.61,80.01,64.88416666666667,4.300313861284494,128000.0,16258,256,0.477729,11,4,35813.519644444445,185896.47051338272,321.58557222222225,,61.44,59.99,60.7,63.58,64.78,65.33,67.07,65.65,65.84,64.51,69.2,67.4,65.18,62.68,70.36,80.01,65.81,66.71,66.81,59.61,61.07,61.9,61.46,60.13,2900,3600,3600,3600,3600,3600,3600,3600,3600,3600,3600,3600,3600,3600,3600,3600,3600,3600,3600,3600,3600,3600,3600,3600
687,700363,1,10,700363,24,59.61,80.01,64.88416666666667,4.300313861284494,64000.0,7790,128,0.593811,3,1,9365.24568888889,22395.19209876543,161.7111111111111,,64.51,69.2,67.4,65.18,62.68,70.36,80.01,65.81,66.71,66.81,59.61,61.07,61.9,61.46,60.13,61.44,59.99,60.7,63.58,64.78,65.33,67.07,65.65,65.84,1637,3600,3600,3600,3600,3600,3600,3600,3600,3600,3600,3600,3600,3600,3600,3600,3600,3600,3600,3600,3600,3600,3600,3600
700,721963,1,10,721963,24,59.61,80.01,64.88416666666667,4.300313861284494,109000.0,6488,218,0.544562,3,1,13665.77145,28326.143387111115,144.19580000000002,,80.01,65.81,66.71,66.81,59.61,61.07,61.9,61.46,60.13,61.44,59.99,60.7,63.58,64.78,65.33,67.07,65.65,65.84,64.51,69.2,67.4,65.18,62.68,70.36,1637,3600,3600,3600,3600,3600,3600,3600,3600,3600,3600,3600,3600,3600,3600,3600,3600,3600,3600,3600,3600,3600,3600,3600
778,743563,5,10,743563,24,59.61,80.01,64.88416666666666,4.300313861284494,4000.0,10595,8,0.91293,9,1,718.9620222222222,2538.437737654321,215.62944444444446,,61.9,61.46,60.13,61.44,59.99,60.7,63.58,64.78,65.33,67.07,65.65,65.84,64.51,69.2,67.4,65.18,62.68,70.36,80.01,65.81,66.71,66.81,59.61,61.07,1637,3600,3600,3600,3600,3600,3600,3600,3600,3600,3600,3600,3600,3600,3600,3600,3600,3600,3600,3600,3600,3600,3600,3600
803,765163,11,10,765163,24,59.61,80.01,64.88416666666667,4.300313861284494,6500.0,12841,13,0.586938,21,1,1517.4810805555555,5976.712761118826,257.78205555555553,,63.58,64.78,65.33,67.07,65.65,65.84,64.51,69.2,67.4,65.18,62.68,70.36,80.01,65.81,66.71,66.81,59.61,61.07,61.9,61.46,60.13,61.44,59.99,60.7,1637,3600,3600,3600,3600,3600,3600,3600,3600,3600,3600,3600,3600,3600,3600,3600,3600,3600,3600,3600,3600,3600,3600,3600
815,786763,9,10,786763,24,59.61,80.01,64.88416666666667,4.300313861284494,101500.0,11470,203,0.571798,18,1,21681.01492083333,75063.37500385802,232.11388888888888,,64.51,69.2,67.4,65.18,62.68,70.36,80.01,65.81,66.71,66.81,59.61,61.07,61.9,61.46,60.13,61.44,59.99,60.7,63.58,64.78,65.33,67.07,65.65,65.84,1637,3600,3600,3600,3600,3600,3600,3600,3600,3600,3600,3600,3600,3600,3600,3600,3600,3600,3600,3600,3600,3600,3600,3600
866,808363,19,10,808363,24,59.61,80.01,64.88416666666667,4.300313861284494,64000.0,15046,128,0.796143,22,1,17850.43306666667,83368.0953402469,311.6745555555555,,80.01,65.81,66.71,66.81,59.61,61.07,61.9,61.46,60.13,61.44,59.99,60.7,63.58,64.78,65.33,67.07,65.65,65.84,64.51,69.2,67.4,65.18,62.68,70.36,1637,3600,3600,3600,3600,3600,3600,3600,3600,3600,3600,3600,3600,3600,3600,3600,3600,3600,3600,3600,3600,3600,3600,3600
799,829963,8,7,829963,24,59.61,80.01,64.88416666666666,4.300313861284494,128000.0,21038,256,0.507738,23,1,45646.14684444445,307001.61842607404,410.42021666666665,,61.9,61.46,60.13,61.44,59.99,60.7,63.58,64.78,65.33,67.07,65.65,65.84,64.51,69.2,67.4,65.18,62.68,70.36,80.01,65.81,66.71,66.81,59.61,61.07,1637,3600,3600,3600,3600,3600,3600,3600,3600,3600,3600,3600,3600,3600,3600,3600,3600,3600,3600,3600,3600,3600,3600,3600
822,845009,8,10,845009,24,59.61,80.01,64.88416666666667,4.300313861284494,8500.0,25486,17,0.386079,21,1,3880.8471013888884,29653.812578506175,492.7906222222222,,59.99,60.7,63.58,64.78,65.33,67.07,65.65,65.84,64.51,69.2,67.4,65.18,62.68,70.36,80.01,65.81,66.71,66.81,59.61,61.07,61.9,61.46,60.13,61.44,991,3600,3600,3600,3600,3600,3600,3600,3600,3600,3600,3600,3600,3600,3600,3600,3600,3600,3600,3600,3600,3600,3600,3600
906,866609,24,10,866609,24,59.61,80.01,64.88416666666667,4.300313861284494,128000.0,10533,256,0.565929,30,1,24760.375111111112,80308.33575111111,214.43766666666667,,65.65,65.84,64.51,69.2,67.4,65.18,62.68,70.36,80.01,65.81,66.71,66.81,59.61,61.07,61.9,61.46,60.13,61.44,59.99,60.7,63.58,64.78,65.33,67.07,991,3600,3600,3600,3600,3600,3600,3600,3600,3600,3600,3600,3600,3600,3600,3600,3600,3600,3600,3600,3600,3600,3600,3600
861,892095,11,8,892095,24,59.61,80.01,64.88416666666667,4.300313861284494,128000.0,6643,256,0.872579,24,1,17475.682844444447,32945.440510024695,139.48374444444445,,70.36,80.01,65.81,66.71,66.81,59.61,61.07,61.9,61.46,60.13,61.44,59.99,60.7,63.58,64.78,65.33,67.07,65.65,65.84,64.51,69.2,67.4,65.18,62.68,705,3600,3600,3600,3600,3600,3600,3600,3600,3600,3600,3600,3600,3600,3600,3600,3600,3600,3600,3600,3600,3600,3600,3600
912,902628,14,10,902628,24,59.61,80.01,64.88416666666667,4.300313861284494,128000.0,4292,256,0.904155,45,1,10192.046933333335,14273.819407802472,93.53475555555556,,66.71,66.81,59.61,61.07,61.9,61.46,60.13,61.44,59.99,60.7,63.58,64.78,65.33,67.07,65.65,65.84,64.51,69.2,67.4,65.18,62.68,70.36,80.01,65.81,972,3600,3600,3600,3600,3600,3600,3600,3600,3600,3600,3600,3600,3600,3600,3600,3600,3600,3600,3600,3600,3600,3600,3600
1026,924228,34,7,924228,24,59.61,80.01,64.88416666666666,4.300313861284494,13000.0,10233,26,0.900531,40,1,2241.40605,7710.9151274999995,208.671,,60.13,61.44,59.99,60.7,63.58,64.78,65.33,67.07,65.65,65.84,64.51,69.2,67.4,65.18,62.68,70.36,80.01,65.81,66.71,66.81,59.61,61.07,61.9,61.46,972,3600,3600,3600,3600,3600,3600,3600,3600,3600,3600,3600,3600,3600,3600,3600,3600,3600,3600,3600,3600,3600,3600,3600
921,928520,14,10,928520,24,59.61,80.01,64.88416666666667,4.300313861284494,59000.0,30081,118,0.659182,46,1,31603.705802777782,284367.60932354856,576.8173916666666,,61.44,59.99,60.7,63.58,64.78,65.33,67.07,65.65,65.84,64.51,69.2,67.4,65.18,62.68,70.36,80.01,65.81,66.71,66.81,59.61,61.07,61.9,61.46,60.13,280,3600,3600,3600,3600,3600,3600,3600,3600,3600,3600,3600,3600,3600,3600,3600,3600,3600,3600,3600,3600,3600,3600,3600
781,950120,4,10,950120,24,59.61,80.01,64.88416666666667,4.300313861284494,64000.0,75206,128,0.832143,30,1,86614.58986666668,1841278.4957556545,1377.176227777778,,67.07,65.65,65.84,64.51,69.2,67.4,65.18,62.68,70.36,80.01,65.81,66.71,66.81,59.61,61.07,61.9,61.46,60.13,61.44,59.99,60.7,63.58,64.78,65.33,280,3600,3600,3600,3600,3600,3600,3600,3600,3600,3600,3600,3600,3600,3600,3600,3600,3600,3600,3600,3600,3600,3600,3600
851,971720,8,10,971720,24,59.61,80.01,64.88416666666667,4.300313861284494,128000.0,12845,256,0.872383,30,2,32049.246222222224,117766.13160493826,257.8569444444444,,65.18,62.68,70.36,80.01,65.81,66.71,66.81,59.61,61.07,61.9,61.46,60.13,61.44,59.99,60.7,63.58,64.78,65.33,67.07,65.65,65.84,64.51,69.2,67.4,280,3600,3600,3600,3600,3600,3600,3600,3600,3600,3600,3600,3600,3600,3600,3600,3600,3600,3600,3600,3600,3600,3600,3600
1028,1046926,12,10,1046926,24,59.61,80.01,64.88416666666667,4.300313861284494,112000.0,29897,224,0.858406,18,1,63535.12262222222,533385.9174025062,573.4537694444444,,64.51,69.2,67.4,65.18,62.68,70.36,80.01,65.81,66.71,66.81,59.61,61.07,61.9,61.46,60.13,61.44,59.99,60.7,63.58,64.78,65.33,67.07,65.65,65.84,674,3600,3600,3600,3600,3600,3600,3600,3600,3600,3600,3600,3600,3600,3600,3600,3600,3600,3600,3600,3600,3600,3600,3600
995,1068526,8,10,1068526,24,59.61,80.01,64.88416666666667,4.300313861284494,128000.0,10685,256,0.951522,15,1,25557.392,86670.02934320987,228.1323888888889,,80.01,65.81,66.71,66.81,59.61,61.07,61.9,61.46,60.13,61.44,59.99,60.7,63.58,64.78,65.33,67.07,65.65,65.84,64.51,69.2,67.4,65.18,62.68,70.36,674,3600,3600,3600,3600,3600,3600,3600,3600,3600,3600,3600,3600,3600,3600,3600,3600,3600,3600,3600,3600,3600,3600,3600
1055,1098423,11,10,1098423,24,59.61,80.01,64.88416666666667,4.300313861284494,128000.0,9172,256,0.964026,26,1,19787.92462222222,61399.80480790124,188.27622222222223,,61.44,59.99,60.7,63.58,64.78,65.33,67.07,65.65,65.84,64.51,69.2,67.4,65.18,62.68,70.36,80.01,65.81,66.71,66.81,59.61,61.07,61.9,61.46,60.13,3177,3600,3600,3600,3600,3600,3600,3600,3600,3600,3600,3600,3600,3600,3600,3600,3600,3600,3600,3600,3600,3600,3600,3600
997,1120023,9,10,1120023,24,59.61,80.01,64.88416666666667,4.300313861284494,65000.0,11406,130,0.37053,19,1,13592.694916666667,47555.15725277778,230.91566666666668,,67.07,65.65,65.84,64.51,69.2,67.4,65.18,62.68,70.36,80.01,65.81,66.71,66.81,59.61,61.07,61.9,61.46,60.13,61.44,59.99,60.7,63.58,64.78,65.33,3177,3600,3600,3600,3600,3600,3600,3600,3600,3600,3600,3600,3600,3600,3600,3600,3600,3600,3600,3600,3600,3600,3600,3600
1162,1141623,12,0,1141623,24,59.61,80.01,64.88416666666667,4.300313861284494,32000.0,15556,64,0.283246,19,1,9581.96311111111,42658.96606301234,308.5069222222222,,65.18,62.68,70.36,80.01,65.81,66.71,66.81,59.61,61.07,61.9,61.46,60.13,61.44,59.99,60.7,63.58,64.78,65.33,67.07,65.65,65.84,64.51,69.2,67.4,3177,3600,3600,3600,3600,3600,3600,3600,3600,3600,3600,3600,3600,3600,3600,3600,3600,3600,3600,3600,3600,3600,3600,3600
751,1141623,1,10,1141623,24,59.61,80.01,64.88416666666667,4.300313861284494,128000.0,27396,256,0.323274,18,2,65698.256,514043.83539200004,527.7224,,65.18,62.68,70.36,80.01,65.81,66.71,66.81,59.61,61.07,61.9,61.46,60.13,61.44,59.99,60.7,63.58,64.78,65.33,67.07,65.65,65.84,64.51,69.2,67.4,3177,3600,3600,3600,3600,3600,3600,3600,3600,3600,3600,3600,3600,3600,3600,3600,3600,3600,3600,3600,3600,3600,3600,3600
1217,1163223,13,1,1163223,24,59.61,80.01,64.88416666666667,4.300313861284494,128000.0,11288,256,0.815037,25,1,24998.907377777778,91791.58559604938,228.70644444444443,,66.81,59.61,61.07,61.9,61.46,60.13,61.44,59.99,60.7,63.58,64.78,65.33,67.07,65.65,65.84,64.51,69.2,67.4,65.18,62.68,70.36,80.01,65.81,66.71,3177,3600,3600,3600,3600,3600,3600,3600,3600,3600,3600,3600,3600,3600,3600,3600,3600,3600,3600,3600,3600,3600,3600,3600
1280,1190619,60,10,1190619,24,59.61,80.01,64.88416666666667,4.300313861284494,38500.0,3921,77,0.647305,95,1,2537.8792541666667,3618.129997319444,86.28376666666666,,59.99,60.7,63.58,64.78,65.33,67.07,65.65,65.84,64.51,69.2,67.4,65.18,62.68,70.36,80.01,65.81,66.71,66.81,59.61,61.07,61.9,61.46,60.13,61.44,981,3600,3600,3600,3600,3600,3600,3600,3600,3600,3600,3600,3600,3600,3600,3600,3600,3600,3600,3600,3600,3600,3600,3600
1320,1212219,35,6,1212219,24,59.61,80.01,64.88416666666667,4.300313861284494,128000.0,16915,256,0.770875,45,1,40014.53404444444,200770.28287160496,333.82584722222225,,65.65,65.84,64.51,69.2,67.4,65.18,62.68,70.36,80.01,65.81,66.71,66.81,59.61,61.07,61.9,61.46,60.13,61.44,59.99,60.7,63.58,64.78,65.33,67.07,981,3600,3600,3600,3600,3600,3600,3600,3600,3600,3600,3600,3600,3600,3600,3600,3600,3600,3600,3600,3600,3600,3600,3600
1339,1216140,40,10,1216140,24,59.61,80.01,64.88416666666667,4.300313861284494,64000.0,30512,128,0.748537,44,1,36909.74791111112,317167.8070960987,584.7105777777778,,65.84,64.51,69.2,67.4,65.18,62.68,70.36,80.01,65.81,66.71,66.81,59.61,61.07,61.9,61.46,60.13,61.44,59.99,60.7,63.58,64.78,65.33,67.07,65.65,660,3600,3600,3600,3600,3600,3600,3600,3600,3600,3600,3600,3600,3600,3600,3600,3600,3600,3600,3600,3600,3600,3600,3600
1005,1237740,8,10,1237740,24,59.61,80.01,64.88416666666667,4.300313861284494,64000.0,16765,128,0.358674,50,1,20510.162666666667,99608.85424691357,334.2080555555556,,70.36,80.01,65.81,66.71,66.81,59.61,61.07,61.9,61.46,60.13,61.44,59.99,60.7,63.58,64.78,65.33,67.07,65.65,65.84,64.51,69.2,67.4,65.18,62.68,660,3600,3600,3600,3600,3600,3600,3600,3600,3600,3600,3600,3600,3600,3600,3600,3600,3600,3600,3600,3600,3600,3600,3600
1413,1259340,39,11,1259340,24,59.61,80.01,64.88416666666666,4.300313861284494,64000.0,32996,128,0.429239,50,2,36438.06364444444,369601.37810567894,630.0787222222222,,61.07,61.9,61.46,60.13,61.44,59.99,60.7,63.58,64.78,65.33,67.07,65.65,65.84,64.51,69.2,67.4,65.18,62.68,70.36,80.01,65.81,66.71,66.81,59.61,660,3600,3600,3600,3600,3600,3600,3600,3600,3600,3600,3600,3600,3600,3600,3600,3600,3600,3600,3600,3600,3600,3600,3600
826,1302540,3,7,1302540,24,59.61,80.01,64.88416666666667,4.300313861284494,16000.0,32321,32,0.495329,36,1,9763.785377777778,88745.59084869134,617.7951777777777,,65.84,64.51,69.2,67.4,65.18,62.68,70.36,80.01,65.81,66.71,66.81,59.61,61.07,61.9,61.46,60.13,61.44,59.99,60.7,63.58,64.78,65.33,67.07,65.65,660,3600,3600,3600,3600,3600,3600,3600,3600,3600,3600,3600,3600,3600,3600,3600,3600,3600,3600,3600,3600,3600,3600,3600
1479,1304740,31,10,1304740,24,59.61,80.01,64.88416666666667,4.300313861284494,89000.0,5794,178,0.602453,35,2,9667.432166666667,17602.905084061727,122.89051111111112,,64.51,69.2,67.4,65.18,62.68,70.36,80.01,65.81,66.71,66.81,59.61,61.07,61.9,61.46,60.13,61.44,59.99,60.7,63.58,64.78,65.33,67.07,65.65,65.84,2060,3600,3600,3600,3600,3600,3600,3600,3600,3600,3600,3600,3600,3600,3600,3600,3600,3600,3600,3600,3600,3600,3600,3600
1390,1335536,21,2,1335536,24,59.61,80.01,64.88416666666667,4.300313861284494,64000.0,15281,128,0.705536,40,2,16929.533511111113,82417.84107787655,303.38351944444446,,66.71,66.81,59.61,61.07,61.9,61.46,60.13,61.44,59.99,60.7,63.58,64.78,65.33,67.07,65.65,65.84,64.51,69.2,67.4,65.18,62.68,70.36,80.01,65.81,64,3600,3600,3600,3600,3600,3600,3600,3600,3600,3600,3600,3600,3600,3600,3600,3600,3600,3600,3600,3600,3600,3600,3600
1488,1341330,26,10,1341330,24,59.61,80.01,64.88416666666667,4.300313861284494,27500.0,46393,55,0.689765,39,1,22246.193902777777,309321.7472562539,872.8262611111112,,59.61,61.07,61.9,61.46,60.13,61.44,59.99,60.7,63.58,64.78,65.33,67.07,65.65,65.84,64.51,69.2,67.4,65.18,62.68,70.36,80.01,65.81,66.71,66.81,1470,3600,3600,3600,3600,3600,3600,3600,3600,3600,3600,3600,3600,3600,3600,3600,3600,3600,3600,3600,3600,3600,3600,3600
1529,1362930,30,10,1362930,24,59.61,80.01,64.88416666666667,4.300313861284494,100000.0,8757,200,0.446273,32,1,15034.143333333333,43857.73175,180.299,,59.99,60.7,63.58,64.78,65.33,67.07,65.65,65.84,64.51,69.2,67.4,65.18,62.68,70.36,80.01,65.81,66.71,66.81,59.61,61.07,61.9,61.46,60.13,61.44,1470,3600,3600,3600,3600,3600,3600,3600,3600,3600,3600,3600,3600,3600,3600,3600,3600,3600,3600,3600,3600,3600,3600,3600
1535,1384530,28,7,1384530,24,59.61,80.01,64.88416666666667,4.300313861284494,64000.0,16498,128,0.852826,29,2,19528.15182222222,95631.7658285432,326.05690555555555,,65.65,65.84,64.51,69.2,67.4,65.18,62.68,70.36,80.01,65.81,66.71,66.81,59.61,61.07,61.9,61.46,60.13,61.44,59.99,60.7,63.58,64.78,65.33,67.07,1470,3600,3600,3600,3600,3600,3600,3600,3600,3600,3600,3600,3600,3600,3600,3600,3600,3600,3600,3600,3600,3600,3600,3600
1328,1393287,15,0,1393287,24,59.61,80.01,64.88416666666667,4.300313861284494,128000.0,6967,256,0.162247,28,2,16920.860444444446,36120.927230024696,145.81614444444446,,69.2,67.4,65.18,62.68,70.36,80.01,65.81,66.71,66.81,59.61,61.07,61.9,61.46,60.13,61.44,59.99,60.7,63.58,64.78,65.33,67.07,65.65,65.84,64.51,3513,3600,3600,3600,3600,3600,3600,3600,3600,3600,3600,3600,3600,3600,3600,3600,3600,3600,3600,3600,3600,3600,3600,3600
1514,1409785,25,10,1409785,24,59.61,80.01,64.88416666666667,4.300313861284494,89500.0,20621,179,0.948824,27,1,34642.21358055555,208222.73222016706,406.16068611111115,,70.36,80.01,65.81,66.71,66.81,59.61,61.07,61.9,61.46,60.13,61.44,59.99,60.7,63.58,64.78,65.33,67.07,65.65,65.84,64.51,69.2,67.4,65.18,62.68,1415,3600,3600,3600,3600,3600,3600,3600,3600,3600,3600,3600,3600,3600,3600,3600,3600,3600,3600,3600,3600,3600,3600,3600
1299,1431385,13,9,1431385,24,59.61,80.01,64.88416666666666,4.300313861284494,128000.0,12363,256,0.376679,24,1,26882.53048888889,109380.2779911111,248.83283333333333,,61.07,61.9,61.46,60.13,61.44,59.99,60.7,63.58,64.78,65.33,67.07,65.65,65.84,64.51,69.2,67.4,65.18,62.68,70.36,80.01,65.81,66.71,66.81,59.61,1415,3600,3600,3600,3600,3600,3600,3600,3600,3600,3600,3600,3600,3600,3600,3600,3600,3600,3600,3600,3600,3600,3600,3600
902,1452006,3,0,1452006,24,59.61,80.01,64.88416666666667,4.300313861284494,128000.0,8973,256,0.295231,23,1,20166.5216,58847.24704000001,184.45100000000002,,60.7,63.58,64.78,65.33,67.07,65.65,65.84,64.51,69.2,67.4,65.18,62.68,70.36,80.01,65.81,66.71,66.81,59.61,61.07,61.9,61.46,60.13,61.44,59.99,2394,3600,3600,3600,3600,3600,3600,3600,3600,3600,3600,3600,3600,3600,3600,3600,3600,3600,3600,3600,3600,3600,3600,3600
790,1464369,1,10,1464369,24,59.61,80.01,64.88416666666667,4.300313861284494,128000.0,36702,256,0.383586,22,1,88334.50453333334,910339.2477760001,697.5993500000001,,65.33,67.07,65.65,65.84,64.51,69.2,67.4,65.18,62.68,70.36,80.01,65.81,66.71,66.81,59.61,61.07,61.9,61.46,60.13,61.44,59.99,60.7,63.58,64.78,831,3600,3600,3600,3600,3600,3600,3600,3600,3600,3600,3600,3600,3600,3600,3600,3600,3600,3600,3600,3600,3600,3600,3600
1357,1485969,11,0,1485969,24,59.61,80.01,64.88416666666667,4.300313861284494,128000.0,9475,256,0.250003,20,1,21969.96408888889,65390.32049382717,194.10055555555556,,67.4,65.18,62.68,70.36,80.01,65.81,66.71,66.81,59.61,61.07,61.9,61.46,60.13,61.44,59.99,60.7,63.58,64.78,65.33,67.07,65.65,65.84,64.51,69.2,831,3600,3600,3600,3600,3600,3600,3600,3600,3600,3600,3600,3600,3600,3600,3600,3600,3600,3600,3600,3600,3600,3600,3600
1368,1522671,11,0,1522671,24,59.61,80.01,64.88416666666666,4.300313861284494,59500.0,20658,119,0.147349,19,1,20860.880483333334,137722.28945154167,403.36805000000004,,61.9,61.46,60.13,61.44,59.99,60.7,63.58,64.78,65.33,67.07,65.65,65.84,64.51,69.2,67.4,65.18,62.68,70.36,80.01,65.81,66.71,66.81,59.61,61.07,129,3600,3600,3600,3600,3600,3600,3600,3600,3600,3600,3600,3600,3600,3600,3600,3600,3600,3600,3600,3600,3600,3600,3600
1509,1532146,15,7,1532146,24,59.61,80.01,64.88416666666667,4.300313861284494,64000.0,13448,128,0.366328,18,1,14756.499199999998,64346.33573135803,269.14644444444446,,61.44,59.99,60.7,63.58,64.78,65.33,67.07,65.65,65.84,64.51,69.2,67.4,65.18,62.68,70.36,80.01,65.81,66.71,66.81,59.61,61.07,61.9,61.46,60.13,1454,3600,3600,3600,3600,3600,3600,3600,3600,3600,3600,3600,3600,3600,3600,3600,3600,3600,3600,3600,3600,3600,3600,3600
1268,1534346,9,0,1534346,24,59.61,80.01,64.88416666666667,4.300313861284494,86500.0,13195,173,0.172559,17,2,19753.07848888889,83830.18434124229,264.40972222222223,,59.99,60.7,63.58,64.78,65.33,67.07,65.65,65.84,64.51,69.2,67.4,65.18,62.68,70.36,80.01,65.81,66.71,66.81,59.61,61.07,61.9,61.46,60.13,61.44,2854,3600,3600,3600,3600,3600,3600,3600,3600,3600,3600,3600,3600,3600,3600,3600,3600,3600,3600,3600,3600,3600,3600,3600
854,1552804,1,6,1552804,24,59.61,80.01,64.88416666666667,4.300313861284494,500.0,107069,1,0.631161,16,1,969.700813888889,28357.286982994217,1906.924191666667,,67.07,65.65,65.84,64.51,69.2,67.4,65.18,62.68,70.36,80.01,65.81,66.71,66.81,59.61,61.07,61.9,61.46,60.13,61.44,59.99,60.7,63.58,64.78,65.33,2396,3600,3600,3600,3600,3600,3600,3600,3600,3600,3600,3600,3600,3600,3600,3600,3600,3600,3600,3600,3600,3600,3600,3600
1203,1553904,5,10,1553904,24,59.61,80.01,64.88416666666667,4.300313861284494,16000.0,25840,32,0.588871,15,2,7570.936177777778,57396.90540246914,499.7795555555556,,67.07,65.65,65.84,64.51,69.2,67.4,65.18,62.68,70.36,80.01,65.81,66.71,66.81,59.61,61.07,61.9,61.46,60.13,61.44,59.99,60.7,63.58,64.78,65.33,1296,3600,3600,3600,3600,3600,3600,3600,3600,3600,3600,3600,3600,3600,3600,3600,3600,3600,3600,3600,3600,3600,3600,3600
1523,1575504,13,10,1575504,24,59.61,80.01,64.88416666666667,4.300313861284494,6500.0,33237,13,0.735675,14,2,3968.4615749999994,38075.555328281254,634.4736250000001,,65.18,62.68,70.36,80.01,65.81,66.71,66.81,59.61,61.07,61.9,61.46,60.13,61.44,59.99,60.7,63.58,64.78,65.33,67.07,65.65,65.84,64.51,69.2,67.4,1296,3600,3600,3600,3600,3600,3600,3600,3600,3600,3600,3600,3600,3600,3600,3600,3600,3600,3600,3600,3600,3600,3600,3600
1298,1597104,7,10,1597104,24,59.61,80.01,64.88416666666667,4.300313861284494,128000.0,16454,256,0.309582,13,3,35936.29511111111,190273.85773945684,325.23716111111116,,66.81,59.61,61.07,61.9,61.46,60.13,61.44,59.99,60.7,63.58,64.78,65.33,67.07,65.65,65.84,64.51,69.2,67.4,65.18,62.68,70.36,80.01,65.81,66.71,1296,3600,3600,3600,3600,3600,3600,3600,3600,3600,3600,3600,3600,3600,3600,3600,3600,3600,3600,3600,3600,3600,3600,3600
977,1660973,1,0,1660973,24,59.61,80.01,64.88416666666667,4.300313861284494,128000.0,11752,256,0.139777,3,1,28804.377244444444,99194.63341827161,237.39355555555557,,65.18,62.68,70.36,80.01,65.81,66.71,66.81,59.61,61.07,61.9,61.46,60.13,61.44,59.99,60.7,63.58,64.78,65.33,67.07,65.65,65.84,64.51,69.2,67.4,2227,3600,3600,3600,3600,3600,3600,3600,3600,3600,3600,3600,3600,3600,3600,3600,3600,3600,3600,3600,3600,3600,3600,3600
1160,1677427,1,0,1677427,24,59.61,80.01,64.88416666666667,4.300313861284494,128000.0,8966,256,0.113818,2,1,20871.67502222222,58758.44412049383,184.31644444444444,,65.81,66.71,66.81,59.61,61.07,61.9,61.46,60.13,61.44,59.99,60.7,63.58,64.78,65.33,67.07,65.65,65.84,64.51,69.2,67.4,65.18,62.68,70.36,80.01,173,3600,3600,3600,3600,3600,3600,3600,3600,3600,3600,3600,3600,3600,3600,3600,3600,3600,3600,3600,3600,3600,3600,3600
681,1689179,0,10,1689179,24,59.61,80.01,64.88416666666666,4.300313861284494,8000.0,124707,16,0.660428,1,1,17775.032199999998,607733.2582511668,2192.9800750000004,,61.07,61.9,61.46,60.13,61.44,59.99,60.7,63.58,64.78,65.33,67.07,65.65,65.84,64.51,69.2,67.4,65.18,62.68,70.36,80.01,65.81,66.71,66.81,59.61,2821,3600,3600,3600,3600,3600,3600,3600,3600,3600,3600,3600,3600,3600,3600,3600,3600,3600,3600,3600,3600,3600,3600,3600
